CD41_APCH7,MICB_647,Zombie_violet,PVR_PECy7,CD51_FITC,VEGFR1_594,CD168_700,CD42_BV605,Colony
"11,819",-51,-40,-217,1,900,449,546,0
"8,854",-127,-269,436,-142,"1,397","2,795","6,667",0
"4,038",64,-61,710,331,902,335,349,0
"8,860",-14,-217,700,-22,"1,100",70,"1,336",0
"5,915",147,-72,32,21,712,99,"4,068",0
"5,568",-41,-25,206,153,"1,001",309,"6,036",0
"8,640",-9,-107,-115,125,"1,070",649,"2,682",0
"9,976",199,252,54,830,-336,"1,684","4,558",0
"4,981",233,-195,380,-72,"1,168",226,493,0
"10,500",-27,-344,-99,-212,"1,713","1,511","8,287",0
26,67,14,47,196,269,664,151,0
"2,274",40,-15,878,144,841,"1,331",171,0
"14,498",-139,62,-193,241,291,694,"12,672",0
"11,140",223,-268,"1,288",-40,"1,714",423,394,0
"1,209",270,-160,"1,977",-171,959,697,-18,0
"1,208",-24,-169,"1,744",22,"1,012","1,151",-71,0
"16,082",48,-177,757,180,"2,735","6,743","5,325",0
"4,363",-34,-128,127,119,689,-150,630,0
"6,456",50,-107,211,49,789,"1,163","1,343",0
"1,086",81,-162,943,-72,"1,058",527,-49,0
"5,877",-142,-312,-18,-349,"1,856",708,"2,585",0
"8,256",-5,183,-79,580,459,"3,676","9,768",0
"9,894",126,-236,169,-61,"1,546",671,"4,223",0
"8,990",40,21,105,137,216,"1,031","3,068",0
"5,707",-133,-103,34,-78,935,"1,170","4,715",0
"4,560",38,-137,132,68,"1,174",720,862,0
"5,904",153,-115,562,341,"1,179",366,924,0
"2,804",63,-111,573,36,641,-13,660,0
"5,712",-50,-251,"1,390",676,"1,653","1,705",756,0
"7,880",-61,-232,56,430,"1,416",241,"9,408",0
"8,539",538,-74,"1,985",821,"1,657","7,920","10,592",0
"7,549",400,179,325,435,-105,"1,206","4,826",0
"3,264",118,-214,"4,590",-181,"1,327","1,013",-43,0
"6,213",7,-34,191,16,643,"1,594","5,757",0
"14,258",-135,-227,-158,56,"1,391",837,"2,831",0
"2,102",199,-110,"1,478",187,762,468,-3,0
"10,129",122,52,553,365,-68,189,"6,327",0
"11,894",242,-249,708,660,"1,566","1,100","6,863",0
"10,266",-38,-367,603,-226,"1,824",592,"4,220",0
"20,242",299,-338,"1,189",401,"2,474","5,247","1,519",0
"7,078",205,-123,877,485,"1,137","3,977",182,0
"2,910",204,-167,"1,012",-61,987,731,-1,0
"3,562",-252,-194,"1,146",-42,"1,257",604,277,0
"5,010",-28,-287,127,-320,"1,584",497,"2,159",0
"9,785",36,139,262,370,-104,"2,084","6,521",0
"3,237",100,10,-19,70,223,468,"3,693",0
"11,872",303,211,906,600,-596,"2,239","10,595",0
"7,905",-29,40,-67,183,126,407,"2,408",0
"5,494",-5,-121,499,211,915,848,"1,079",0
"4,787",144,-217,626,-78,"1,227",715,258,0
"6,534",222,531,-10,746,-696,988,"8,563",0
"10,128",-74,-101,132,-113,872,816,"1,747",0
"1,182",515,-164,"1,449","2,930","1,028",106,-72,0
"6,991",287,-103,813,400,"1,299","1,867",850,0
"8,633",270,123,78,375,124,"2,743","5,241",0
"8,487",-30,-230,173,93,"1,321",393,"3,466",0
"3,270",-140,-9,-28,227,574,543,203,0
"3,737",203,-128,895,73,772,-194,-50,0
"3,424",-38,-225,253,-54,"1,304",-28,-122,0
"9,267",266,-392,108,-209,"2,183",-155,"2,434",0
"4,595",166,-119,671,-4,663,-156,598,0
"7,429",-105,-470,424,-382,"2,299",314,"1,444",0
"5,023",61,-89,365,145,"1,214",990,112,0
"8,398",-109,-115,9,4,"1,490",536,"6,219",0
"7,639",16,-129,988,235,880,973,168,0
"3,824",213,-105,656,213,314,118,420,0
"3,154",222,34,"1,161",340,487,"1,078",841,0
61,185,-36,280,5,193,211,61,0
"4,307",71,-50,70,228,545,934,"3,207",0
"10,786",-50,-300,"1,602",273,"2,018","1,054",810,0
"11,804",216,-7,242,299,432,678,"3,042",0
"4,988",-59,-140,758,161,979,863,288,0
"6,211",381,-95,107,-57,898,286,"4,484",0
"6,076",258,18,171,267,681,625,"3,997",0
"4,714",129,-182,778,55,"1,213",486,222,0
"3,481",460,34,"2,854","1,521","3,213","1,317",269,0
"1,268",172,-134,843,207,"1,021",241,-53,0
"22,056","-1,577",489,445,"-2,414","8,104","77,112","11,707",0
"3,651",178,140,13,379,11,653,"2,209",0
"5,534",546,-92,732,242,818,713,295,0
"5,024",256,-58,721,457,737,616,106,0
"9,382",114,-187,766,274,"1,213",683,535,0
"3,431",116,-50,921,226,719,834,412,0
"7,720",16,-238,696,-8,"1,257","1,333",370,0
"2,845",173,-140,781,-110,898,198,89,0
"2,560",125,-45,"1,322",294,766,323,241,0
"9,159",-191,-110,-159,-97,804,24,"7,964",0
"7,247",160,-119,158,244,"1,061",598,536,0
"4,209",265,-485,-362,-486,"3,004",42,"3,549",0
"8,188",102,-178,"1,856",238,"2,179","3,666",653,0
"10,398",88,-2,111,385,609,"2,860","7,249",0
"6,975",-15,-63,-293,35,728,-70,"1,849",0
"14,943",284,339,439,628,-894,"1,460","9,050",0
"4,671",-39,-237,424,207,"1,384",665,"4,199",0
"3,869",268,-69,447,129,678,101,197,0
"5,942",377,-135,289,142,960,455,"1,545",0
"8,654",158,156,-74,349,-154,"2,850","7,464",0
"7,994",-53,11,185,366,643,852,621,0
"8,126",-27,-74,-29,77,837,578,"1,528",0
"2,127",220,-13,"1,163","1,351","1,130","1,349",219,0
"2,284",40,-200,653,-58,"1,164",309,-2,0
"4,879",-208,-192,-8,-212,"1,542",935,"6,555",0
"2,234",116,-108,"1,303",-52,599,-42,-56,0
"3,471",246,-708,423,-672,"3,578",422,505,0
"18,991",-194,-93,-460,577,"2,886","1,004","2,283",0
"7,431",521,18,468,633,953,497,979,0
"7,633",93,-282,330,-36,"1,842",633,"2,314",0
"7,357",-95,-137,-105,6,784,"1,645",625,0
"11,925",-27,-69,-85,34,869,"3,266","9,637",0
"3,967",284,-60,421,155,484,24,257,0
"9,264",294,-104,724,155,"1,100","1,983","6,044",0
"4,906",94,-90,609,90,472,190,"3,810",0
"2,981",48,-168,526,24,997,350,-65,0
"5,606",291,-20,84,291,901,334,"2,169",0
"9,304",30,-93,180,135,930,"1,122","2,062",0
"6,668",-63,-92,113,4,793,408,14,0
"8,942",115,20,389,356,358,739,894,0
"9,775",23,-186,152,-44,"1,243",16,"3,072",0
"5,090",-83,-159,325,9,914,576,39,0
"7,923",140,-76,315,-66,742,142,"1,156",0
"4,625",193,149,145,252,12,952,"8,109",0
"3,962",170,-40,278,287,420,"1,268",118,0
"6,501",-55,-308,-156,-291,"1,775",827,"3,535",0
"7,460",335,-189,332,319,"1,265",-115,686,0
"7,401",482,723,4,"1,409","-1,385","6,436","11,521",0
"7,796",144,-205,"1,590",409,"1,246","1,329","2,520",0
"3,449",178,-5,270,170,330,841,"1,153",0
"7,940",54,-120,14,-24,908,540,67,0
"13,270",131,-129,"1,182",406,"1,235","13,514","7,013",0
"7,978",14,-29,233,215,"1,172","1,303",511,0
"7,313",198,-188,"1,120",129,"1,355","1,587",-55,0
"10,558",-102,-112,75,108,"1,371","2,862","5,104",0
"6,479",77,-143,616,161,871,891,43,0
"4,393",-307,-145,82,-57,960,803,897,0
"3,402",-2,-127,"1,008",92,819,886,451,0
"1,548",175,-104,409,218,713,571,47,0
"6,219",243,40,206,233,510,367,"2,782",0
"8,106",359,-126,"1,150",86,"1,059","1,618",707,0
"3,166",500,-202,"2,507",161,"1,203","1,093",6,0
"12,643",-76,-128,-51,-42,"1,211","2,264","1,702",0
"8,728",515,151,172,437,-68,365,"6,045",0
"3,651",-46,-93,258,59,605,60,28,0
"4,128",171,-198,"1,964",-45,"1,010",-270,-137,0
"5,244",-65,-136,320,-57,942,"1,779",5,0
"7,073",-101,10,12,354,969,872,"2,884",0
"5,166",-10,-150,313,43,890,325,667,0
"5,081",-70,-120,-319,45,532,-252,"13,531",0
"15,900",40,-60,172,205,"1,060","5,827","4,005",0
"3,254",265,-205,"1,977",-173,"1,233",96,-151,0
"14,957",6,-229,-59,157,"1,765","7,387","11,616",0
"5,483",220,52,127,492,861,"1,052",329,0
"20,718",474,233,"1,422",736,-467,"4,260","15,202",0
"5,361",126,-57,495,318,925,505,"2,254",0
"8,202",118,-122,-155,275,999,712,"1,308",0
"8,680",108,31,127,394,404,904,"2,220",0
"5,714",55,-177,406,10,"1,060",234,650,0
"10,381",98,-259,266,39,"1,755","1,289",878,0
"15,665",81,-30,-116,375,"1,046","1,589",915,0
"7,190",-93,-81,-202,21,945,550,"3,895",0
481,227,-56,"1,697",16,566,611,-13,0
"13,243",125,30,361,712,"1,102","1,698",481,0
"5,292",362,-66,524,236,697,"1,778","2,548",0
"9,894",-27,-209,-423,-80,965,466,"4,162",0
"10,505",-185,-169,68,198,"1,027",830,502,0
"5,426",173,27,-15,173,504,208,"4,832",0
"7,322",-29,-73,212,81,875,-23,"3,529",0
"7,216",297,200,188,636,-557,"3,381","12,776",0
"3,953",472,-250,"3,165",-53,"1,577",344,-107,0
"6,085",-141,-269,-264,-208,"1,236",-90,743,0
"3,050",213,-238,"3,431",-114,"1,339","1,128",-116,0
"4,074",94,-197,973,48,"1,054","1,805",154,0
"7,754",187,-152,-62,-230,"1,023",127,"5,799",0
"4,471",20,-52,38,136,617,370,"2,080",0
"9,086",125,111,281,355,255,"1,618","4,175",0
"3,824",-46,-5,105,-7,245,286,183,0
"6,332",45,-170,836,-134,"1,256","2,678",621,0
"11,097",141,144,-104,254,68,"1,335","5,194",0
"16,282",-13,-122,498,363,"1,387","7,860","6,842",0
"14,205",-78,-101,-189,293,773,997,805,0
"10,106",514,553,910,892,"-1,969","1,968","11,760",0
"10,608",142,16,-11,94,637,568,"18,250",0
"5,879",283,352,341,613,"-1,247","3,994","13,629",0
"5,819",342,194,257,624,199,"2,469","3,997",0
"5,749",380,-256,475,17,"1,300",-7,-87,0
"18,309",85,191,-233,293,-199,"1,387","8,830",0
"8,381",150,-180,701,123,"1,750",308,-120,0
"13,279",225,-153,522,730,"2,119","6,393",642,0
"11,289",154,-175,447,106,989,534,-68,0
"12,120",-154,-347,-152,-176,"1,834",155,"4,725",0
"7,691",71,-68,"1,234",50,631,308,"1,671",0
"4,793",525,-142,"1,771",102,964,609,262,0
"12,481",-295,-291,-215,-270,"2,226","8,514","1,920",0
"2,475",5,-107,386,21,815,77,-5,0
"9,508",22,-70,295,284,871,"1,058","1,505",0
"13,727",63,-320,-222,-334,"2,462",424,"3,336",0
"4,511",140,27,682,203,60,317,"4,003",0
"4,568",261,198,55,358,-372,"1,097","5,936",0
"7,124",-17,-137,"1,113",242,956,362,340,0
"14,025","-1,325","-2,132",-31,"-2,265","9,842","5,665","1,127",0
"3,856",-8,-42,166,113,584,272,"2,865",0
"5,397",326,-232,"2,758",243,"1,078",715,-122,0
"2,466",101,5,45,140,441,343,168,0
"15,337",451,-24,503,495,"1,557","1,670","2,493",0
"11,197",241,-31,513,572,"1,097","2,433",802,0
"2,160",416,-187,"1,490",40,"1,258",746,-139,0
"4,171",224,16,498,538,517,736,471,0
"5,510",17,-70,307,179,659,"1,303",391,0
"5,295",365,-90,"1,012",298,719,277,114,0
"5,543",686,-17,"1,093",336,"1,037","1,708",361,0
"5,530",201,40,141,379,201,263,"1,971",0
"12,399",259,125,537,750,-95,"1,022","2,797",0
"4,552",463,1,"1,511",256,327,975,508,0
"14,313",680,162,513,863,262,"1,877","9,271",0
"6,477",230,6,465,404,389,445,701,0
"20,176",-51,-709,"1,538",-942,"3,574","17,767",-151,0
"8,614",80,-198,103,-2,"1,268","1,280","3,151",0
"6,854",145,-70,39,-3,622,874,"3,613",0
"5,639",459,49,830,428,"1,202","2,883","1,307",0
"8,933",5,39,-43,171,525,"1,352","2,076",0
"8,901",27,-107,182,103,849,142,"2,190",0
"4,642",106,28,-186,199,459,-150,"5,272",0
"9,635",168,472,121,844,"-1,351","1,632","11,734",0
"11,544",572,244,"1,257",730,-214,"2,799","9,106",0
"10,098",60,-158,-225,44,"1,507",752,"3,064",0
"9,211",509,27,"1,679",759,"1,090","2,581","1,753",0
"3,469",226,-103,800,26,584,125,398,0
"9,464",13,126,385,"1,284","1,005","4,409","3,492",0
"6,572",433,438,-156,759,"-1,662",140,"16,814",0
"4,945",153,70,791,894,655,"1,841",404,0
"13,585",222,-162,76,180,"2,042","2,197","1,958",0
"15,106",-127,51,"1,029","1,102","1,236","5,753",794,0
"12,201",-492,"-1,311","1,527","-1,345","4,935","27,072","1,690",0
"7,041",372,-135,"2,848",260,"1,699","4,503",423,0
"4,567",276,111,552,"1,035",621,756,323,0
"2,255",118,50,512,239,198,316,167,0
"3,769",350,-108,"1,304",85,705,"1,689",175,0
"5,502",168,-188,491,187,"1,343","2,328","7,572",0
"1,143",522,-83,"1,508",-54,718,130,-45,0
"10,119",188,47,140,379,495,"3,171","1,429",0
"12,479","-1,133",-358,-447,"-1,472","4,167","55,879","-1,061",0
"11,025",129,163,195,335,159,"2,180","7,094",0
"6,435",121,304,134,524,-984,"1,408","6,576",0
"9,294",72,-148,-230,3,"1,564","1,315","2,473",0
-64,59,-31,97,101,134,778,195,0
"2,588",740,-170,"1,064",49,"1,088",-51,-102,0
"3,977",103,-136,"1,186",322,"1,172","1,198",659,0
"7,269",69,-116,125,14,945,"1,290",808,0
"10,067",-82,-83,346,59,898,"4,422","1,938",0
"6,607",560,-46,412,501,651,687,71,0
"4,953",196,102,250,466,150,316,884,0
"3,476",90,-3,175,208,329,-28,"1,531",0
"4,402",-21,-238,520,87,"1,223",202,"3,051",0
"5,731",258,115,-35,370,678,"1,402","1,841",0
"7,888",140,171,-76,326,-413,859,"6,823",0
"2,572",335,-124,"1,207",124,947,370,63,0
"4,418",138,-112,311,66,799,44,-22,0
"7,300",110,-26,39,430,512,"2,285","4,488",0
"11,553",-271,-273,-130,-254,"1,725",604,"2,481",0
"3,817",912,-685,-87,-662,"3,355",-902,735,0
"1,503",153,-54,"1,111",80,549,16,-16,0
"2,359",168,-183,"2,164",-76,"1,086",893,-80,0
"5,474",210,17,258,643,237,-510,856,0
"9,752",256,-52,165,161,583,"1,248","4,024",0
"6,812",468,593,295,"1,214","-2,134","1,558","12,862",0
684,494,-41,"1,648",100,656,-414,5,0
"9,178",273,93,136,362,151,"1,444","3,422",0
"17,014",7,-249,324,49,"1,680","1,179","4,103",0
"3,446",338,-94,"1,117",8,691,530,-34,0
"12,448",100,170,-85,149,-7,"2,000","10,289",0
"6,697",-13,46,-242,200,840,749,"4,952",0
"18,358",467,-113,"1,424",668,912,892,"6,297",0
"5,138",244,34,344,447,314,725,"1,088",0
"9,595",473,38,"1,533",436,600,"1,861",642,0
"7,586",282,-27,834,399,644,"2,119","1,012",0
"8,603",342,261,"1,118",961,-357,"1,782","1,843",0
"9,170",133,334,364,689,-291,"1,087","5,207",0
"6,265",295,176,378,565,-413,"1,130","2,037",0
"4,393",303,100,"1,262",520,"2,184","8,429",-115,0
"8,034",62,97,"1,659",740,766,"2,300",650,0
105,70,0,114,138,131,-62,77,0
"2,134",231,-87,"1,408",8,622,-49,35,0
"2,328",243,60,"1,208",427,58,265,161,0
"7,465",168,-39,"3,018",484,312,870,350,0
"4,008",351,55,"1,547",354,164,689,188,0
"22,215",3,-475,631,217,"3,289","3,101","5,659",0
"8,093",310,-126,562,159,828,695,411,0
"5,351",82,33,431,426,333,744,"1,129",0
"6,829",531,19,"1,765",424,222,943,381,0
"4,496",71,49,579,255,804,"6,457","1,452",0
"3,622",84,-99,839,80,695,411,-85,0
"6,619",-390,-281,514,-533,"1,846","16,023",906,0
"4,416",7,159,186,312,28,"2,529","5,868",0
"20,846",156,93,570,456,-156,171,"9,873",0
"13,990",-103,66,-24,301,888,"1,907","2,023",0
"3,087",259,151,488,289,-125,"1,308","4,418",0
"5,443",427,495,409,958,"-1,456","1,918","6,937",0
"1,990",34,4,898,270,381,551,82,0
"2,804",254,-160,"2,222",58,968,683,-77,0
"8,281",-62,36,688,360,390,562,"3,560",0
"4,264",231,-77,"1,259",564,683,369,41,0
"4,427",168,26,349,409,250,816,930,0
"1,425",320,40,"1,388",240,108,460,197,0
"5,454",338,32,"2,700",737,297,"2,327",530,0
"6,149",237,174,480,492,-145,"2,766","4,133",0
"6,285",74,-333,589,-240,"2,004","1,155",503,0
-28,194,-37,199,98,214,517,110,0
"11,854",547,340,703,979,-855,"1,241","6,368",0
"2,657",209,210,"2,276","1,128",57,"1,207",353,0
"6,169",88,94,356,180,445,"3,670","7,317",0
"1,731",443,10,869,395,267,-50,17,0
"2,476",374,44,"1,414",324,168,9,159,0
"2,112",613,53,"2,183",462,44,229,148,0
"2,854",355,-284,"1,417",-210,"1,489",221,-191,0
"9,931",635,94,"1,394",786,105,"1,528",978,0
"1,241",153,31,703,432,250,425,99,0
"6,791",-22,63,143,366,-34,297,"3,811",0
694,513,65,"1,510",322,154,588,170,0
"11,115",-91,-102,666,317,953,"1,199",86,0
989,526,11,"1,801",219,154,335,112,0
"2,957",-29,-28,740,171,305,791,39,0
"9,883",-287,-142,"1,185",-54,"1,288","6,567","5,012",0
"6,117",181,89,"1,607",362,149,"1,356","2,718",0
"11,339",-218,-237,977,444,"1,809",563,"1,630",0
"3,504",455,48,"2,950",837,378,"1,171",92,0
"5,145",173,-161,866,96,"1,234","2,807",334,0
"8,811",262,288,332,631,-500,737,"8,595",0
"7,130",-356,-605,147,-929,"2,153","30,765",100,0
"6,464",193,67,291,382,252,753,434,0
"4,290",133,246,26,546,-565,408,"4,248",0
"4,256",128,0,819,284,447,352,232,0
"7,681",178,-3,765,376,407,"1,381","9,068",0
"5,390",160,-43,367,556,442,797,65,0
"5,398",99,2,23,127,379,828,"1,295",0
"5,348",405,-46,"1,093",239,706,"2,872",396,0
-120,55,3,343,70,4,630,81,0
"4,477",-19,-441,938,-235,"2,062",165,"5,039",0
"2,575",95,269,148,490,-978,181,"3,856",0
"6,550",-97,-234,152,-91,"1,769",915,"13,000",0
"8,308",242,119,687,740,400,441,263,0
"5,779",410,301,"1,233",695,-986,"1,747","7,966",0
"17,473",-185,-69,352,"-1,423","4,017","35,947","8,351",0
"4,886",213,-169,942,317,889,728,"1,738",0
"18,726",316,-392,"1,492",-157,"1,837","4,885","12,337",0
"7,048",421,68,"1,524",523,185,929,236,0
"7,891",-100,-101,252,155,996,695,714,0
"4,961",168,-64,"1,088",473,"1,048",562,91,0
"14,360",31,-38,"1,087",511,"1,405","2,168",233,0
"4,902",-142,54,121,202,367,433,"8,699",0
"4,341",54,-157,469,246,"1,191","1,385",538,0
"1,465",268,204,942,"1,191",-72,677,278,0
"16,417",315,399,"1,439","1,273",36,"2,306","4,157",0
"3,429",83,-19,668,124,343,470,56,0
"10,286",-230,54,732,421,654,"2,021","3,187",0
"7,845",378,195,425,430,506,495,"2,279",0
"5,385",245,-264,874,45,"1,463",-63,278,0
"2,237",70,24,441,134,447,577,587,0
"11,213",-58,-254,211,-39,"1,428","1,030","3,846",0
"4,686",282,-32,"1,516",87,723,"2,474",256,0
"10,262",295,134,998,397,-226,"1,070","8,701",0
615,-16,-109,434,-55,596,184,-3,0
"1,094",-17,49,-6,106,964,221,"4,089",0
"7,902",134,260,57,396,-762,"1,608","18,059",0
"8,017",-31,-1,26,90,496,395,"5,256",0
"7,571",142,70,373,161,435,"1,462","8,288",0
"9,181",-10,-157,548,108,"1,074",658,"8,434",0
"16,182",94,20,967,304,"1,197","7,355","7,777",0
"10,322",-377,-336,"1,146",4,"1,823","14,586",-32,0
"2,533",248,-13,"1,520",440,488,325,364,0
"3,637",133,-33,"2,405",402,440,629,149,0
"8,199",-18,2,112,272,520,911,"2,857",0
"3,893",90,287,219,661,101,923,"7,294",0
"4,792",259,166,213,387,-177,308,"5,459",0
"4,583",205,-256,303,-96,"1,564",308,"1,125",0
"11,098","1,320",131,"3,941",999,637,"3,780","5,153",0
"3,144",97,38,769,394,383,"1,050",652,0
"7,529",-85,-7,449,150,514,995,"6,147",0
"4,103",12,192,178,341,-494,858,"9,310",0
"8,299",257,130,749,532,269,"2,494","1,875",0
"4,508",232,-151,437,36,"1,007",827,430,0
"12,594",652,494,494,"1,240","-1,900",864,"12,673",0
"3,197",199,-192,230,13,"1,360",618,331,0
"4,957",88,57,423,390,357,"1,020",256,0
"11,144",522,94,93,417,840,"1,664","2,808",0
"7,481",10,-81,298,145,544,256,"4,808",0
"9,081",625,233,832,588,-559,802,"6,170",0
"4,992",-19,-271,"1,639",-262,"1,673","1,053",-89,0
"1,896",176,-39,965,172,388,570,37,0
"13,210",601,386,291,717,-811,"2,948","11,272",0
"5,610",8,373,-238,732,48,"1,984","6,191",0
"8,007",353,45,"1,918",609,221,533,358,0
"7,805",48,-141,619,8,"1,368","1,536","2,602",0
"4,742",209,-41,468,107,517,119,-36,0
"10,639",-106,10,-12,213,630,"1,655","2,841",0
"3,915",390,5,"1,507",637,229,275,"2,014",0
"13,500","1,284",685,"1,967","1,607","-1,590","3,956","10,008",0
"9,769","-1,324",-746,854,"-3,133","6,537","67,315","-2,174",0
"6,252",276,-155,"1,101",-6,"1,223",415,357,0
"6,152",417,407,915,"1,007","-1,378","1,550","10,345",0
"4,816",58,227,167,638,-271,"1,979","5,517",0
"1,841",203,-71,813,119,522,95,-8,0
"1,165",23,-1,"1,904",77,341,582,27,0
"20,543",126,79,"2,057","1,040",790,"4,139","1,871",0
"10,287",-400,-823,393,"-1,168","4,243","1,941","12,986",0
"4,168",171,-52,437,234,"1,065","1,248","3,652",0
"12,815",694,-6,"1,902",946,911,"1,559","2,434",0
"6,252",103,-27,140,16,487,-330,"3,452",0
"7,697",-181,-345,-108,-363,"1,716",438,"9,658",0
"7,871",507,49,"1,454",598,466,"1,161",266,0
853,29,-482,"1,224",-473,"2,382",286,-376,0
"12,895",170,-296,"2,084",67,"1,751","1,623","4,950",0
"12,568",64,-145,862,389,"1,221",686,"12,484",0
"3,898",-52,-233,"1,487",193,"1,777","1,549",60,0
"9,778",-88,-28,70,45,584,629,"5,883",0
874,381,-9,"1,675",56,302,422,115,0
"3,748",169,55,674,395,59,235,416,0
"1,103",59,-65,"1,311",158,520,236,-38,0
"6,496",-111,-134,236,-148,861,"1,738","6,587",0
"4,768",378,-193,"1,409",71,"1,369","1,525",132,0
"3,541",525,262,"1,016","3,375",52,245,404,0
"4,771",200,76,458,364,227,"1,031","1,163",0
"3,888",240,-25,185,50,247,249,90,0
"3,351",294,237,352,531,-330,579,"2,409",0
"8,622",78,-106,357,113,817,716,"2,101",0
"5,291",205,80,"1,160",554,523,299,246,0
"10,299",235,-432,"1,648",-41,"2,319",363,"1,604",0
"7,700",2,-118,407,-144,"1,133","1,431","2,176",0
"4,940",-32,-145,803,21,811,396,55,0
"4,515",252,-119,403,105,757,418,-79,0
"11,402",51,-111,463,314,"1,314","1,818","1,377",0
"2,608",134,28,653,263,215,421,141,0
"12,905",537,-55,"1,418",220,859,"3,561",356,0
"3,851",286,-10,"1,227",388,442,830,709,0
406,491,-245,"2,013",-165,"1,521",364,-161,0
"2,074",142,292,-40,379,-799,720,"8,020",0
"7,378",177,-149,58,128,"2,154","1,078","9,394",0
"2,464",212,42,503,656,394,"1,080",222,0
"5,040",390,18,244,278,199,-118,91,0
"3,978",128,-96,"1,668",131,936,831,178,0
"2,680",194,-30,814,264,566,"1,154",388,0
"7,213",-208,-214,188,160,"1,546",788,923,0
"8,039",287,173,599,468,449,"1,174","2,043",0
"5,410",106,-135,772,465,"1,079",912,513,0
"3,130",176,-61,"1,377",505,861,"1,306",2,0
"3,772",231,-49,"1,202",213,519,"1,623",102,0
"4,943",35,34,162,243,149,562,"1,155",0
"17,766","1,006",327,"2,619","1,849",112,"4,534","6,871",0
"4,621",-49,-69,845,230,716,356,344,0
"6,697",251,-104,"1,933",240,826,581,-41,0
"4,428",118,-66,100,95,706,"3,676",976,0
"11,069",87,351,169,"1,133",-327,"2,055","12,532",0
"2,151",176,-99,"2,490",14,886,"1,161",92,0
"6,264",-130,50,363,533,410,481,504,0
"9,057",263,152,185,457,743,"1,876","10,643",0
"3,902",227,280,62,435,"-1,042",550,"10,972",0
"2,180",7,-28,414,57,337,-107,34,0
"5,146",185,220,269,359,-210,727,"1,758",0
"5,537",386,-132,627,77,963,473,50,0
"5,478",-114,-224,474,-41,"1,172","5,664",684,0
"7,723",-188,-385,"1,202",-289,"1,950",299,"4,263",0
"5,381",-8,70,856,497,49,655,"1,965",0
"9,029",-19,-13,529,583,704,"1,443","2,192",0
"5,613",176,-86,"2,213",249,763,"1,269",713,0
"9,950",284,175,"1,203",719,455,"1,510","5,039",0
"8,640",389,-111,674,202,778,353,"1,449",0
"7,795",-231,-250,196,-31,"1,327",849,"8,528",0
"11,593",654,327,"1,511","1,325",-436,"3,880","8,952",0
"7,005",-187,-209,"1,663",-5,"1,135","3,504",915,0
"10,494",445,-177,"1,801",237,"1,131",473,"1,301",0
"3,692",257,-58,444,134,750,965,186,0
"9,772",108,314,423,770,519,"1,654","9,448",0
"3,716",-10,-260,170,-42,"2,737","1,481","3,359",0
"6,070",-292,"-1,329",146,"-1,508","3,361","65,669","8,563",0
"10,483",208,-183,286,36,"1,113","1,155","5,057",0
"2,061",96,95,-10,165,62,131,"4,406",0
"11,369",-22,-215,"1,419",-147,"1,581","1,931","5,622",0
"9,688",178,-62,"1,125",413,693,"1,659","1,159",0
"5,498",325,307,283,589,-811,"1,452","6,162",0
"5,248",434,-45,"2,480",371,849,"3,961",241,0
"4,988",261,-54,776,201,868,"1,687",316,0
"3,560",459,-80,"1,428",304,502,429,50,0
"2,519",364,-47,"1,856",79,434,-109,38,0
"7,024",359,-75,"1,163",115,617,746,"3,230",0
"8,206",257,60,670,424,182,472,"1,493",0
"4,739",244,-6,868,150,517,912,633,0
"6,313",114,24,508,188,334,"1,320","1,771",0
"6,219",381,120,195,405,77,666,"1,738",0
"6,694",194,12,957,439,749,"1,323",246,0
"9,056",169,324,94,676,-18,"1,003","6,673",0
"5,804",180,202,304,454,-75,"1,365","21,145",0
"5,705",137,-10,213,294,501,938,"2,620",0
"1,441",193,-52,"1,299",273,498,230,78,0
"4,037",-65,-24,993,532,307,-91,94,0
"4,658",137,-126,286,221,"1,016",551,410,0
"4,422",-342,-677,-71,-939,"3,175",971,"3,985",0
"4,463",231,-214,"1,630",235,"1,262",763,115,0
"3,423",384,120,500,493,37,"1,933","4,557",0
"7,560",-427,-375,459,-223,"2,746","2,533","2,380",0
"4,350",-38,-199,755,-190,"1,255","2,244",-123,0
"1,452",22,39,469,472,307,78,113,0
"4,161",250,-18,669,291,447,316,141,0
"6,200",-132,-65,-8,81,528,184,"7,737",0
"4,887",-49,-131,"1,483",57,839,"1,224",215,0
"4,077",-20,-14,-46,72,535,"1,075","9,444",0
"5,351",176,-54,84,179,768,42,"6,365",0
"5,340",282,4,964,276,338,652,411,0
"3,859",205,-71,"2,554",511,523,646,93,0
"14,488",267,-29,"1,547",301,783,"2,039",458,0
"11,720",-221,-214,282,32,"1,317",515,"2,784",0
"6,183",-83,-274,695,-169,"1,474","1,800","6,795",0
"2,771",292,-90,"1,249",-19,731,214,2,0
"5,691",-27,-243,422,-31,"1,643",-269,"2,163",0
"2,264",126,-102,"1,380",138,711,61,-28,0
"6,284",-164,-377,551,-295,"2,336",709,"4,082",0
"3,215",145,-10,986,548,358,156,140,0
"10,790",-147,-186,74,63,"1,273","1,128","7,487",0
"15,078",411,133,-43,449,411,789,"4,264",0
"7,978",423,299,"1,214",755,-412,"1,613","7,375",0
"8,784",-236,-191,378,-129,"1,651","1,802","7,588",0
"8,053",108,179,644,755,-134,"1,567","5,011",0
"2,564",80,226,13,519,-239,747,"5,352",0
"6,563",143,-279,"1,358",37,"1,403",207,-105,0
"4,864",-136,-209,"1,013",354,"1,089",75,"1,915",0
"10,162",114,"-1,390",135,"-1,530","6,514","2,270","4,619",0
"1,882",75,-65,228,60,696,415,-13,0
"3,123",-156,-191,893,-67,"1,074",273,456,0
"6,460",268,416,267,835,"-1,099",363,"7,239",0
"1,468",75,-111,"1,203",-26,711,304,-48,0
"4,341",55,-107,548,35,789,452,19,0
"5,560",490,626,447,"1,364","-1,833","1,753","8,696",0
934,95,-62,"1,664",0,507,660,-40,0
"7,446",145,-158,181,33,711,440,61,0
"4,305",-72,-178,354,-106,"1,164",468,"3,519",0
"8,808",550,40,"1,460",708,153,738,"8,589",0
"5,055",-61,-141,169,60,"1,599",511,817,0
"8,868",432,-114,"1,519",692,"1,199",911,200,0
"5,056",152,-7,988,496,873,801,558,0
"9,536",163,-106,-44,110,589,-70,"1,374",0
"2,025",226,14,"1,275",393,258,429,52,0
"5,129",240,-120,287,226,"1,154",452,"1,034",0
"16,830",560,285,"2,643","1,014",9,"3,007","6,255",0
"4,159",55,-92,151,-20,"1,314",64,"7,146",0
"7,572",-5,-136,"1,001",40,957,711,133,0
"6,197",45,-54,573,182,486,722,"1,775",0
"7,581",391,-117,740,357,"1,233",993,"4,221",0
"3,063",231,-27,539,203,324,-348,27,0
"8,373",61,-60,169,213,"1,031",377,"2,875",0
"1,700",14,-187,"1,430",-146,"1,282",629,118,0
"8,950",356,-157,507,161,"1,128","1,134","1,712",0
"5,541",72,-83,689,372,862,725,173,0
"5,486",95,-12,97,173,401,253,614,0
"7,856",455,-62,"1,191",317,912,"1,686",443,0
"5,061",-29,1,850,250,522,661,"4,536",0
"13,806",115,85,"2,291",853,938,"10,069","8,212",0
"2,803",528,27,"1,618",280,203,-232,428,0
"3,203",-18,-132,837,202,"1,076","1,182",55,0
"4,391",166,-518,"1,135",-472,"2,576",75,-344,0
"2,003",75,-68,"1,476",173,603,424,5,0
"4,970",349,-85,"2,223",316,764,500,48,0
"5,620",445,-8,"1,677",573,671,749,"1,111",0
"6,826",-52,-26,233,61,"1,124","3,914","5,362",0
"4,841",316,140,"1,104",590,160,"2,266","3,977",0
"6,760",694,-31,"1,940",359,587,597,179,0
"11,685",348,305,-88,604,-137,112,"5,504",0
"7,427",392,55,941,128,410,"3,206","6,406",0
"4,907",-24,75,62,206,77,-197,"2,228",0
"10,220",42,-125,496,238,"1,195",851,"5,278",0
"1,149",115,-45,671,340,406,502,-11,0
"3,315",-98,-19,9,29,810,556,"5,676",0
"3,682",-10,-76,543,225,504,669,27,0
"7,687",-13,-44,455,106,528,"1,011","4,370",0
"10,959",-13,-366,945,-78,"2,030","1,214","4,582",0
"4,740",16,-233,"2,266",231,"1,315",354,582,0
"10,642",175,182,"3,464",854,"1,220","4,383","1,836",0
"9,087",-163,-181,"1,937",222,"1,281","1,034","1,524",0
539,32,-461,"1,766",-513,"2,313",469,-388,0
"17,304",-153,-295,382,96,"1,619","4,473","4,153",0
"6,597",456,-89,260,174,816,967,"3,411",0
"7,778",201,-232,"3,122",34,"1,382",277,101,0
"7,643",180,358,633,723,"-1,000","2,690","12,978",0
"5,853",-45,-84,252,162,"1,153","2,403","3,320",0
"5,048",56,-121,251,76,"1,719",332,"4,834",0
"8,476",80,141,228,591,499,"1,786","2,000",0
"2,821",316,-20,"2,233",449,"1,046","1,517",278,0
"2,884",19,-135,"1,226",82,675,688,-98,0
"1,642",233,-957,820,"-1,102","4,522",531,-634,0
"7,070",138,-33,530,99,541,891,"2,525",0
"8,276",79,12,559,406,703,983,"10,063",0
"10,940",101,-117,288,464,887,701,"2,738",0
"6,618",90,-101,"1,466",194,813,614,"1,153",0
"4,924",-138,-78,108,58,887,173,"1,963",0
"11,716",29,-160,170,-43,894,435,-48,0
"6,365",167,24,130,426,"1,040",940,"3,141",0
"5,727",-55,-47,-210,49,895,484,"1,136",0
"2,784",289,284,66,726,243,546,"4,838",0
"4,186",28,-10,592,250,521,498,229,0
"4,259",22,-14,"1,359",293,434,"1,623",565,0
"8,864",480,499,632,735,-510,"9,004","19,376",0
"2,422",29,-25,12,115,654,818,913,0
"5,308",147,103,-42,319,-147,-181,"10,966",0
"10,082",308,4,895,226,489,"2,423",502,0
"3,672",273,-91,"2,228",57,868,494,253,0
"6,535",-4,15,159,230,-1,285,"5,142",0
"3,997",12,-32,"3,151",751,"1,427","5,331",-38,0
"1,779",457,-64,"2,095",39,504,583,8,0
"2,604",-118,156,-91,348,493,246,"2,862",0
"1,027",170,-77,420,153,552,-102,269,0
"5,729",-249,-346,-26,-101,"1,898",404,"9,173",0
"6,170",222,-97,"1,356",281,863,99,-42,0
"7,267",417,373,426,738,"-1,263","1,624","8,473",0
"2,434",379,-98,"2,686",181,839,"2,608",-6,0
"9,096",-77,-192,404,-52,"1,229","1,019","4,598",0
"6,708",182,84,288,481,164,"1,358","2,693",0
"9,088",356,-207,"1,379",489,"1,674","2,247","1,276",0
"15,408",139,-466,646,-93,"2,148","1,172","6,175",0
"6,239",-57,-101,317,92,778,"1,070",82,0
"4,323",34,-96,"1,930",14,744,"1,222",-20,0
"5,147",403,235,222,435,-627,174,"5,661",0
"6,580",68,163,501,368,410,"4,219","6,230",0
"3,960",-137,6,-23,76,"2,061",53,"11,448",0
"5,466",94,-108,"1,687",200,"1,033",486,191,0
"3,773",391,-37,"1,362",567,712,"1,069",68,0
"23,408",-48,248,"2,137",708,249,"1,661","18,154",0
"2,898",94,-85,891,-25,703,-125,-18,0
"6,689",29,-129,-116,22,757,"2,783","2,343",0
"3,293",592,76,"3,378","1,623","1,201","1,067",260,0
"9,464",306,-54,560,317,577,358,429,0
"6,245",12,-379,"3,000",161,"2,176",453,-248,0
"7,442",-141,-376,655,-162,"2,137",582,466,0
"2,832",-15,-84,395,112,719,468,136,0
"1,364",122,89,137,393,6,173,344,0
"2,514",793,"-1,670","2,384","-2,019","7,950",-213,"-1,359",0
"6,968",-71,-166,-25,-77,"1,022",915,"1,030",0
"11,018",132,34,8,196,148,751,"12,814",0
"4,006",292,-114,"2,019","1,246",989,772,70,0
"2,836",19,-268,"1,442",-25,"1,272",276,"2,272",0
"9,933",-364,-215,488,-147,"1,887","5,154","4,531",0
"6,353",131,-54,316,175,693,407,"4,462",0
"15,937",-373,-390,265,540,"2,682","1,824","4,997",0
"6,135",272,-169,936,-70,"1,545","1,010","1,740",0
931,246,-3,186,268,113,350,234,0
"4,561",35,-108,164,222,"1,025",564,986,0
"4,256",86,48,"1,277","1,182",487,-119,541,0
"10,446",-113,-95,94,58,840,"1,314",613,0
"5,334",-50,-143,236,153,"1,101",821,"3,415",0
"12,212",446,508,497,"1,111","-2,050","1,528","19,515",0
"11,876",155,-161,759,35,"1,364","2,034","3,265",0
"1,681",369,-94,878,59,957,922,757,0
"3,073",-15,2,128,93,816,-142,"3,873",0
"2,359",293,-136,"3,047",-30,817,733,-101,0
"4,174",260,-22,293,209,542,339,174,0
"7,047",-16,7,"1,343",342,584,740,"5,633",0
"13,111",209,-16,"1,840",167,"1,069","2,476","4,275",0
"8,052",131,45,457,371,375,383,"1,050",0
"10,618",179,-470,"1,666",-8,"2,637",156,67,0
"1,204",79,-94,"1,005",130,704,93,3,0
"4,198",107,124,235,313,-245,566,"5,613",0
"6,296",462,-90,428,163,957,"1,509","4,263",0
"7,978",-102,-96,-63,-38,"1,126",-76,"1,125",0
"4,993",-355,-300,222,-405,"1,687",379,"13,458",0
"4,294",478,634,352,"1,111","-2,400","1,299","10,015",0
"2,894",71,62,339,395,112,920,"3,126",0
"7,050",95,74,424,791,829,-98,"1,474",0
"3,537",-46,-52,123,52,"1,052",421,642,0
"4,222",207,-105,662,66,660,618,14,0
"10,731",-30,88,567,497,893,"5,662","1,711",0
"7,547",-128,-17,127,192,957,"1,980","3,046",0
"2,488",-114,-258,-23,-250,"1,201",23,"8,573",0
"8,823",350,31,"1,738",358,651,"1,179","2,414",0
"5,265",8,-208,218,-171,"1,077",382,"2,944",0
"3,813",241,-164,"2,207",272,"1,146",178,-77,0
"6,821",-37,-160,563,52,839,-101,"1,371",0
"8,415",47,17,693,-530,"2,134","26,019","4,830",0
"9,470",151,-111,"1,318",241,781,-28,"2,014",0
"5,083",83,-75,564,266,606,373,"1,132",0
"4,402",203,-50,"1,000",352,740,793,261,0
"7,212",88,-95,232,43,594,858,949,0
"6,705",137,10,-15,215,390,61,556,0
"3,539",57,-112,299,77,943,692,16,0
"6,181",381,-205,892,-65,"1,316",775,154,0
"1,696",114,-219,340,-18,958,19,-122,0
"3,339",270,-97,"1,353",39,801,421,54,0
"13,865",13,121,192,357,339,"2,088","10,492",0
"7,657",-246,-247,-137,-320,"2,124","1,403","5,905",0
"2,858",311,-48,"1,397",95,484,712,-20,0
"5,709",146,-96,"1,174",428,781,36,-10,0
"1,975",139,-114,844,193,"1,129",950,115,0
"5,050",-121,31,87,287,760,926,"1,119",0
"5,058",227,-134,"1,014",391,647,371,-8,0
"5,947",90,-61,238,53,"1,281","1,143","5,672",0
"2,381",247,6,"1,272",292,421,-5,73,0
"6,720",299,-414,421,-327,"2,432",193,"3,077",0
"3,052",350,-124,"1,103",126,720,219,23,0
"3,399",84,37,37,187,846,168,"3,495",0
"3,051",-151,-114,697,304,944,535,198,0
"3,358",656,-33,"1,323",176,609,306,23,0
"5,096",-98,-222,340,-62,"1,679","1,280","1,431",0
"4,304",20,-100,305,515,696,544,103,0
"4,206",221,-94,522,-19,666,431,100,0
"8,945",58,432,167,"1,113",683,149,"4,307",0
"4,774",261,-119,"2,227",24,744,824,-84,0
"8,233",275,-307,838,-88,"1,731",-226,"3,076",0
"5,096",-3,8,577,65,735,"5,208","2,601",0
"5,179",-85,-71,"1,290",201,694,"1,217",52,0
"7,278",252,385,505,757,"-1,390",911,"11,138",0
"7,509",-7,213,200,459,-197,"1,787","12,641",0
"5,720",77,35,137,253,133,-72,"6,454",0
"4,458",298,-43,"1,555",207,554,646,902,0
"5,165",56,-18,499,402,535,381,73,0
"2,828",-77,-25,48,119,528,115,"5,383",0
843,72,-41,275,22,353,79,-4,0
"4,569",279,473,263,926,-260,"1,957","5,825",0
"3,626",-136,-7,-18,131,377,615,"4,340",0
"2,413",110,-64,"2,303",241,400,264,16,0
"6,835",-80,-178,100,-47,"1,155",410,"1,820",0
"11,029",0,-107,222,192,"1,193","1,730","5,018",0
"9,592",232,-112,935,97,766,"2,978","6,870",0
"14,278",-7,560,231,"1,330",258,"1,649","5,282",0
"2,549",629,-124,"2,231",-33,996,231,-36,0
539,114,42,"1,554",782,452,997,"5,567",0
"2,009",227,382,301,-374,"2,064","14,677","5,707",0
"6,858",140,-17,532,268,570,82,"2,389",0
"3,620",8,-173,"1,176",5,"1,290","2,715",191,0
"5,654",252,-90,898,191,742,633,162,0
"10,828",483,332,338,646,-721,607,"6,044",0
"5,736",84,-75,363,179,760,488,150,0
"4,616",24,-131,"1,164",105,954,718,660,0
"12,694",-242,-164,471,262,889,"1,659","7,336",0
"7,169",162,-235,"3,435",438,"1,787","2,894",31,0
"6,133",524,-171,"1,740",116,"1,255",560,370,0
"13,893",65,95,-6,342,-123,595,"6,963",0
"2,339",265,-139,"1,186",-16,901,307,51,0
"3,970",156,-8,"2,632",241,720,"2,306",128,0
"6,458",15,169,195,560,564,311,"1,965",0
"3,638",584,-123,"1,419",90,922,"1,055",59,0
"3,020",191,-89,548,63,837,169,591,0
"9,600",-35,-128,243,152,"1,448","1,299",882,0
"6,265",414,155,"1,344",511,-262,"1,741","9,081",0
"5,085",274,-146,770,83,804,239,-23,0
"11,726",-116,-79,497,207,663,"1,097","1,511",0
"6,378",48,-74,-32,237,609,"1,304","1,429",0
"1,555",340,-181,"2,488",149,"1,014",-56,-148,0
"4,999",213,-99,972,33,709,731,100,0
"6,139",155,1,"1,329",247,422,"1,435",198,0
"6,451",21,-163,244,-83,"1,238","1,414",124,0
"7,061",248,48,"1,538",377,235,"1,634","6,686",0
"4,359",-174,-89,-103,42,861,751,844,0
"3,661",276,192,"1,014","1,758",302,"1,319",717,0
"2,295",-102,-219,564,-100,"1,229",693,325,0
"11,052",660,245,525,951,-154,"2,254","14,322",0
"8,320",619,74,975,353,609,971,"4,783",0
"5,121",294,-340,"2,217",-113,"2,004",971,-223,0
"10,270",34,-62,311,626,"1,245","1,269","5,478",0
"7,472",-76,-99,"1,018",255,808,"2,828",499,0
"4,062",-32,-49,419,466,880,972,36,0
"9,042",150,-85,849,227,786,"1,969","4,027",0
"8,780",-103,38,610,245,336,"1,434","1,854",0
"2,619",52,120,66,499,624,69,"5,257",0
"7,006",398,-149,"1,552",465,"1,005","1,218","1,976",0
"7,970",-163,17,258,95,958,"1,749",985,0
"9,429",-200,-245,46,-214,"1,359","1,203","10,582",0
"9,825",-139,-296,"1,769",382,"2,185","1,778",525,0
"4,758",236,163,75,292,-409,554,"8,997",0
"2,791",517,-51,"1,722",100,448,769,35,0
"2,168",118,220,190,448,-66,"1,009","3,066",0
"6,381",532,-152,"2,180",292,831,8,-56,0
"3,266",126,-105,911,109,"1,006","1,286",143,0
"13,661",84,310,336,739,249,815,"3,643",0
"5,076",35,-293,"1,412",-223,"1,557",-77,"2,225",0
"5,370",87,-104,522,87,704,332,626,0
"1,108",184,-78,"1,959",67,785,882,27,0
"3,506",-49,-178,694,114,"1,014",691,53,0
"2,454",366,-122,"2,085",81,531,-68,-11,0
"6,663",104,-140,560,112,864,259,8,0
706,-176,-232,"2,737",-139,"1,199",192,-171,0
"7,776",81,-239,"1,162",130,"1,490","1,541",241,0
"8,572",-209,-158,220,-99,"1,056","1,121","8,797",0
"2,813",326,41,"2,140","1,373",665,934,188,0
"4,040",51,-159,"1,084",147,"1,049",154,389,0
"3,321",39,32,176,263,613,865,"1,471",0
"6,770",119,-159,573,"1,043",926,855,310,0
"15,349",160,265,499,808,681,"3,582","6,237",0
"10,652",492,201,276,643,34,"1,415","5,784",0
"4,540",544,-225,"1,151",123,"1,215",316,13,0
"5,799",164,-1,470,690,675,489,283,0
"5,905",199,-104,685,346,879,"1,297",239,0
257,-52,-45,73,-29,226,"1,195",30,0
"3,765",38,205,218,403,-120,734,"7,663",0
"6,279",88,-183,415,185,"1,104",393,384,0
124,-4,-105,88,7,575,-49,21,0
"14,373",-677,-797,315,-821,"4,228",738,"9,105",0
"14,533",404,41,"1,200",721,337,"1,674","12,170",0
"6,671",72,-88,397,249,679,"1,328","1,518",0
"8,257",-628,-208,432,-852,"2,414","17,683","3,073",0
"14,222",-105,-171,"2,572","1,842","2,712","10,053",882,0
"8,283",-6,-255,367,48,"1,683","1,890","6,001",0
"6,269",86,34,258,334,176,"1,071","3,456",0
"3,892",-22,-244,"1,468",153,"1,346",329,-85,0
"6,822",118,-190,707,239,"1,230",390,19,0
"1,794",217,155,926,"1,215",301,771,318,0
"6,167",129,-206,894,-16,"1,398","1,855","2,999",0
"6,932",80,-211,"1,767",59,"1,174",-94,-90,0
"10,908",-2,-180,91,8,"1,234","1,166","5,001",0
"9,919",469,-274,"1,092",272,"1,592","1,279","3,386",0
"10,899",-209,-255,629,939,"1,760","1,864","3,126",0
"7,220",652,532,141,"1,119","-1,790","1,282","16,182",0
"18,265",-63,-204,"1,377",87,"1,714","1,208","5,023",0
"9,354",166,126,"1,094",940,295,"4,011","16,801",0
"6,792",10,-177,"1,404",9,"1,006",459,"1,675",0
"2,557",241,3,"1,460",164,413,344,171,0
"5,691",-108,-241,58,-148,"1,146",517,"4,109",0
"4,174",27,-318,"1,158",-198,"2,049",673,71,0
"6,645",-104,-63,628,198,877,"1,119","1,807",0
986,192,-205,"1,779",-14,"1,094",311,-95,0
"1,063",187,47,720,315,431,518,174,0
"6,400",162,-36,206,168,634,525,"1,026",0
"10,129",35,71,361,211,307,"1,437","6,684",0
"4,492",201,-147,"1,340",170,"1,028",-9,23,0
"5,673",649,-83,"2,088",356,822,258,575,0
"5,000",-93,-88,-3,159,974,-89,"1,071",0
"2,610",-156,-2,63,129,593,-12,137,0
"5,134",191,-195,"2,192",90,"1,413","1,965",-102,0
"7,911",228,75,156,202,511,"1,238","4,304",0
"4,926",-16,-135,552,77,804,"1,026",115,0
"11,775",-190,10,8,213,532,646,"17,695",0
"5,248",147,-39,180,100,821,352,"3,031",0
"11,364",-154,-152,345,271,"1,421","1,600","2,979",0
"8,041",435,65,"1,096",226,253,"1,013","5,072",0
"12,158",-27,-24,103,259,587,"1,204","5,315",0
"7,218",-62,-164,448,264,"1,043",910,37,0
"4,072",-26,-86,518,-305,"1,576","6,538",-219,0
"6,896",726,-3,"1,010",276,485,271,"2,106",0
"7,654",-166,-260,-5,374,"1,435",326,408,0
"12,365","1,154",-417,"3,792",307,"2,579",781,"3,925",0
"4,957",580,625,216,"1,213",-161,717,"6,475",0
"5,798",17,-73,137,140,493,49,14,0
"13,784",178,208,89,758,455,"3,239","3,630",0
"1,428",166,-144,"1,569",403,761,392,-26,0
"8,196",35,-28,-83,188,847,315,926,0
"4,312",243,248,"3,924",587,"2,024","9,635",116,0
"5,332",423,252,360,631,-189,593,"2,931",0
"4,939",123,-110,618,253,"1,083",397,320,0
"12,324",-95,-217,312,205,"1,397","2,556","1,980",0
"3,701",-27,-66,"1,271",231,627,"1,571",65,0
"3,476",461,7,"1,396",470,320,-399,197,0
"5,823",403,344,315,831,-442,"3,419","11,754",0
"4,151",22,23,806,630,669,816,208,0
"4,399",88,80,126,131,312,913,"7,185",0
"7,334",-100,-158,563,323,"1,180",823,235,0
"6,285",13,-154,851,86,824,656,"4,359",0
"6,306",170,115,175,288,-333,882,"12,789",0
"8,433",52,-120,898,130,846,"4,336","2,757",0
"5,334",-46,-61,-75,205,528,"1,358","5,913",0
"1,368",138,-49,443,144,312,433,37,0
"5,234",-50,111,183,457,236,556,"4,522",0
"5,282",100,127,454,523,236,"1,083","1,933",0
"5,559",512,459,110,936,26,755,"5,158",0
"6,700",44,-202,794,73,"1,347",938,343,0
77,213,-59,83,50,283,-10,50,0
"2,671",55,-103,487,240,602,124,43,0
"1,537",155,-42,"1,430",170,690,"1,244",213,0
"1,413",163,-10,"1,492","1,464","1,225","1,951",170,0
"18,858",13,-57,"1,606",321,"1,361","5,228","11,339",0
"10,618",-75,-288,556,-143,"1,365",278,"7,464",0
"5,306",3,26,45,223,683,"1,644","9,059",0
"4,750",129,106,4,317,854,335,"2,492",0
"6,901",76,-74,-106,68,675,169,590,0
"2,386",574,-126,"2,500",131,772,350,-15,0
"6,134",361,-240,792,56,"1,322",543,522,0
"1,196",5,-210,640,-198,"1,177","1,025",-24,0
"8,194",137,-158,742,379,"1,239",198,"2,347",0
"1,295",-122,-132,882,107,"1,247","1,222",-33,0
589,89,-94,632,0,682,866,-28,0
"15,075",605,-312,"3,278",511,"2,075","1,643",577,0
"3,242",-74,-53,720,73,916,"1,408","5,661",0
"4,532",303,-215,"1,218",237,"1,136",184,412,0
"1,466",151,-62,"2,255",559,"1,167",235,23,0
"6,732",-64,-1,991,222,"1,155","2,821",616,0
"7,205",88,118,72,364,-149,-45,"3,660",0
"8,700",-38,-509,"1,010",-64,"2,640",314,"2,851",0
"5,833",543,-267,"1,497",-256,"1,630","1,440",-128,0
"5,238",133,-164,851,260,989,297,9,0
"1,208",124,-129,625,-59,822,49,-4,0
"7,730",220,-241,"1,923",155,"1,409","1,637",490,0
210,24,-88,"1,425",-41,573,264,0,0
"5,974",283,129,517,310,101,"1,758","1,842",0
"6,681",265,-91,94,38,589,208,"4,684",0
"6,327",261,220,213,348,-310,"1,225","5,935",0
"8,393",317,344,"1,406","1,005","1,211","10,479","4,920",0
"7,228",103,109,262,347,394,"1,047",883,0
"4,431",104,84,23,104,227,101,"1,481",0
"3,704",132,-5,95,56,483,733,"7,500",0
"7,894",-188,-115,-367,-67,"1,102",23,"1,286",0
"6,088",196,87,-5,416,488,117,"3,139",0
777,23,-49,988,152,532,765,21,0
"2,230",75,-147,953,-102,757,287,-8,0
"1,666",451,-42,"1,029",381,555,542,44,0
"4,439",372,-47,807,496,729,881,253,0
"3,461",290,-80,597,216,739,7,92,0
"6,443",260,-87,617,351,840,973,644,0
"6,151",174,30,236,321,501,740,921,0
"3,760",-73,-151,444,99,975,739,59,0
624,141,-395,984,-408,"1,955",79,-317,0
"6,883",182,-82,263,670,648,779,"2,648",0
"5,099",125,-34,-37,54,544,968,"2,183",0
"6,399","4,335","-3,796",-668,"-4,905","18,037","-1,129","3,150",0
"6,541",80,13,194,335,632,724,458,0
"10,352",486,-327,"1,841",206,"2,246","1,437","1,309",0
"7,177",143,-70,502,314,950,"2,129",553,0
"7,278",245,-150,"1,922",307,"1,278","1,270","1,151",0
"5,480",53,-211,418,-30,"1,083","1,275",533,0
"12,312",-199,-326,-121,76,"1,952",350,"3,274",0
"10,953",579,-110,"2,513",756,"1,699","2,788","1,343",0
"5,592",176,-132,743,-285,"1,011",758,"13,824",0
"13,134",-38,-144,647,306,"1,115","2,794","2,392",0
"5,241",210,-200,"1,002",-66,"1,131",123,55,0
"4,984",286,-43,53,111,476,-52,"2,986",0
"8,906",-22,25,124,230,748,"2,116","1,462",0
"4,727",182,250,219,519,-707,"1,551","5,392",0
"11,803",37,-98,375,31,827,"1,129","3,692",0
"6,619",171,-263,110,30,"1,753",534,"1,257",0
"9,161",167,-285,"2,401",-29,"1,459",788,914,0
"3,797",140,-119,-6,97,722,"2,121","2,702",0
"8,465",184,-34,"1,108",230,707,"1,297","4,149",0
"2,708",273,-125,636,76,899,310,-87,0
"10,559",26,63,117,105,981,820,"4,558",0
"3,985",226,-70,205,11,572,140,606,0
"9,048",133,-82,875,329,877,871,"2,106",0
"9,290",-267,-379,"1,737",-750,"2,716","14,101",-488,0
"9,824",214,97,558,595,422,"2,224","1,523",0
"5,494",84,54,360,261,647,"2,346","5,137",0
"2,196",50,-109,"1,338",720,"1,485",728,87,0
"12,409",-134,-148,455,-125,"1,115","1,639","4,087",0
"7,985",-19,128,204,326,66,"1,246","4,126",0
"5,574",-53,68,-52,425,425,203,"2,092",0
"4,946",247,-148,938,547,"1,329","1,147","1,196",0
"5,514",245,-72,783,114,487,192,264,0
"2,052",121,-79,531,169,779,-257,-19,0
"3,937",597,-184,"1,973",177,"1,050",120,-72,0
"8,747",362,-68,168,190,"1,238",971,"6,366",0
"5,569",296,-113,"1,321",219,905,683,188,0
"3,158",115,-181,"1,272",-52,"1,151",78,-32,0
"1,972",176,-114,"1,201",15,773,-222,-132,0
"8,215",135,521,249,749,"-1,705","5,100","13,809",0
839,55,-153,"2,170",-74,998,797,-50,0
"2,606",-4,-186,"1,513",26,"1,057",265,17,0
"8,795",62,86,241,339,"1,322","1,226","3,484",0
"8,439",-223,-119,434,46,889,"8,006",704,0
"11,336",482,-92,907,256,988,763,"5,528",0
"6,635",209,-142,522,197,838,488,42,0
"2,399",270,-179,"2,621",-129,"1,053",-56,-3,0
"7,503",63,-54,764,149,"1,077","1,473","6,149",0
"3,652",271,-219,202,141,"1,244",361,357,0
"10,583",71,-22,165,150,704,"1,181","2,954",0
"3,794",161,189,218,420,-446,"1,660","3,940",0
"6,453",175,28,21,184,322,698,"3,016",0
738,201,-154,581,-156,763,0,-215,0
"2,117","-1,628",687,"2,073","2,550","8,457","36,314","-1,645",0
"13,081",-67,-512,803,-394,"3,065","9,246",16,0
"7,170",-15,-149,110,-56,"1,045",560,"2,269",0
"6,746",130,-11,386,341,457,402,"3,225",0
"2,989",299,-71,"1,530",232,529,"1,091",349,0
"10,366",125,-86,-146,21,"1,162","1,011","8,809",0
"7,175",478,82,616,543,926,876,973,0
"5,535",-68,-101,-12,138,867,74,440,0
"7,349",-31,-89,600,273,902,329,-95,0
"9,567",64,95,766,627,958,"3,562","14,234",0
"2,193",79,81,72,171,-112,24,"6,414",0
"6,267",338,-94,628,176,868,"1,220",514,0
"7,182",-45,-113,-174,-68,950,384,"6,247",0
"3,676",326,-49,654,280,514,496,790,0
"4,346",255,-44,"1,122",126,503,644,210,0
"1,838",121,-36,569,"1,357",844,650,68,0
"2,463",102,-123,"1,857",352,"1,119",976,812,0
"9,715",-198,-409,136,-165,"2,513","2,267","1,512",0
"2,515",452,-112,"1,548",-49,790,706,-31,0
"4,825",4,-183,514,500,"1,089",-137,-79,0
"3,803",189,-209,903,0,"1,137","1,125",32,0
"7,310",135,-221,-126,-10,"1,303",238,798,0
"2,826",158,-180,667,-55,"1,010",-148,98,0
"11,558",-97,96,314,301,831,"1,301","2,692",0
"2,628",30,-189,"1,134",13,"1,078",497,-80,0
"6,055",-435,-141,"2,917",-12,"2,876","14,840",-204,0
"1,949",50,-75,352,97,527,-192,-12,0
"3,113",253,381,181,528,-859,258,"5,947",0
"4,470",114,-337,"1,072",-280,"1,909",467,"1,757",0
"4,248",-55,-170,"1,240",214,844,423,-97,0
"4,548",-87,-276,-273,-288,"1,821","1,182","5,350",0
"7,508",325,-159,"1,059",178,"1,012",254,245,0
"11,601",-93,-165,-127,196,984,448,"4,831",0
"4,189",80,-82,357,257,613,-250,146,0
"2,461",264,-116,"1,210",35,712,645,16,0
"11,677",195,101,626,567,410,"2,344","2,546",0
"3,355",3,56,3,238,-4,985,"5,293",0
"4,770",290,30,255,363,436,386,"1,069",0
"14,103",-162,-264,-605,-179,"1,436",638,"9,463",0
"1,862",164,-246,"1,699",-219,"1,337","1,090",52,0
"6,889",555,541,"1,507","1,389","-1,139","3,275","8,802",0
"5,779",343,-83,405,171,968,"1,874","3,452",0
155,253,-1,125,136,80,-279,141,0
"4,612",241,245,-69,592,109,358,"7,449",0
"8,581",7,-237,271,-78,"1,527",861,"4,102",0
"5,691",161,-269,305,-68,"1,411",454,392,0
"3,233",130,-105,608,119,977,-82,19,0
"17,361",360,40,330,447,"1,171","1,490","10,938",0
"6,445",97,-86,665,205,880,-136,220,0
"8,135",107,-138,174,254,"1,025",791,"2,545",0
"9,256",443,447,79,964,"-1,742","1,499","12,906",0
"9,351",357,193,252,456,142,587,"3,703",0
"6,899",342,21,853,600,792,571,"1,863",0
"3,173",112,-43,-118,121,"1,066",109,"6,876",0
"6,414",53,-228,"1,424",-26,"1,448",463,"2,028",0
"3,594",220,-234,"2,447",190,"1,199",77,-112,0
"4,257",329,534,479,"1,076","-1,069","1,388","17,733",0
"10,211",-423,-310,-40,-350,"1,703","6,981","5,661",0
"15,034",-644,403,331,"-1,079","2,856","29,862","7,684",0
"15,428",145,-63,11,458,875,630,"1,946",0
"4,046",179,263,396,499,-795,"1,008","8,205",0
"9,295",360,66,2,410,321,"1,957","4,734",0
"10,199",-253,-460,-172,-566,"2,264",375,"6,468",0
"8,446",370,-246,534,126,"1,272",233,"1,721",0
"9,473",483,-206,"1,494",32,"1,331",481,-18,0
"8,890",-135,-270,-88,-323,"1,629",891,"5,509",0
"8,964",262,6,700,294,372,"1,942",540,0
"6,508",54,-89,633,221,831,"1,443","4,266",0
"3,849",187,-252,"2,402",-133,"1,876","2,314",-241,0
"7,067",52,-141,"1,006",202,847,589,"2,412",0
"8,100",-117,-270,504,-130,"1,702","5,782",565,0
"2,058",164,-151,"1,002",-60,846,426,-94,0
"7,803",446,-231,795,136,"1,205",274,"5,251",1
"4,373",-150,-267,"2,389",-42,"1,440",773,-34,1
"5,544",49,-232,"1,610",-173,"1,109",290,-75,1
"5,269",154,-165,"1,541",456,"1,434","3,073","1,002",1
"5,826",52,-146,537,139,"1,038",393,43,1
"5,172",255,-227,689,-112,"1,254",153,-146,1
"2,007",268,40,593,363,339,443,942,1
"5,689",504,0,"2,331",393,430,849,390,1
"9,706",361,48,"3,390",550,345,"2,266","1,116",1
"5,849",167,-39,"3,207",400,630,"1,898",149,1
"6,299",251,-223,"2,848",-92,"1,604","1,382",4,1
"4,041",198,-151,"1,414",97,826,746,-150,1
"5,271",202,-124,"1,689",248,889,127,11,1
"2,285",104,-25,973,99,422,583,244,1
"4,679",145,15,911,174,136,270,"2,131",1
"5,517",77,-197,"1,145",5,"1,199",438,29,1
"7,753",265,-276,"1,911",28,"1,587",549,155,1
"3,371",631,-245,"3,287",-60,"1,610",964,-1,1