CD41_APCH7,PLVAP_APC,MICB_PE,Zombie,CD42_BV605,PVR_PECy7,Colony
620,209,633,370,"15,349","1,266",0
425,168,463,428,"7,271",839,0
"1,293",713,337,470,"24,217",304,0
"1,499","1,404",326,"1,955","45,683",758,0
"2,341",995,155,631,"27,343",119,0
2,83,21,11,234,134,0
5,35,335,196,185,838,0
457,77,670,383,"8,030","1,285",0
"1,141",105,715,189,395,"2,092",0
286,71,450,249,499,719,0
"1,674",192,178,"1,098","5,181",28,0
"1,509",808,371,86,"23,874",305,0
"1,404",520,510,271,"16,997",539,0
771,365,254,452,"12,570",67,0
333,118,348,234,"11,807",226,0
"1,351",92,630,257,"1,127","1,470",0
992,256,307,309,"5,250",856,0
857,455,478,171,"2,952",559,0
197,101,190,375,"15,354",48,0
840,33,220,337,366,720,0
"1,732",375,266,801,"10,097",107,0
882,305,205,383,"19,238",22,0
449,304,879,290,"24,440",704,0
241,90,862,408,"19,915",791,0
120,38,110,151,270,354,0
"1,236",677,"2,247",435,"10,377",239,0
"1,081",301,155,406,"2,274",194,0
448,142,62,598,"20,241",0,0
554,111,754,391,"11,487","1,091",0
269,63,650,150,"1,650",915,0
52,60,199,702,694,383,0
"1,164",169,186,340,"2,913",569,0
"1,301",97,367,671,761,579,0
445,126,834,222,833,859,0
620,425,164,291,"25,418",-105,0
"2,633",243,123,522,"1,517",601,0
612,181,685,605,"8,977","1,339",0
"1,863",213,349,215,788,"1,017",0
398,82,272,359,"8,288",190,0
879,503,395,193,"55,034",76,0
59,31,114,106,668,173,0
"1,554",552,339,430,"15,367",307,0
"1,511",137,183,665,"4,137",371,0
919,98,131,535,873,150,0
996,611,"1,025",177,"27,038",989,0
652,483,470,419,"24,665",644,0
728,136,956,254,"2,684","1,879",0
34,39,271,143,269,643,0
221,137,780,272,213,880,0
612,213,143,485,"5,246",318,0
4,0,307,178,103,498,1
791,282,130,538,"18,550",136,0
520,213,6,761,"12,872",71,0
"1,113",248,357,367,"7,451","1,256",0
412,72,172,400,"3,581",547,0
600,249,382,206,"1,140",527,0
326,33,"1,268",201,"1,259","1,545",1
"1,130",447,443,286,"7,809",491,0
530,354,178,765,"6,473",92,0
607,159,228,944,"9,752",144,0
"1,271",368,659,233,"15,165",798,0
589,373,726,236,"7,233","1,128",0
551,210,379,220,"38,834",314,0
"3,442",919,304,422,"15,761",590,0
482,320,464,370,"26,819",241,0
"1,171",152,726,418,579,"1,274",0
399,145,586,260,"7,960",428,0
704,66,284,388,548,460,0
839,141,244,351,996,414,0
590,113,117,103,"4,411",-94,0
911,672,601,24,"49,416",379,0
403,132,246,325,"11,205",54,0
"1,865",205,101,919,"13,768",-71,0
51,36,422,394,965,231,0
730,505,207,768,"25,909",407,0
421,144,716,192,"5,332",768,0
"1,861",465,703,416,"8,231",463,0
442,150,862,267,"5,251",792,0
"1,613",837,"1,090",252,"22,181",501,0
507,118,207,300,"4,283",310,0
833,304,204,261,"12,975",181,0
405,104,263,489,"12,380",208,0
"1,216",103,115,822,"2,094",445,0
"1,296",753,208,362,"28,994",659,0
"1,312",100,394,510,"1,390",626,0
626,233,417,406,"15,057","1,024",0
304,63,862,273,470,"2,301",0
"1,420",325,914,415,"4,657","1,138",0
517,40,466,194,243,"1,904",0
"2,010",745,246,473,"20,494","1,020",0
786,118,149,232,211,239,0
66,18,756,202,321,216,0
"1,156",193,428,251,"4,538",778,0
292,88,212,458,389,395,0
"1,002",391,700,404,"21,125","1,021",0
129,97,393,453,"16,057","1,381",0
61,46,204,194,440,176,0
544,198,735,322,"3,632","1,018",0
395,94,957,231,"1,711","2,025",0
435,93,502,252,"7,345",699,0
794,413,104,945,"22,670",167,0
"1,478",313,416,"1,064","2,804",388,0
815,117,341,956,"1,650",630,0
"2,253","1,316",41,996,"37,554","2,798",0
"1,321",154,324,905,"2,772",710,0
806,303,282,890,"6,558",587,0
95,11,215,304,412,442,0
367,211,247,"1,158","28,438",8,0
498,96,165,902,"1,797",35,0
409,101,374,166,544,433,0
28,26,278,146,184,231,0
401,59,760,289,616,"1,374",1
774,59,525,309,305,950,0
799,476,479,604,"11,106",499,0
"1,628",623,509,453,"24,481",772,0
"1,481",538,"1,064",166,"9,742","1,222",0
316,231,"1,047",297,345,744,0
"3,783","1,938",447,367,"8,922",728,1
364,206,104,"1,605","11,618",51,0
"8,716",-304,587,357,"1,733",812,0
737,300,836,141,"5,692","1,131",0
519,446,426,554,"32,652",252,0
"1,264",643,164,239,"7,440",299,0
135,5,382,377,524,266,0
196,63,399,248,433,554,0
796,221,55,690,"6,964",101,0
312,105,"1,043",240,"1,390","1,501",1
"1,002",228,856,248,"3,813","1,345",0
597,102,185,484,"1,284",723,0
247,137,516,119,"9,476",625,0
"1,006",230,266,294,"3,226",940,0
"1,185",215,299,"1,057","1,286",392,0
"1,671",875,750,192,"8,364","1,002",0
992,202,437,120,"5,581",305,0
420,261,"1,056",778,"13,235",239,0
847,202,178,928,"12,552",218,0
600,317,507,657,"36,980",635,0
"1,050",460,838,355,"10,814",891,0
"1,023",237,143,579,"10,716",632,0
39,48,256,292,271,747,0
379,106,"1,053",321,"7,521",801,0
"1,055",197,384,260,"4,252",451,0
365,15,524,445,506,"1,293",1
"2,866",156,299,358,974,724,0
503,205,222,950,"7,359",262,0
"1,828",345,326,377,"12,979",457,0
284,145,"1,004",197,"4,518",756,0
179,143,553,403,"16,240",553,0
761,110,208,126,"1,262",449,0
600,281,922,367,"10,154","1,391",0
923,213,"1,089",316,"3,205","1,876",0
367,184,591,175,"6,448",589,0
"1,328",227,150,"1,032","4,229",-41,0
114,88,504,245,59,579,0
-8,25,200,86,157,291,0
721,267,834,"1,507","13,133","1,460",0
849,185,923,436,"10,072","1,274",0
"1,135",543,299,365,"27,271",32,0
"1,507",981,416,"1,025","42,938",-18,0
953,240,567,299,"11,325",696,0
412,114,590,211,"10,693",887,0
570,94,171,374,"8,650",535,0
"2,076",799,472,803,"41,561",636,0
291,151,426,240,"25,201",380,0
14,47,702,164,231,879,0
"3,607","1,648","2,969",567,"11,354","2,878",0
274,44,390,259,288,"1,446",0
333,76,381,366,"4,903",799,0
"2,375",916,103,727,"16,840",144,0
"1,653","1,647",287,536,"19,522",256,0
492,141,435,374,"2,541",694,0
379,79,"1,170",221,"1,619",777,0
367,116,663,426,"8,923",473,0
"1,231",956,276,642,"29,944",502,0
"1,167",92,708,447,795,"1,496",0
865,126,295,677,"6,525",55,0
"2,828",682,535,588,"16,208",654,0
860,175,46,"1,269","1,518","4,485",0
"1,757",685,598,318,"18,550",543,0
443,60,368,271,"10,623","1,324",0
146,99,222,845,"2,634",245,0
449,126,520,281,"5,969","1,922",0
45,30,411,701,"6,959",501,0
347,59,414,268,"1,270",102,0
345,181,411,286,"18,010",215,0
315,100,833,219,"2,125","2,634",1
519,51,465,482,754,580,0
857,200,178,782,824,215,0
140,15,110,148,834,48,0
"1,434",842,163,305,"19,381",326,0
"1,789",339,774,231,"7,639",949,0
"1,080",296,722,317,"8,517",833,0
63,37,85,428,420,135,0
407,85,583,180,"1,983","1,381",0
119,53,617,343,391,"1,118",0
"1,697",325,847,862,"2,010","1,450",0
246,60,372,822,973,"1,047",0
888,287,314,243,"1,339",275,0
"1,521",560,120,693,"14,031",106,0
379,172,369,200,"9,309",566,0
112,59,638,302,"1,004","1,389",0
685,568,271,747,"43,445",141,0
864,189,270,400,"12,111",461,0
"2,655",800,"1,792",534,"12,139","1,737",0
794,198,524,686,"8,414",837,0
277,27,396,314,578,587,0
362,142,840,288,"11,356","1,072",0
336,19,243,942,"1,270",817,0
467,79,204,386,"4,133",187,0
"1,214",236,285,"1,269","5,859",78,0
919,310,656,398,"16,216",967,0
"1,358",228,"1,007",97,"4,877",924,0
"1,075",618,189,697,"30,199",220,0
686,89,335,266,747,330,0
"1,990",338,165,"1,148","22,415","1,789",0
516,213,380,419,"29,903",695,0
902,207,475,254,375,717,0
454,65,415,122,"3,776",325,0
"2,101",186,"1,494",365,"2,758",644,0
"1,459",351,804,378,"10,796",948,0
575,119,777,199,"9,903","1,250",0
"1,103",543,104,650,"15,923",117,0
"1,501",775,684,719,"32,929",983,0
34,24,188,128,38,553,0
"1,813",377,228,364,"6,915",402,0
"1,862",776,145,460,"15,313",318,0
549,205,95,414,"7,892",214,0
"2,236",702,160,699,"14,180",453,0
309,13,142,237,316,358,0
"1,296",139,851,204,"1,742","1,242",0
339,60,498,286,584,"1,183",0
210,69,518,462,434,"1,446",0
583,77,267,393,858,903,0
"1,115",169,104,496,"1,172",6,0
669,51,763,306,508,"2,039",0
"1,181",641,193,930,"33,423",193,0
388,144,355,316,"4,878",418,0
324,222,257,407,"20,837",296,0
456,158,572,154,"4,688",991,0
166,165,218,524,"20,344",400,0
553,359,615,511,"32,452",826,0
440,82,719,295,324,"1,238",0
33,9,172,127,138,56,0
"2,007",446,292,"1,362","16,051",701,0
856,315,226,757,"15,603",164,0
"1,177",891,300,300,"22,583",362,0
399,156,729,264,"15,500",448,0
639,252,270,236,"17,168",321,0
912,708,416,994,"38,809",190,0
"1,217",318,291,454,"7,732",716,0
"1,173",548,174,615,"25,341",181,0
652,117,285,232,500,604,0
"1,392",728,776,536,"23,231","1,194",0
262,49,192,202,484,674,0
"1,425",466,390,302,"16,511",480,0
107,48,356,531,530,"1,350",0
632,133,215,652,"1,173",197,0
614,191,61,490,"12,333","1,312",0
"1,025",231,278,324,"1,371",699,0
628,378,354,"1,014","26,834",296,0
"1,510",834,606,283,"42,670",628,0
"1,159",587,250,458,"20,619",289,0
790,151,495,868,"2,977",817,0
866,155,663,232,"5,724","1,603",0
"1,025",634,501,386,"10,624",362,0
"1,043",160,661,199,"1,026","1,225",0
761,99,769,226,269,"1,465",0
259,15,137,626,871,446,0
"1,094",226,367,424,"5,668",520,0
267,145,"1,070",859,"2,723","2,401",0
855,573,382,674,"30,813",149,0
752,238,502,336,"7,960",355,0
360,66,779,332,530,892,0
"1,340",582,522,551,"11,413",769,0
"1,549",596,386,230,"18,040",387,0
607,20,196,340,36,815,0
387,166,"1,279",319,"14,525",925,0
689,141,"1,008",351,"12,849","1,376",0
"1,602",363,443,487,"8,727",379,0
943,624,400,487,"31,580",466,0
342,49,309,153,"1,383",705,0
"1,109",328,646,337,"11,388",958,0
"1,408",80,505,453,"3,158","1,089",0
943,93,543,334,562,722,0
811,115,293,414,774,625,0
"3,122",277,442,474,418,"1,563",0
835,193,108,855,"2,924",796,0
543,72,111,141,802,596,0
381,79,203,648,"1,980",257,0
863,419,247,702,"25,674",297,0
674,370,174,758,"35,367",143,0
233,141,499,826,931,"1,101",0
898,156,635,296,351,"1,068",0
462,125,630,329,"4,124",624,0
"1,194",212,126,309,"5,401",688,0
719,315,487,595,"16,717",277,0
"1,758",326,692,237,"7,525","1,007",0
"3,610",548,471,341,"6,535",238,0
136,124,582,251,"16,757",665,0
527,195,869,200,"6,648",850,0
"2,954",586,876,465,"7,779",523,0
8,34,891,291,"5,173","1,463",0
"1,130",784,229,678,"20,470",369,0
980,728,337,331,"22,177",284,0
"1,108",432,535,154,"4,645",312,0
135,70,968,278,"1,762","1,726",0
"2,094","1,669",297,"1,327","54,508",520,0
418,178,209,564,"8,686",186,0
625,105,291,310,"3,671",772,0
21,14,79,105,203,142,0
400,268,199,763,"9,043",143,0
162,22,661,133,370,"2,399",0
"1,676",680,249,"1,568","44,753",326,0
260,143,424,320,"22,884",360,0
"1,374",287,"1,414",235,"6,514","1,145",0
343,108,"1,005",163,"8,410",757,0
348,114,"1,040",313,"24,193",621,0
345,154,424,582,"11,022",606,0
388,57,522,616,"14,813",737,0
340,74,322,348,"15,116",278,0
314,64,232,493,841,696,0
420,130,96,"1,201","4,422",102,0
512,334,208,397,"22,006",216,0
"1,449",552,207,362,"16,426",266,0
918,561,450,204,"34,203",337,0
302,117,407,280,"1,463",636,0
"1,416",738,395,341,"19,782",921,0
"1,373",228,735,366,"4,193","1,331",0
109,125,581,113,"11,571","1,018",0
989,224,671,270,"3,680",817,0
145,59,612,225,"11,061",901,0
800,87,571,243,692,735,0
718,136,93,321,"4,801",12,0
811,486,339,496,"38,217",433,0
952,263,282,583,"19,132",230,0
"1,000",567,758,343,"32,237",695,0
"1,654",666,266,291,"13,391",252,0
350,4,718,343,737,"2,100",0
"1,222",144,333,229,"2,132","1,106",0
709,104,767,213,410,924,0
493,177,"1,302",355,"8,902","2,148",0
"1,301",348,351,337,"13,377",462,0
851,599,"1,132",478,"19,299",827,0
190,62,200,693,733,345,0
"1,811",615,679,554,"17,737","1,503",0
331,46,218,317,428,652,0
303,119,701,407,"2,188","2,388",0
"1,572","1,183",323,"1,582","51,385",475,0
418,58,202,857,"3,119",589,0
24,24,84,137,278,206,0
291,67,391,383,650,932,0
848,136,155,538,"5,921",60,0
113,34,536,178,"5,222",799,0
166,57,292,251,186,891,0
"4,024",600,171,438,"3,594",478,0
375,61,257,343,"2,715",849,0
783,86,283,212,299,558,0
16,19,143,222,418,267,0
427,38,130,806,927,806,0
65,-4,338,167,264,189,0
"1,554",820,"1,216",134,"20,988",840,0
506,112,148,202,"6,486",354,0
303,112,865,688,"1,565","2,652",0
"2,016",783,324,381,"22,519",642,0
"1,387",200,642,303,"4,179","1,056",0
550,307,326,615,"39,943",340,0
946,558,680,528,"13,102",501,0
59,15,69,157,385,231,0
420,88,225,"1,215","8,852",73,0
408,106,887,376,"8,042","1,222",0
186,86,205,417,466,351,0
"1,127",142,"1,245",268,"4,250","2,094",0
478,184,249,385,"14,215",673,0
364,102,762,141,"9,672",973,0
449,106,915,329,"2,910","1,413",0
424,84,368,346,"6,920",330,0
855,123,263,394,"14,452",136,0
255,256,214,473,"1,030",422,0
881,596,313,"1,841","8,819",718,0
416,408,195,281,"22,620",204,0
365,185,704,295,"20,156","1,031",0
699,61,102,293,"1,550",364,0
"1,078",520,670,213,"10,253",509,0
141,62,582,312,"8,000",482,0
"1,628","1,073",330,958,"31,572",274,0
620,45,476,376,"1,886","1,434",0
"1,393",179,927,184,"3,099",961,0
558,108,"1,456",323,"6,971","1,339",0
"1,208",787,389,802,"31,998",236,0
"1,222",259,690,185,584,"1,403",0
"1,040",181,655,187,"3,342",830,0
"1,758",555,484,215,"13,506",526,0
205,52,258,615,643,"1,162",0
712,320,556,360,"21,112",625,0
351,272,950,269,"18,545",271,0
361,168,425,593,"10,942",323,0
"1,913",820,310,351,"26,637",459,0
632,231,402,517,"18,964",439,0
137,59,132,312,"3,248",235,0
"1,655",186,203,832,"2,785",-35,0
110,39,821,316,"1,623","2,167",0
600,229,958,426,"11,996",979,0
"1,633",596,295,"1,265","17,669",133,0
"1,215",227,230,610,"9,423",523,0
305,97,"1,021",139,"8,508","1,012",0
"1,067",126,400,841,864,827,0
517,115,192,219,"1,541",414,0
650,93,526,181,265,457,0
82,-24,443,148,392,184,0
"1,405",77,469,298,446,"1,129",0
525,159,133,149,"12,463",17,0
44,8,269,727,"8,718","1,265",0
956,526,507,"1,537","36,793",-3,0
"1,879",385,120,"1,144","11,216",206,0
293,-2,288,237,"3,008",477,0
628,184,176,661,"6,317",519,0
"1,922","1,329",600,"1,167","37,760",184,0
"1,591","1,117",510,428,"26,219",556,0
639,205,777,299,"1,628","1,164",0
"1,487",191,482,598,"5,240","1,162",0
356,80,324,512,"5,863",543,0
893,501,96,"1,384","20,248",273,0
"1,208",304,937,253,"7,019","1,485",0
"6,968",-187,239,284,"1,885","2,287",0
915,168,702,74,"6,456",660,0
"1,382",296,738,105,"9,811",902,0
"2,073","1,056",498,363,"20,286",337,0
689,101,373,256,"1,736",682,0
43,-18,347,217,297,570,0
425,281,704,416,"33,271",572,0
"1,192",93,"1,291",520,439,"2,486",0
590,262,192,546,"14,024",117,0
167,98,930,204,351,"1,008",0
458,124,706,252,"5,384","1,065",0
"1,257",573,983,415,"37,128",819,0
161,139,"1,208",356,"17,981",692,0
978,247,188,320,"3,699",359,0
418,198,"1,231",312,"7,661",838,0
978,327,870,251,"5,151","1,046",0
661,375,596,187,"16,031",286,0
503,155,114,349,"11,662",259,0
200,46,529,431,497,"1,437",0
263,135,431,238,"30,669",415,0
539,121,202,928,"13,184",133,0
559,73,295,379,"1,099","1,452",0
28,17,174,269,207,593,0
501,292,342,166,"36,186",427,0
271,22,309,427,"1,202","1,129",0
410,274,290,385,"26,155",370,0
395,80,95,306,"1,157",153,0
31,54,112,91,302,242,0
930,337,54,300,"8,197",131,0
560,148,131,678,"11,692",136,0
"2,222",867,324,889,"22,465",253,0
648,66,264,444,615,"1,070",0
797,233,275,194,"8,248",447,0
658,107,500,380,"9,016",711,0
413,84,182,205,288,537,0
"1,292",309,373,193,"7,818",649,0
984,332,35,937,"17,324",127,0
777,428,288,579,"11,274",466,0
"1,052",56,489,161,715,"1,463",0
"1,838",320,981,381,"9,444","1,733",0
"2,156",906,210,754,"21,224",354,0
496,87,288,267,"5,332",306,0
360,56,373,203,"1,519","1,221",0
703,344,331,485,"32,723",545,0
70,70,647,414,309,"1,767",0
118,70,"1,255",254,"7,672","3,412",0
758,540,201,151,"26,357",299,0
32,-16,613,235,"5,967",581,0
447,250,"1,181",24,"36,998",912,0
-6,27,195,739,"3,732",427,0
"1,206",390,"1,638",225,"11,437","1,105",0
878,911,208,"1,283","40,445",123,0
"1,309",207,"1,146",336,"5,385","1,873",0
"1,164",699,354,700,"22,867",438,0
"1,297",70,560,380,608,821,0
"3,581","1,556",211,745,"26,661",737,0
235,119,274,832,"20,962",356,0
39,17,134,131,251,181,0
672,411,200,612,"28,727",369,0
709,180,378,429,"14,532",316,0
895,387,73,316,"9,227",305,0
390,68,255,549,686,625,0
"1,309",251,596,307,"3,284",285,0
198,12,282,118,151,664,0
810,391,328,898,"17,567",73,0
346,33,597,172,"5,598",771,0
"1,680",433,"1,067",282,"6,639","1,233",0
262,56,232,340,"5,546",383,0
211,24,698,215,"2,002","1,104",0
84,12,70,224,"7,949",88,0
458,28,734,256,717,"1,449",1
605,125,210,"1,154","11,473",50,0
"1,387","1,825",880,695,"82,163",611,0
966,355,351,194,"14,613",517,0
309,146,840,202,"6,182","1,423",0
472,115,329,341,"4,216",914,0
161,46,328,323,253,"2,803",0
216,143,181,460,"20,938",222,0
335,3,208,372,"1,005","1,178",0
679,168,636,239,"2,523",926,0
"1,205",425,438,463,"17,455",630,0
235,128,564,219,"11,254",604,0
492,40,578,629,"5,317",641,0
"1,723",362,192,"1,253","6,941","1,590",0
821,88,276,868,"1,386",752,0
"1,325",148,680,158,"1,669",710,0
4,81,275,803,"15,022",212,0
780,94,361,921,908,919,0
271,110,568,125,998,832,0
442,124,251,321,"7,012",274,0
179,79,598,179,"9,772",715,0
"1,119",430,618,432,"7,552",709,0
509,81,68,468,437,162,0
546,116,586,719,786,"1,402",0
57,-8,275,214,180,652,0
746,321,"1,137",216,"12,394","2,429",0
"2,248","1,502",459,-36,"44,833","1,417",0
414,127,362,582,"20,553",148,0
"1,440",193,541,306,"5,980",829,0
441,208,472,234,"22,090",902,0
224,82,182,742,"12,616",26,0
719,150,751,799,938,"1,077",0
"1,123",545,497,812,"41,696",596,0
150,90,492,190,202,425,0
"1,781",223,176,327,"3,255",562,0
695,181,279,632,"5,890",370,0
"1,163",134,193,940,"1,845",503,0
171,55,218,971,"2,904",423,0
38,42,212,122,330,235,0
22,12,113,233,268,155,0
471,477,300,252,"56,551",391,0
322,92,150,240,"7,108",130,0
275,53,160,479,641,387,0
792,176,537,186,"5,708",825,0
439,119,800,428,"12,453","1,578",0
244,104,640,299,833,"2,737",0
528,166,810,287,"6,806",877,0
377,63,402,771,"1,074","3,909",0
389,209,582,660,"10,154",806,0
114,-4,252,145,268,110,0
843,586,402,"1,067","35,887",55,0
985,130,543,282,"3,692",709,0
214,93,329,477,"10,943",365,0
464,198,811,662,"33,013",723,0
675,361,843,209,"18,204",818,0
"2,658","1,538",282,"1,255","23,889",534,0
"2,281",382,457,252,"7,007",606,0
83,35,451,190,859,333,0
684,170,307,963,"1,315",892,0
602,110,616,617,634,562,0
625,195,511,357,"14,108",888,0
7,30,148,84,129,188,0
24,52,399,691,"19,592",313,0
758,276,213,475,"13,060",279,0
406,163,169,396,"11,331",145,0
"2,014",278,569,292,"7,264","1,802",0
258,33,191,260,365,619,0
634,57,741,311,869,"1,549",0
62,26,172,721,787,299,0
"2,273",796,307,614,"29,926",136,0
131,-1,431,166,288,755,0
433,158,293,157,"5,297",509,0
612,388,257,"1,010","39,249",381,0
964,257,447,448,"6,279","1,072",0
334,12,314,236,285,337,0
592,71,943,488,607,"1,045",0
"2,140","1,643",351,530,"54,499",713,0
886,357,320,639,"26,599",404,0
178,43,110,552,545,523,0
5,16,343,217,"2,755","1,007",0
449,287,"1,168",228,"17,953","1,254",0
828,311,435,633,"15,337",552,0
331,76,381,779,"4,627","1,062",0
244,311,"1,559",419,"16,910","1,094",0
744,679,629,455,"53,679",483,0
"1,516",709,229,"1,255","31,839",298,0
365,124,622,338,"6,868","1,031",0
"2,672",719,382,335,"14,762",727,0
"1,585",960,252,369,"19,177",671,0
932,383,116,587,"7,291",359,0
566,310,660,210,"5,416",977,1
888,143,584,247,"2,138","1,592",0
134,75,239,302,420,"1,071",0
724,211,145,441,"12,485",157,0
203,20,600,255,967,"1,666",0
927,71,206,430,"1,239",537,0
"1,238",247,137,917,"9,462",268,0
290,116,339,624,"22,624",507,0
"1,358",545,109,474,"25,399",323,0
"1,225",368,332,550,"16,760",557,0
"1,376",764,423,375,"23,615",238,0
563,289,80,666,"6,835",64,0
"1,171",147,295,984,"1,290",728,0
203,48,199,147,183,537,0
180,18,527,684,653,"1,069",0
"1,969",158,573,"1,235",981,"1,465",0
99,48,377,467,880,"1,522",0
"1,076",233,297,422,"6,882",786,0
"3,212","1,363",139,608,"17,189",942,0
"1,226",686,197,611,"17,816",439,0
"1,168",187,485,306,"4,881",732,0
669,317,227,966,"20,188",48,0
523,248,588,780,"30,848",786,0
26,58,330,159,"4,050",172,0
"1,648",722,506,189,"25,809",497,0
"1,113",229,395,258,"8,761",381,0
747,461,194,"1,324","22,591",37,0
967,320,328,893,"13,970",498,0
"1,849",566,187,583,"18,410",559,0
313,81,998,263,838,"1,757",1
435,145,751,175,"14,613",828,0
276,110,691,317,"4,385","1,047",0
316,58,259,368,"13,752",99,0
598,198,579,325,"18,500","1,040",0
253,81,197,659,"19,365",174,0
878,449,359,"1,037","18,792",292,0
465,241,541,303,"9,438","1,164",0
112,17,159,649,603,347,0
514,168,286,379,"5,816",345,0
968,77,761,206,"2,563","1,080",0
944,367,620,211,"14,712",649,0
"1,762","1,185",589,638,"36,609",304,0
107,33,211,127,106,856,0
190,46,379,186,577,213,0
782,388,678,316,"12,464",656,0
678,181,713,110,"6,824",607,0
479,48,609,402,313,839,0
413,150,576,307,"9,601",926,0
"1,449",240,-3,"1,386","5,091","5,029",0
598,80,456,271,"1,860",968,0
"1,542",286,503,286,"2,692",687,0
813,99,100,156,430,118,0
"1,023",288,99,"1,077","12,306",162,0
587,79,198,224,297,59,0
31,45,156,274,728,180,0
824,124,474,200,440,857,0
909,293,185,427,"5,883",230,0
62,16,330,914,"12,229",208,0
"1,933",534,189,981,"12,230",193,0
496,89,935,232,"3,241",803,0
322,61,262,321,"1,025",200,0
"1,241",369,212,330,"8,364",736,0
375,145,297,879,"25,991",348,0
852,381,798,594,"12,414","1,187",0
"1,150",464,242,"1,096","20,887",327,0
320,98,"1,038",233,893,"1,205",0
"1,168",457,764,384,"17,482",561,0
857,56,175,222,"1,511","1,209",0
692,525,218,"1,217","26,269",298,0
572,323,"1,167",306,"26,052",604,0
620,44,86,509,"1,526",57,0
"1,176",320,534,213,"9,261","1,020",0
"1,491",600,367,749,"7,826",564,0
228,26,139,197,"2,851",162,0
318,177,136,289,"6,697",122,0
843,379,283,532,"16,859",379,0
29,10,179,114,168,339,0
525,110,121,561,"21,778",-56,0
12,40,246,"1,397","2,614",418,0
"1,692",311,495,308,"5,035","1,227",0
140,-13,265,-29,-92,329,0
275,39,679,583,613,457,0
945,100,787,193,540,"1,503",0
"1,686",567,176,757,"14,413",259,0
413,87,801,166,"3,410",979,0
896,364,127,403,"16,166",447,0
"1,245",330,"1,236",375,"9,339","1,754",0
"2,484",274,89,274,"7,915",495,0
"1,009",179,"1,039",247,"3,598","1,692",0
398,93,520,472,323,"1,268",0
"1,413",357,183,466,"11,505",591,0
325,192,610,219,"25,292",519,0
913,491,315,305,"17,680",356,0
"1,208",410,111,431,"10,022",355,0
835,341,926,158,"11,990",621,0
24,11,656,257,470,"1,326",0
254,108,526,270,"25,438",404,0
"1,347",368,260,453,"5,901",594,0
126,99,962,267,"10,419","1,241",0
"1,022",302,145,965,"7,209",280,0
317,21,219,476,"1,044",902,0
431,242,54,531,"10,726",217,0
481,66,194,911,"3,432",287,0
123,8,887,159,"2,273","1,740",0
"1,220",512,325,485,"22,979",631,0
"1,504",92,222,251,"1,561","1,700",0
"1,994",267,411,303,"4,760","1,069",0
320,81,157,523,776,502,0
"1,277",779,482,"1,024","27,251",181,0
"1,502",252,155,415,"2,491",321,0
659,311,155,850,"12,112",343,0
"2,493",243,484,447,"1,189","1,795",0
"1,024",119,279,542,"2,765",615,0
134,-7,"1,523",282,"8,387",397,0
403,315,549,483,"25,665","1,005",0
591,566,"1,073",145,"65,552",406,0
814,226,"1,604",306,"8,601","2,981",0
306,74,187,811,"1,317",846,0
390,66,669,228,"2,007","1,267",0
891,204,515,140,"2,681","1,202",0
156,106,246,262,"8,487",215,0
966,249,224,357,"5,446",682,0
89,-3,274,75,61,331,0
24,14,49,10,266,164,0
"1,156",169,347,"1,599","4,600","4,066",0
"1,176",11,240,382,741,609,0
324,135,74,547,"1,539",261,0
295,54,289,169,213,"1,494",0
700,296,380,384,"10,062",488,0
"1,681",498,181,292,"12,423",185,0
769,83,264,588,871,835,0
586,399,518,662,"25,126",614,0
"1,384",698,494,85,"24,759",896,0
212,44,548,416,"5,562",708,0
269,58,267,436,783,684,0
297,33,839,307,"6,051","2,568",0
"1,658",578,"1,499",344,"11,028","1,600",1
859,265,125,866,"15,369",306,0
29,35,859,244,"2,980","1,425",0
"1,456",380,276,"1,460","18,923",688,0
569,111,287,290,"3,437",784,0
"1,185",500,902,324,"19,757",840,0
531,258,245,633,"23,118",353,0
"1,256",98,525,271,"2,459","1,219",1
"1,013",718,288,334,"29,358",330,0
976,58,338,483,972,"1,158",0
948,597,315,336,"25,145",176,0
273,58,288,683,"6,003",246,0
966,226,428,266,"4,310","1,025",0
"1,399",325,782,297,"7,140","2,666",0
142,29,367,582,786,487,0
705,202,526,562,"22,200",522,0
624,49,408,251,541,998,0
795,341,242,729,"16,420",364,0
957,272,329,257,"7,430",583,0
"1,088",601,65,545,"20,167",257,0
307,55,261,144,"4,852",945,0
545,261,940,338,"17,507","1,011",0
"1,685",616,259,488,"16,532",780,0
460,126,561,231,"12,164",592,0
363,23,455,175,557,675,0
632,124,208,"1,048","6,476",537,0
45,21,149,482,"9,183",169,0
312,173,710,302,"22,922",352,0
305,97,398,342,357,"1,086",0
"1,406",519,655,629,"5,039",834,0
375,86,142,974,"1,120","1,021",0
"1,893",383,219,584,"11,868",537,0
"1,608",798,629,322,"32,435",610,0
591,262,225,"1,288","19,143",202,0
717,240,546,"1,330","9,991","1,622",0
555,76,272,390,"3,553",425,0
709,172,562,145,550,833,0
501,143,148,318,"14,521",125,0
641,139,551,285,"10,988",677,0
"1,875",561,"1,025",332,"11,075",977,0
654,234,140,370,"5,254",334,0
"1,110",141,249,536,"1,033",967,0
"1,467",340,740,437,"6,320","1,400",0
816,803,821,841,"29,589",517,0
557,359,301,"1,142","31,186",80,0
"2,464",180,188,"1,202","2,839",252,0
904,167,832,163,"3,128",879,0
767,254,767,408,"9,338",803,0
95,44,193,258,263,148,0
869,254,364,168,"8,995",429,0
342,42,221,556,903,611,0
888,90,169,272,806,"1,535",0
311,115,408,476,"16,551",245,0
"1,196",297,910,175,"7,047","1,626",0
271,143,435,671,"12,952",771,0
806,177,282,310,"11,066",619,0
693,73,136,484,"2,105",379,0
"1,234",341,272,477,"16,898",489,0
"1,862",420,913,316,"11,510","1,220",0
413,154,454,351,"13,153",381,0
43,20,872,221,386,426,0
374,49,353,329,378,770,0
766,117,"1,015",508,"5,027","1,741",0
"1,057",287,346,236,"9,997",557,0
291,101,563,214,"8,770",732,0
882,534,"1,120",523,"22,788","1,340",0
"1,108",40,441,365,408,"2,438",0
658,221,"1,246",300,"10,029","1,333",0
"2,484",912,488,457,"16,190","1,420",0
591,93,833,233,"1,563","1,001",0
"1,855",243,418,610,"3,341","1,221",0
257,85,"1,401",448,466,"1,929",0
352,79,195,257,188,752,0
261,44,295,235,333,587,0
339,156,336,"1,114","19,142",220,0
311,122,531,237,"3,319","1,199",0
474,65,354,234,860,736,0
634,103,164,298,"2,388",498,0
"1,072",209,835,143,"5,680","1,544",0
586,271,404,275,"22,312",581,0
338,190,384,766,"33,911",232,0
27,25,772,338,"4,483",990,0
"1,742",943,121,732,"28,916",331,0
650,295,604,310,"12,015",942,0
946,406,304,512,"19,864",237,0
58,30,274,208,372,635,0
945,189,462,216,"2,653",994,0
"1,551","1,198",292,529,"21,857",231,0
"1,531",144,824,282,"2,291","1,475",0
812,385,129,898,"14,127",577,0
666,0,455,491,494,"1,720",0
728,195,220,215,"10,897",296,0
248,-22,790,198,396,"1,593",0
863,85,882,301,"1,479","2,321",0
"1,245",83,348,325,431,"1,051",0
173,44,567,351,866,910,0
716,200,219,522,"16,514",194,0
241,34,311,149,69,528,0
291,67,369,545,435,"1,390",0
648,149,286,297,"5,108",549,0
746,309,473,"1,398","35,602",289,0
507,91,534,375,"3,624","1,232",0
835,145,118,473,460,898,0
387,217,153,"1,330","19,617",942,0
568,258,311,676,"2,920",922,0
102,37,181,367,334,369,0
378,22,322,193,357,"1,258",0
910,352,227,421,"13,242",394,0
"1,451",879,322,342,"24,361",591,0
721,145,292,391,"1,609",702,0
493,399,458,"1,175","41,825",246,0
"1,310",658,325,417,"16,355",516,0
528,148,866,424,"16,675",663,0
443,289,522,690,"46,983",595,0
342,29,913,181,"1,248","1,204",0
358,108,237,275,"17,243",174,0
194,32,285,557,485,617,0
970,274,126,412,"9,832",-3,0
"1,206",277,147,"1,508","5,824",360,0
604,194,404,280,"22,575",744,0
256,-11,532,203,"1,108",699,0
31,12,145,349,464,209,0
"1,018",367,496,414,"21,073",889,0
355,95,431,341,"1,736",608,0
903,336,540,178,"6,602","1,062",0
"1,009",145,902,943,"3,960","1,704",0
889,35,402,299,757,"2,422",0
940,153,278,328,"5,972",313,0
15,33,364,363,369,755,0
283,148,661,190,"4,536",389,0
"1,011",367,117,"1,185","13,708",301,0
677,153,695,119,"3,187",989,0
68,25,348,306,"5,382",351,0
985,124,237,878,"1,394",740,0
468,197,591,246,"8,599",487,0
788,129,251,317,"7,568",418,0
"1,661",948,758,270,"43,748",992,0
"1,391",905,132,778,"21,097",504,0
"2,578",522,154,781,"7,652",693,0
413,165,332,"1,219","19,163",541,0
621,306,323,270,"11,126",766,0
91,66,245,185,86,223,0
727,327,323,723,590,452,0
641,331,"1,535",398,"27,049",923,0
354,31,813,261,426,"2,883",0
"1,510",452,431,"1,500","24,785","1,319",0
"1,586",944,"1,078",780,"19,147","1,315",0
883,246,"1,328",307,"5,011","1,751",0
364,158,743,289,"13,522","1,231",0
984,189,388,295,"6,293",692,0
546,101,327,206,"3,757",420,0
"1,381",258,339,447,"4,606",581,0
283,57,415,479,679,"1,249",0
180,97,578,385,"4,596",939,0
462,47,541,290,621,"1,019",0
"1,668",442,121,400,"4,043",469,0
919,541,288,"1,005","23,213",243,0
223,67,166,523,457,632,0
599,154,102,484,"8,744",223,0
275,61,489,529,"3,411",744,0
"1,944",888,638,217,"3,424",316,0
879,353,154,308,"5,402",784,0
708,375,291,636,"18,460",236,0
657,147,686,317,"4,778",859,0
767,159,372,610,"11,046",691,0
706,244,275,284,"12,432",366,0
686,328,599,517,"5,276","2,007",0
495,38,543,260,631,"1,078",0
496,277,189,936,"15,736",124,0
185,12,357,129,293,495,0
"1,673","1,190",477,227,"33,797","1,059",0
477,224,165,822,"14,387",132,0
"1,084",114,470,322,"1,339","2,090",0
636,94,412,137,"2,518",820,0
173,6,152,299,478,526,0
693,144,445,301,691,772,0
357,125,220,282,"3,946",424,0
779,131,678,244,"6,730",561,0
784,139,744,231,"3,884","1,209",0
"1,562",97,535,218,"1,608",912,1
511,113,"1,026",475,"3,578","1,678",0
415,76,556,400,"2,117","1,833",0
411,55,675,254,316,"1,897",0
193,82,"1,213",257,"9,959","1,473",0
"1,414",362,846,377,"11,193","1,422",0
457,34,319,636,411,"1,096",0
336,58,462,235,735,800,0
"1,341",337,737,624,"1,359",849,0
141,58,522,232,"9,652","1,171",0
836,239,541,188,"3,167",866,0
696,188,368,171,"1,437","1,050",0
74,104,872,213,"9,635","1,044",0
90,39,284,313,549,723,0
442,78,685,234,359,"1,981",0
547,79,289,260,627,395,0
213,41,365,197,194,544,0
"1,024",252,242,308,"3,877",831,0
251,46,219,323,"1,021","1,459",0
981,123,352,340,"7,245",706,0
"13,485","2,636",464,"1,162","35,168","3,273",0
434,85,402,493,"3,865",435,0
230,35,150,634,"6,051",98,0
726,232,140,311,"6,332",144,0
183,14,330,431,569,"1,633",0
929,64,871,249,752,"1,417",0
904,175,430,217,"1,328","1,434",1
606,146,625,"1,328","35,141",733,0
357,67,641,99,"4,188","1,332",0
868,263,"1,191",341,"10,100","1,285",0
"1,691",625,896,265,"19,767",868,0
965,358,203,"1,247","20,378",78,0
427,146,271,663,"15,394",364,0
557,24,234,163,"1,344",370,0
284,172,348,471,"15,596",301,0
481,34,"1,371",521,733,"3,645",0
857,241,390,285,"14,053",629,0
434,22,794,189,"3,569","1,132",0
210,10,197,757,"1,114",465,0
469,73,357,595,442,598,0
392,146,768,674,"20,311",705,0
484,253,781,287,"13,804","1,077",0
"1,781",307,"1,146",443,"7,006","2,381",0
"1,007",208,161,393,"5,341",896,0
341,170,163,459,"12,673",237,0
878,68,923,213,785,"1,549",0
514,176,827,289,"14,551","1,102",0
"1,782",271,491,359,"6,633",753,0
378,241,300,"1,137","31,928",423,0
"1,318",729,205,992,"20,599",424,0
160,22,386,275,244,659,0
40,-8,180,55,200,100,0
"1,667",773,235,"1,437","24,520",552,0
"1,263",742,186,801,"34,890",338,0
91,-7,163,254,220,313,0
"1,241",377,258,543,"6,740",848,0
427,72,334,286,328,472,0
336,68,931,408,"8,749",820,0
661,480,309,755,"55,823",691,0
210,85,115,641,"1,798","1,382",0
313,31,246,455,306,897,0
195,-7,593,553,"1,607",377,0
563,23,465,262,452,"2,135",0
478,95,654,186,438,"1,130",0
282,1,170,125,"5,365",731,0
"2,164",582,298,334,"15,308",418,0
225,40,602,224,371,782,0
"1,167",347,268,350,"16,527",360,0
203,48,655,216,"1,200","1,914",0
996,277,462,450,"8,534",759,0
"1,094",166,647,268,896,821,0
119,11,256,399,"12,417",-6,0
179,43,525,231,225,922,0
"1,045",578,523,663,"18,644",618,0
"1,742",547,115,386,"10,776",575,0
390,181,416,505,"11,079",541,0
268,65,"1,196",651,"27,708",708,0
417,250,334,528,"28,625",470,0
"1,510",348,385,461,"15,586",935,0
"1,738",101,258,586,739,"1,557",0
160,19,350,450,605,382,0
881,507,484,406,"20,855",702,0
322,63,101,298,438,219,0
564,135,302,"1,222","15,804",24,0
211,-24,318,210,240,"1,789",0
455,294,208,339,"36,111",154,0
161,17,225,342,590,282,0
"1,327",213,939,194,"7,183",826,0
536,349,578,434,"24,769",476,0
50,8,178,117,161,361,1
291,33,247,377,653,854,0
400,62,247,597,"2,331",472,0
297,21,606,313,744,464,0
315,86,473,293,612,712,0
"1,114",247,692,301,"7,663",912,0
249,122,171,730,"12,031",141,0
585,45,250,298,"5,822",461,0
79,31,"1,021",318,"5,153","2,253",0
438,125,371,455,"10,366",317,0
85,99,285,349,"8,280",189,0
323,160,204,"1,170","2,734",436,0
"2,340",185,"1,235","1,259","10,397","1,941",0
"1,465",767,205,526,"23,367",509,0
"1,032",93,561,258,"1,188","1,184",0
850,73,122,216,"3,302","1,234",0
708,86,533,586,835,"1,501",0
222,23,214,124,447,887,0
532,46,304,166,"2,179",513,0
117,112,166,633,"8,607",101,0
608,131,433,416,"7,930",770,0
"1,198",557,107,709,"5,244",558,0
"1,513",798,611,433,"19,059",587,0
490,162,500,350,"16,821",699,0
344,37,265,463,931,596,0
574,25,522,318,453,"1,194",0
"1,039",-79,-40,83,-48,626,0
315,111,326,380,"14,754",254,0
309,134,326,904,"19,991",373,0
366,42,314,281,"2,263",594,0
812,310,218,260,"5,727",535,0
643,361,383,467,"10,887",847,0
"1,009",82,144,318,"2,730",252,0
792,250,345,359,"6,464",460,0
"3,432","1,459",147,994,"19,728",540,0
438,268,306,"1,017","27,709",275,0
485,180,159,386,"17,668",83,0
929,91,678,348,"3,644","1,517",0
636,293,319,870,"12,726",513,0
268,193,"1,141",477,"25,484",623,0
438,112,148,539,"12,881",166,0
390,131,602,387,"1,832",634,1
767,246,582,363,"10,378",632,0
652,318,102,327,"18,263",211,0
348,161,418,"1,255","26,340",407,0
553,105,60,5,"5,084",268,0
510,111,156,264,"8,828",754,0
27,30,85,131,246,163,0
47,24,272,268,348,852,0
-6,48,46,112,310,229,0
358,280,267,568,"16,113",138,0
718,28,584,237,341,"1,390",0
456,193,180,146,"14,005",218,0
"1,093",352,951,433,"4,659",779,0
200,55,633,143,335,976,0
"1,187",264,277,377,"6,753",291,0
326,42,202,247,"4,653",705,0
48,65,132,183,647,221,0
598,246,323,285,"11,601",357,0
687,720,347,930,"27,528",361,0
734,54,878,298,"2,542","1,616",0
12,-12,174,194,136,289,0
566,231,"1,625",306,"4,156","2,473",1
369,126,467,279,"7,974","1,081",0
795,418,280,507,"13,519",538,0
271,54,"1,085",380,"4,041","1,741",0
166,45,272,595,"1,004",214,0
783,865,316,"1,022","36,372",202,0
192,39,235,806,601,877,0
584,104,516,"1,663","1,504","2,734",0
283,81,74,"1,086","1,689","1,340",0
154,76,568,591,710,641,0
827,496,153,496,"32,426",224,0
30,10,85,83,299,179,0
"1,211",556,380,"1,120","17,892",372,0
"2,186","1,384",311,754,"31,917",418,0
"1,996",416,309,290,"3,003",937,0
"1,414",684,391,650,"25,761",807,0
672,465,"1,300",168,"45,204","1,046",0
495,143,725,189,"8,842",843,0
360,73,513,202,627,"1,141",0
229,47,208,259,"6,883",244,0
832,162,232,571,"5,821",169,0
952,334,256,211,"13,992",567,0
371,112,"1,008",212,"10,834",912,0
117,27,344,293,"6,674",328,0
607,173,670,296,"3,119","1,801",0
"1,399",590,190,785,"21,090",416,0
350,42,256,738,643,337,0
"1,475",141,362,430,"4,865",575,0
972,383,424,303,"8,198",582,0
456,50,-198,462,"4,064","5,889",0
574,430,670,725,"19,426",435,0
283,154,498,652,"18,073",481,0
220,100,675,194,"2,072","1,298",0
603,152,586,167,"5,360",756,0
249,40,87,576,"6,615",287,0
"1,483","1,071","1,058",556,"42,866",919,0
802,429,402,299,"3,421",456,0
924,233,659,375,"8,073","1,122",0
517,89,192,408,"6,264",347,0
"1,233",842,409,227,"33,652",568,0
"1,398",676,234,507,"23,398",92,0
"3,625",393,221,270,"7,081",469,0
96,190,153,488,"1,253",392,0
"1,183",251,158,376,"8,732",392,0
368,114,229,592,"17,439",163,0
315,120,312,222,"6,564",612,0
411,20,571,191,"1,470","2,019",0
220,28,449,382,"4,128",833,0
354,189,297,275,"20,028",329,0
494,96,186,596,"7,404",206,0
851,584,394,415,"28,414",224,0
"1,994",685,368,415,"17,119",482,0
765,243,372,508,"20,447",881,0
894,182,492,271,"3,534",998,0
479,190,386,516,"18,430",454,0
"1,151",306,246,373,"8,241",535,0
489,219,401,78,"9,433",367,0
373,58,675,286,759,799,0
316,7,338,153,"3,687",679,1
725,500,415,466,"29,058",404,0
"1,723","1,163","1,790","1,498","22,432","1,027",0
682,95,274,454,"1,453",991,0
590,546,246,896,"24,798",153,0
"1,089",277,238,122,"5,335",620,0
339,39,598,198,"2,597",915,0
188,123,320,712,"20,121",132,0
327,125,946,277,"8,889",949,0
978,418,809,342,"21,541","1,098",0
296,151,363,360,"6,722",526,0
"1,178",666,524,320,"20,712",476,0
320,47,103,655,"6,052",173,0
533,157,851,421,"4,726","1,206",0
135,14,"1,086",217,"25,796",712,0
300,20,152,291,"7,417",486,0
554,165,222,309,"8,882",472,0
626,342,297,"1,535","12,070","1,506",0
184,-5,209,187,981,"1,183",0
254,171,445,468,"21,969",444,0
"1,318",644,484,637,"22,254",537,0
331,164,146,471,"16,817",112,0
468,204,408,191,927,903,0
684,348,136,487,"11,065",115,0
630,382,"1,003",482,"13,753",931,0
936,304,497,230,"3,558",389,0
748,100,135,905,"3,460",89,0
942,363,398,269,"10,799",575,0
485,76,460,531,"4,307",628,0
939,172,620,220,"3,039",534,0
559,200,617,324,"23,714",636,0
308,106,798,375,"6,523",919,0
792,356,358,388,"14,732",494,0
"1,152",248,370,286,"10,078","1,113",0
"1,262",308,540,683,"4,237","1,481",0
410,96,271,378,"16,666",287,0
600,97,340,237,896,756,0
458,107,322,295,"14,339",522,0
-21,51,977,209,"8,893","1,641",0
295,190,273,"1,009","20,803",175,0
644,156,973,106,"6,415",952,0
991,511,180,826,"20,547",211,0
997,262,919,267,"9,052","1,305",0
216,-46,733,158,"1,923","1,982",0
761,207,254,453,"10,319",168,0
523,39,337,142,258,601,0
"1,472",470,133,358,"17,147","1,015",0
889,118,700,298,532,"1,598",0
960,508,445,812,"17,444",462,0
299,125,875,235,"1,122","1,003",0
3,12,97,356,"6,594",-1,0
831,306,633,234,"14,576",612,0
"1,254",153,821,216,"4,003","1,601",0
398,52,246,514,"7,694",237,0
181,168,848,436,"22,556",613,0
797,378,238,420,"11,480",173,0
267,222,666,386,"10,143",656,0
"1,062",559,"1,082",255,"14,874","1,192",0
"1,420",362,"1,125",266,"7,768","1,437",0
463,128,814,222,"5,748","1,218",0
841,299,166,867,"12,686",401,0
"1,289",502,238,604,"7,842",50,0
252,2,171,123,214,284,0
757,249,193,180,"7,658",343,0
832,338,351,411,"7,983",588,0
399,122,413,104,170,803,0
66,21,60,101,"4,381",7,0
355,94,230,756,"1,775",438,0
"2,235",61,368,208,247,893,0
187,116,567,628,"7,971",754,0
203,119,387,316,"18,172",407,0
186,49,140,712,"12,503",300,0
528,14,404,214,136,904,0
396,72,317,276,"4,599",783,0
712,155,303,568,680,710,0
388,143,345,660,"18,757",437,0
141,76,436,429,405,"1,225",0
377,28,170,473,402,249,0
436,154,855,198,"4,628","1,039",0
"1,907",571,393,"1,006","26,997","1,052",0
605,277,260,974,"21,407",232,0
946,224,175,349,"8,963",635,0
481,106,"1,186",516,"7,736",797,0
"3,945",563,292,264,"11,027","1,247",0
601,268,123,476,"24,544",615,0
648,302,154,796,"10,452",220,0
129,76,159,326,"4,058",400,0
453,86,690,235,"4,398",891,0
"1,256",260,150,715,"6,464",-32,0
"1,229",253,815,169,"4,697",689,0
441,57,773,728,"2,013","1,217",0
"1,134",210,403,303,"3,630",269,0
555,67,432,291,326,715,0
651,140,322,296,"4,611",256,0
97,32,224,161,"4,110",637,1
"1,131",677,129,730,"12,426",299,0
549,208,621,251,"7,693",646,0
676,371,"1,555",355,"16,846","1,311",0
67,56,166,854,"5,121",185,0
456,185,841,331,"6,949","1,252",0
194,-10,298,144,402,"1,450",0
141,45,281,478,936,772,0
238,79,827,280,476,"1,322",1
339,87,860,249,"6,986","1,161",0
515,-4,498,290,420,920,0
"1,016",185,486,200,"3,901",561,0
148,10,263,164,204,479,0
788,374,572,609,"25,024",265,0
3,22,37,98,171,88,0
808,310,334,434,"26,208",92,0
"2,145","1,126",173,516,"27,966",430,0
195,45,467,277,313,982,0
233,27,263,528,768,655,0
613,245,"1,613",261,"3,388","1,761",0
159,51,550,267,247,735,0
382,63,367,298,463,"1,378",0
"1,192",145,330,651,591,"1,388",0
"1,170",396,532,380,"10,060",665,0
"1,277",484,229,566,"17,546",479,0
316,100,285,481,"16,300",181,0
251,30,138,390,"7,178",272,0
377,57,456,209,"3,788",470,0
42,2,137,200,189,775,0
467,105,147,"1,238","4,921",41,0
"1,012",583,124,520,"17,997",259,0
"1,341",500,313,"1,124","19,521",411,0
214,36,449,257,102,"1,152",0
284,83,411,360,"8,066",266,0
"1,280",257,689,410,"6,231","1,254",0
396,15,979,315,"7,498","1,720",0
391,134,"1,099",310,"13,524","1,095",0
106,31,581,396,600,"1,199",0
"1,410",382,505,196,"3,531",678,0
684,328,178,380,"13,220",65,0
93,4,175,151,494,680,0
61,33,261,191,153,525,0
"1,835",229,554,181,"2,172",755,0
-50,15,270,234,165,728,0
454,244,251,363,"22,573",274,0
"1,170",339,314,178,"5,362",623,0
380,79,773,547,478,"1,336",0
303,139,360,367,"4,070",519,0
61,38,49,133,320,168,0
"1,298",478,188,677,"15,951",373,0
58,50,267,696,"1,011",386,0
"1,498",760,435,230,"23,406",775,0
"1,460",269,150,598,"6,632",86,0
801,42,168,202,217,308,0
"2,034",663,292,"1,286","24,056",162,0
801,183,449,185,"4,247","1,048",0
616,155,217,176,"6,945",151,0
"1,561",168,328,282,"4,695",548,0
472,164,214,273,"19,123",432,0
210,35,575,365,905,"1,759",0
766,301,764,322,"1,393",979,0
259,112,522,426,"12,862",556,0
48,36,226,"1,054",854,"1,329",0
"2,112",101,227,211,942,"1,060",0
"6,822",-384,-70,439,595,"1,165",0
389,7,157,358,"3,359",354,0
398,104,533,303,"3,451","1,336",0
576,234,356,408,"6,426",523,0
307,137,236,355,"29,281",206,0
988,62,434,251,"1,584","1,155",0
320,131,512,"1,061","4,801",555,0
271,90,400,305,583,705,0
894,131,502,353,"6,684",650,0
792,143,306,287,"2,487",908,0
307,14,695,311,540,"1,267",0
155,58,488,623,"5,537",462,0
151,139,265,341,"21,981",71,0
234,15,334,299,"1,306",424,0
25,26,34,60,203,103,0
758,358,259,"1,208","20,867",220,0
481,55,499,154,"2,919","1,442",0
235,104,336,168,626,"1,223",0
88,10,71,349,366,453,0
309,97,452,386,"7,134",495,0
636,139,201,725,"1,094",342,0
"1,229",249,690,462,"8,289","1,160",0
39,22,303,586,"4,256","1,221",0
"1,355",368,408,235,"8,404",586,0
"1,485",263,-547,"1,501","20,104","13,518",0
901,99,326,214,542,"1,433",0
499,58,666,443,"2,128",875,0
735,108,207,"1,058","2,333","1,554",0
559,160,106,200,"3,697",135,0
238,50,240,320,"8,871",335,0
"1,010",222,79,"1,325","7,139",829,0
522,85,264,404,"8,341",572,0
712,247,332,181,"11,613",462,0
"1,039",389,302,537,"15,087",268,0
"1,196",297,174,276,"11,550",718,0
171,44,215,512,430,337,0
"1,050",144,634,479,"7,367","1,173",0
123,68,"1,249",248,"4,997","1,068",0
"1,126",156,526,330,"6,047","1,184",0
810,460,495,316,"19,314",528,0
919,347,201,408,"12,252",359,0
293,99,930,275,"7,545","1,253",0
898,386,246,662,"12,845",189,0
69,0,31,594,450,50,0
278,118,522,439,"10,773",501,0
968,349,248,909,"5,315",284,0
566,219,"1,892",452,"11,661","1,386",0
944,485,281,470,"17,063",533,0
420,84,"1,026",253,"3,394","1,210",0
904,158,27,943,"2,190",174,0
"1,524",226,625,174,"5,019",831,0
"1,219",389,"1,194",504,"7,750","2,351",0
684,83,277,781,"9,222",358,0
"1,456",408,548,356,"13,454",702,0
855,579,298,651,"14,519",198,0
497,158,80,453,"1,387",151,0
285,46,638,202,"1,817",759,0
962,123,161,422,579,160,0
732,500,279,685,"15,725",286,0
331,114,436,260,"5,477",437,0
756,304,618,"1,765","12,207","1,529",0
879,364,631,"1,121","14,659","2,230",0
952,314,"1,068",306,"1,572","1,254",0
"1,413",194,296,392,"1,173",480,0
345,145,236,321,"6,565",400,0
664,215,75,"1,009","14,189",196,0
"1,432",461,197,"1,134","12,123",16,0
"1,372","1,147",497,837,"47,126",717,0
593,249,162,394,"10,997",177,0
"1,134",183,816,372,"1,894","1,315",0
763,45,672,449,383,"1,498",0
"2,345",810,373,682,"14,028",552,0
"1,153",102,624,417,"2,476","1,072",0
"2,450",677,885,385,"16,237","1,742",0
494,232,203,395,"21,008",132,0
977,299,382,241,"9,617",796,0
517,32,419,703,959,414,0
"1,183",255,520,383,"7,631",881,0
"1,755",408,386,444,"14,677","1,602",0
112,18,262,289,316,945,0
882,182,105,723,"8,548",178,0
928,213,911,246,"5,806","1,059",0
748,51,969,"1,459","1,367","2,230",0
150,49,198,254,301,240,0
320,87,581,320,"2,907",825,0
610,454,665,465,"37,403",651,0
652,260,469,485,"22,620",286,0
980,-3,"1,143","1,031","8,818","4,233",0
-3,85,546,834,"23,590",356,0
767,263,436,461,617,"1,046",0
"1,434",425,539,557,"12,582",303,0
822,41,551,691,564,925,0
"1,448",503,635,462,"12,490","1,304",0
78,-7,161,444,"6,831",230,0
994,91,138,187,331,"2,506",0
263,47,564,680,"1,489","1,980",0
"1,263",288,581,452,"11,970","1,071",0
270,7,589,154,756,830,0
"1,287",178,135,703,"8,558",482,0
34,46,162,98,385,393,0
701,129,928,579,605,"1,491",1
841,85,204,"1,040","2,053","1,143",0
129,18,192,186,221,332,0
"1,203",637,383,"1,083","25,373",144,0
382,168,516,468,"17,439",327,0
510,66,176,478,"1,781",288,0
319,36,305,377,276,569,0
"4,509",530,340,202,"4,531","1,157",0
595,120,"1,114",362,"5,798","1,448",0
160,46,262,362,"3,550",519,0
227,46,300,"1,759","4,911","1,002",0
216,18,81,410,646,289,0
"1,068",571,309,"1,449","22,012",190,0
"1,088",15,434,223,445,"1,991",0
405,39,421,566,940,"1,308",0
"1,219",361,477,340,"12,438","1,153",0
444,-4,990,119,"2,397","1,899",0
403,24,347,187,151,"1,353",0
184,63,648,281,"4,820",808,0
864,167,633,146,"6,915","1,158",0
286,92,"1,046",372,"10,385","1,141",0
475,59,934,286,693,"2,916",0
350,62,236,488,"13,688",402,0
349,239,125,77,"11,405",63,0
170,-5,165,483,323,"1,142",0
640,215,681,258,"7,867",761,0
"1,473",316,442,274,"5,580",985,0
"1,503","1,189",576,320,"43,924",827,0
601,46,468,124,160,"1,033",0
632,65,406,539,852,"1,513",1
"2,100",136,170,407,"4,355",476,0
"1,852",722,366,752,"27,906",534,0
"1,098",30,270,475,"1,749",711,0
240,96,387,"1,332","14,105","1,085",0
455,33,747,245,"1,150","1,625",0
44,75,162,440,674,239,0
599,119,746,222,"3,778","1,377",0
"1,544","1,163",390,877,"36,724",176,0
848,150,381,"1,784","29,269",209,0
"1,129",188,879,297,719,"1,179",0
42,29,282,272,194,630,0
25,13,191,89,162,194,0
668,112,"1,376",287,"2,974","1,276",0
337,123,97,693,"5,497",145,0
330,164,531,414,"11,167",916,0
34,4,282,145,108,319,0
950,94,767,432,"2,306","1,645",0
"1,055",718,91,733,"10,623",231,0
"1,062",187,154,264,"3,859",325,0
240,34,41,542,"2,965",161,0
"1,661",567,743,385,"19,143",784,0
697,418,187,580,"31,667",256,0
762,204,299,717,"16,187",132,0
372,131,918,522,"15,691","1,139",0
215,25,179,218,428,551,0
"1,251",392,475,177,"8,095",618,0
"1,204",97,862,218,"1,252","1,219",0
"1,618",995,726,560,"39,833",801,0
315,78,257,"1,026","15,066",324,0
396,88,565,170,228,"1,365",0
"1,030",410,459,652,"24,578",556,0
"2,149",528,"1,552","1,625","19,104","2,927",0
"1,005",135,135,980,"1,404",239,0
824,477,534,322,"28,857",331,0
772,45,227,883,642,709,0
507,45,112,478,"5,669",213,0
359,214,280,896,"18,305",251,0
597,93,296,228,152,553,0
"1,460","1,107","1,797",550,"35,870","1,467",0
406,21,383,297,"1,750","1,198",0
415,12,74,633,465,105,0
258,37,104,807,"3,712",119,0
123,1,154,729,640,519,0
379,39,96,376,741,342,0
915,518,406,603,"23,283",354,0
"1,229",72,453,335,743,"1,618",0
192,37,154,340,542,186,0
984,239,425,341,"3,227",700,0
971,135,754,409,"12,951","2,554",0
670,53,307,695,"1,417",689,0
375,39,166,806,832,190,0
475,49,166,330,372,401,0
576,373,280,908,"19,248",219,0
92,29,177,285,650,325,0
364,127,826,365,"2,572","1,008",0
171,15,360,191,231,953,0
137,22,151,584,"4,532",430,0
"1,160",319,178,851,"9,037",176,0
623,157,"1,153","1,494","5,145","2,766",0
397,156,"1,642",459,"6,619","4,182",1
884,145,263,234,"1,713","1,085",0
355,101,697,689,"1,835","1,357",0
770,152,202,428,"7,007",499,0
173,53,238,84,"10,449",192,0
758,399,262,523,"10,407",628,0
972,258,241,496,"7,800",289,0
609,69,300,196,210,"1,314",0
91,54,"1,378",270,"3,226","1,804",0
"1,783",419,169,618,"13,311",612,0
809,6,378,255,543,625,0
160,41,775,758,634,986,0
"1,083",316,753,428,"6,917","1,116",0
266,154,983,585,"26,128",656,0
215,195,137,606,"16,694",41,0
687,177,447,261,"3,331",699,0
"1,142",312,"1,093",235,"5,356","1,308",0
496,271,438,850,"29,174",333,0
"1,166",348,553,229,"9,988",483,0
"2,157",387,220,779,"5,021",684,0
495,52,"1,098",291,"1,000","2,072",0
"1,196",308,107,272,"10,241",187,0
"2,156",581,375,413,"8,952",640,0
311,118,157,577,"15,826",-3,0
"1,105",81,172,530,"1,235",385,0
"1,484",424,307,244,"12,310",638,0
771,371,231,674,"22,753",131,0
985,207,891,208,"1,326","1,416",0
"1,783",920,555,401,"14,865",868,0
514,181,"1,326",327,"7,764","1,466",0
"1,306",177,180,"1,035","3,627",457,0
242,11,604,201,341,905,0
"2,337",494,137,309,"9,766",331,0
719,219,270,792,"13,534",147,0
"2,028","1,826",576,"1,111","48,025",886,0
161,62,666,433,"27,399",818,0
493,245,220,866,"14,587",132,0
329,59,591,275,"1,397","1,236",0
946,6,272,629,553,428,0
548,358,464,631,"20,952",846,0
471,125,460,674,"16,638",445,0
548,58,586,299,"3,918","1,326",0
762,223,705,518,"9,487","1,951",0
"1,503",412,36,"1,042","13,184",442,0
401,31,242,570,578,"1,498",0
41,19,67,111,315,96,0
644,201,263,229,"2,661",730,0
"1,053","1,238",459,"1,025","85,813",560,0
53,41,140,713,641,388,0
322,232,131,109,"2,449",153,0
314,154,169,605,"12,168",226,0
483,86,217,169,"1,945",576,0
677,200,636,400,"3,146",658,0
"1,089",265,"1,044",284,"6,972","1,993",0
285,52,396,241,"5,411",562,0
"1,368",763,458,380,"37,435",376,0
775,287,374,460,"25,233",819,0
682,167,307,"1,198","22,261",371,0
781,41,405,563,"1,786","1,532",0
"1,962",448,506,381,"9,531",714,0
912,398,451,377,"17,264",309,0
875,252,646,410,"10,160","1,078",0
"1,445",624,378,435,"30,506",309,0
495,8,702,280,"1,207","1,174",0
135,57,101,102,334,198,0
350,77,208,233,"3,444",531,0
"1,267",88,782,537,"4,748","1,251",0
239,63,384,511,565,446,0
326,52,630,179,"2,814","1,106",0
350,60,326,446,"1,974",503,0
766,-3,612,297,816,"2,211",0
"1,592",207,865,254,"6,619","1,527",0
886,598,202,548,"31,014",526,0
91,6,88,250,"1,868",451,0
59,30,158,571,713,207,0
615,103,573,431,"2,286","2,317",0
109,23,159,222,211,330,0
100,7,111,992,"11,032",212,0
743,132,131,304,870,393,0
186,106,160,685,"21,263",186,0
"1,271","1,045",486,"1,453","44,595",806,0
274,13,516,239,"1,078",798,0
476,156,453,570,"13,912","1,021",0
"1,141",588,391,975,"25,923",254,0
781,334,411,389,"13,130",785,0
55,29,361,460,301,761,0
"2,263",236,360,330,"4,757","1,790",0
670,221,408,196,"10,029",626,0
"1,793",926,304,589,"32,172",647,0
"1,233","1,262",580,909,"40,647",290,0
"1,197",270,"1,249",305,"13,507","1,792",0
91,98,435,620,"50,585",730,0
396,76,738,194,"2,208",809,0
676,243,712,408,"18,900","1,364",0
520,84,499,232,"5,737","1,165",0
400,27,696,216,"1,418","1,084",0
950,240,923,347,"8,697","1,139",0
610,484,885,402,"38,047",502,0
502,321,567,153,"45,458",566,0
200,55,418,138,633,751,0
"2,935","1,678","1,217",870,"45,646","1,408",0
122,121,395,960,"2,796",633,0
315,105,"1,670",335,"1,714","1,636",0
"1,304",248,653,298,"9,659","1,548",0
51,42,666,278,"4,049","1,505",0
"1,154",348,358,255,"9,234",606,0
"1,495",139,647,429,"4,372","1,871",0
561,118,535,368,"14,731",401,0
191,7,638,277,"14,569",752,0
906,322,311,187,"8,034",341,0
136,16,359,699,585,999,0
952,391,316,437,"13,159","1,225",0
186,5,439,244,"1,186",838,0
"1,024",741,310,"1,662","50,921",576,0
"1,924",423,351,420,"6,105","1,104",0
428,49,465,328,337,913,0
-46,0,374,683,"17,133",237,0
230,43,346,322,265,"1,340",0
429,189,436,893,"45,245",452,0
560,301,394,408,"10,441",615,0
355,86,703,300,"1,006","1,124",0
218,47,586,145,"1,459","1,620",0
508,28,498,497,"3,887",976,0
0,-9,632,118,124,620,0
345,97,300,196,"4,814",905,0
223,28,600,746,"2,599",848,0
144,56,"1,169",291,246,815,1
366,38,"1,275",406,"1,638","1,871",0
177,4,431,300,"3,512",378,0
274,-5,452,236,"1,603","1,363",0
939,106,390,847,"1,457","1,487",0
"1,070",395,419,592,"20,333",246,0
279,8,450,280,248,862,0
222,62,379,118,"5,952",585,0
"1,055",88,304,466,410,818,0
"1,044",105,364,235,"2,555","1,097",0
596,57,441,219,754,"1,492",0
"1,013",270,617,763,"7,126","1,050",0
990,125,519,224,"1,564","1,306",0
716,349,532,285,"28,588",656,0
865,293,502,313,"20,625",897,0
798,6,857,227,264,"1,099",0
458,179,475,563,"12,460","1,179",0
773,266,777,431,572,877,0
665,202,584,"1,062","5,288","3,214",0
475,167,607,797,"22,976",764,0
272,97,754,219,"7,155",886,0
203,56,478,494,587,"1,034",0
812,350,384,351,"23,562",424,0
528,118,515,123,"1,081","1,352",0
696,245,390,236,"20,647",742,0
463,161,611,253,"17,175",583,0
260,4,547,274,506,841,0
915,277,488,262,"11,158",851,0
578,60,378,208,348,773,0
118,9,380,409,310,640,0
14,9,431,205,"3,803",317,0
375,180,416,411,"22,435",469,0
281,170,413,237,"11,813",470,0
361,136,"1,265",305,"8,251","1,144",0
278,-16,309,163,537,979,0
640,54,425,243,"2,010","1,336",0
625,108,356,644,522,"1,773",0
80,33,329,179,285,"2,017",0
331,65,317,334,"8,743",248,0
283,176,424,433,"9,040",488,0
701,204,582,240,"4,916",649,0
"1,312",226,"1,170",409,"4,658","2,123",0
206,46,395,322,"13,973",433,0
289,9,433,421,310,"1,614",0
251,17,294,168,"3,886",897,0
"1,218",865,468,702,"36,534",756,1
771,230,339,296,947,610,0
53,-11,"1,134",148,"1,878","2,500",0
256,53,388,121,146,"1,057",0
119,50,426,166,188,529,0
529,210,320,240,"11,545",367,0
"2,059",718,676,216,"11,795","1,143",0
590,108,456,136,"1,677",642,0
305,139,301,393,"9,523",643,0
893,180,798,151,"8,890",711,0
250,34,497,389,472,955,0
780,65,449,300,896,"1,197",0
"1,230",655,355,574,"14,100",450,0
286,73,657,166,"7,121",842,0
359,27,358,296,479,895,0
"1,156","1,112",495,600,"46,400",512,0
"2,697","1,143","1,167","1,151","25,184","4,239",0
193,114,518,930,"11,884",436,0
799,200,815,645,"7,934",708,0
567,319,385,686,"33,593",440,0
285,97,317,261,"10,031",275,0
217,7,372,138,"2,189",965,0
876,309,761,339,"11,228",761,0
447,84,920,206,"6,378",867,0
373,52,750,379,"1,723",983,0
535,4,357,"1,052","1,552","1,678",0
399,37,385,502,443,954,0
23,20,289,194,188,178,0
912,686,382,"1,282","23,886",871,0
848,202,836,192,"8,606","1,324",0
664,72,519,728,749,941,0
"1,815",755,310,"1,100","28,399",604,0
"1,072",115,357,333,330,975,0
900,261,341,570,"19,661",707,0
377,120,421,433,"10,451",321,0
289,14,333,170,926,"1,424",0
882,107,481,498,"20,998","1,225",0
736,189,430,230,"14,993",898,0
126,81,707,308,"26,249","1,180",0
847,132,357,408,"8,076",785,0
405,22,376,241,627,"1,810",0
313,170,358,495,"20,761",224,0
779,56,406,405,"1,973","2,018",0
246,65,391,369,"7,820",242,0
799,163,524,251,"1,313","1,394",0
233,68,883,317,333,"2,122",0
"1,237",220,577,340,"7,422","1,168",0
"2,290",803,393,192,"9,282",994,0
295,96,395,359,"9,116",428,0
597,55,374,520,599,803,0
490,137,406,234,"11,312",446,0
50,32,495,399,"16,530",451,0
353,76,572,693,634,"1,273",0
96,38,358,487,"18,746",344,0
413,219,476,499,"8,383",851,0
790,192,673,189,"7,009","1,233",0
439,90,286,607,"1,044",441,0
473,166,716,377,"8,405",555,0
"1,015",240,332,727,"18,808",175,0
326,60,590,360,"5,769",621,0
"1,218",269,389,225,"9,798",388,0
369,97,668,160,"6,544",951,0
172,-1,307,343,"17,770",367,0
"1,336",700,679,188,"2,327",631,0
332,62,433,479,"9,011","1,173",0
281,86,611,165,"7,334",931,0
332,79,627,393,"5,764","1,020",0
630,313,362,549,"12,455",315,0
886,153,445,296,"3,596",887,0
242,14,448,696,"1,008","2,346",1
"2,174",156,624,294,"3,307","1,869",0
719,46,650,273,189,"1,050",0
"1,458",734,339,488,"23,852",412,0
191,44,669,"1,003",983,"2,401",0
"1,446",610,847,306,"19,451",953,0
437,128,501,434,"8,574",606,0
234,84,314,471,"16,160",332,0
"2,249",67,396,312,"1,576",973,0
"1,749",781,445,251,"20,018",395,0
71,45,470,640,"32,356",339,0
418,103,537,783,847,649,0
508,20,744,284,"3,219",543,0
"1,994",601,"1,730",585,"11,098","2,209",0
273,60,458,609,726,"1,490",0
378,99,602,388,"19,794",648,0
897,301,293,218,"8,382",540,0
"1,057",346,390,383,"9,429",339,0
354,2,412,396,"1,273",613,0
963,168,764,215,"2,065","1,123",0
335,291,663,496,"23,147",645,0
242,11,371,241,540,"1,363",0
875,186,397,243,"5,020",593,0
774,99,479,372,"1,221","1,135",0
872,124,407,273,"4,424","1,213",0
867,267,301,250,"7,485",465,0
451,33,557,171,209,"1,532",1
401,46,527,290,249,762,0
431,86,623,200,"5,328","1,140",0
34,50,376,334,451,539,0
"1,241",987,438,"1,910","24,367",325,0
818,364,378,227,"6,879",426,0
463,152,529,314,"1,853","2,488",0
308,76,341,240,"11,211",648,0
356,97,529,569,"18,534",485,0
566,177,321,887,"25,942",205,0
895,287,318,597,"10,707",224,0
367,55,531,175,"5,736",746,0
"1,186",121,363,437,653,594,0
409,54,697,356,349,"1,395",0
"1,050",642,356,232,"15,245",492,0
575,58,321,270,"1,680",345,0
474,178,"1,207",274,"12,961",718,0
209,33,402,336,"5,624","1,255",0
738,41,547,128,187,972,0
788,294,343,400,"10,363",359,0
818,61,448,364,317,"1,575",0
"1,300",655,339,316,"21,535",309,0
"1,161",551,311,"1,321","30,161",133,0
835,258,"1,018",308,"5,821",793,0
"1,466",307,463,165,"5,269",631,0
735,389,383,371,"11,477",288,0
449,158,297,379,"1,131",888,0
270,60,328,193,"5,098",511,0
741,334,414,301,"19,230",407,0
447,92,384,421,"8,307",918,0
188,50,506,240,223,654,1
"1,045",252,729,352,"12,338","1,139",0
756,456,308,547,"14,377",632,0
285,51,378,195,"1,681","1,338",0
666,345,586,425,"35,812",800,0
174,52,346,200,"1,814",838,0
"1,106",637,459,361,"20,565",530,0
401,12,314,192,290,846,0
"1,078",97,409,334,950,"1,295",0
369,224,390,599,"28,130",513,0
19,-21,417,375,"17,351",250,0
104,27,318,367,306,412,0
367,72,955,262,"10,815",899,1
907,107,471,275,339,"1,567",0
29,14,412,160,477,817,0
136,68,769,297,416,"2,683",0
517,20,355,525,860,"1,399",0
868,118,633,146,"3,430",381,0
216,74,522,300,"6,444",291,0
"1,073",334,662,367,"13,049",838,0
537,52,368,367,"4,408",794,1
424,105,680,493,"5,352",723,0
365,62,840,634,"13,788","1,304",0
562,28,597,296,"4,287","1,289",0
"1,443",354,491,343,"8,888","1,050",0
-14,28,478,81,95,684,1
"1,489","1,121",809,471,"33,545",688,0
459,205,"1,057",265,"11,444",828,0
116,29,901,336,913,"2,120",0
"1,076",106,354,521,"2,293","2,439",0
"5,493","1,274",362,497,"27,059","1,412",0
"1,475",399,483,175,"9,593",406,0
377,136,391,280,"7,906",618,0
"1,825",305,645,284,"7,591","1,037",0
214,159,399,293,"11,281",392,0
"1,000",241,342,466,"17,330",336,0
243,-15,684,182,393,"1,146",0
935,299,"1,013",669,"20,988","1,751",0
"1,145",361,636,359,"3,699",893,0
"1,642",265,906,362,"4,238","1,475",0
325,111,888,338,"11,702","1,348",0
741,218,453,427,"4,464",696,0
"1,205",51,330,211,450,"1,259",1
337,42,586,165,"6,309",646,0
70,36,600,295,"3,686","1,498",0
"1,269",417,539,619,"14,766","1,034",0
222,43,"1,239",328,"7,139","1,527",0
"1,508",279,501,661,"5,040","1,109",0
"1,400",303,890,210,"9,440","1,174",0
"1,096",172,423,346,"1,715","1,944",0
737,320,436,174,"2,931",679,0
484,206,486,256,"8,743",580,0
"1,103",394,"1,034",384,"8,184",855,0
509,111,451,191,"4,100",721,0
934,340,484,316,"16,173",468,0
884,86,745,666,596,"1,354",0
599,170,858,445,"17,464","1,124",0
"1,804",512,716,274,"9,301","1,071",0
"1,314",413,597,435,"7,643","1,018",0
"1,083",53,553,417,"1,241","1,602",0
381,23,787,292,"9,862","1,177",0
182,51,819,306,"3,307",976,0
"1,547",450,608,275,"14,582","1,007",0
215,36,939,232,"4,589",684,0
73,61,779,201,"12,019",639,0
88,-30,476,209,"21,363","1,089",0
326,44,789,263,"4,869","1,249",0
78,13,421,613,409,"1,263",0
802,342,482,436,"8,846",841,0
569,171,502,574,"7,671",712,0
883,229,792,316,"7,232","1,085",0
"1,337",70,513,244,"1,168","1,337",1
222,-3,356,494,445,794,0
273,46,642,184,"9,039",872,0
68,68,777,246,412,374,0
"1,085",57,451,489,598,"2,143",0
369,94,310,643,952,693,0
"2,410","1,240",478,"1,946","47,203",703,0
"1,600",79,358,453,537,"1,274",0
163,24,381,726,987,646,0
414,107,414,441,"9,895",583,0
"1,289",764,434,759,"30,069",718,0
"3,339",542,518,590,"10,216","1,430",0
797,196,389,403,"4,043",585,1
317,21,299,788,911,792,0
672,316,433,431,"21,866",371,0
700,501,438,"1,227","42,361",584,0
848,458,387,454,"8,736",392,0
"1,042",153,293,332,"7,924","1,006",0
741,356,475,452,"18,437",349,0
153,74,763,340,"1,333",736,0
361,38,881,372,"1,269","1,507",0
536,282,478,603,"18,649",422,0
248,117,623,176,"3,335",571,0
21,-13,714,212,"4,330",995,0
934,155,497,292,"1,807","1,237",0
216,70,440,390,604,"1,038",0
"1,182","1,261",504,"1,276","73,914",324,0
696,64,315,364,364,444,0
"1,314",263,"1,016",360,"5,961","1,353",0
315,26,583,116,921,"1,035",0
613,6,619,570,478,"2,136",0
"2,288",590,322,302,"11,502","1,101",0
530,76,503,515,525,883,0
"1,286",404,442,354,"10,873",681,0
592,85,"1,042",350,"2,711","1,443",0
197,48,638,211,"3,332",551,0
762,53,543,884,"1,095","1,038",0
740,53,337,839,897,931,0
579,121,572,130,606,"1,090",0
295,65,674,273,"3,194","1,769",1
"1,027",29,378,250,336,807,0
349,34,512,557,434,"1,264",1
946,241,301,624,"18,504",121,0
256,54,404,98,"3,697",689,0
607,279,428,731,"25,422",635,0
321,31,448,562,496,"1,467",0
"2,379",249,374,662,"5,232",642,0
335,152,"1,436",213,"10,955","1,569",0
"1,164",447,914,213,"21,616","1,133",0
"1,124",732,502,871,"39,887",360,0
"1,182",147,"1,495",338,"1,945","1,402",0
549,78,"1,424",238,281,"1,983",0
517,182,789,351,"13,581",862,0
371,136,347,700,"18,596",127,0
568,232,571,543,"32,986",321,0
"1,409",314,290,241,"8,365",348,0
"1,208",649,573,849,"19,285",423,0
569,495,435,853,"24,168",466,0
362,265,455,682,"25,750",329,0
572,312,323,723,"21,051",243,0
769,245,"1,122",387,"23,080",698,0
"1,384",75,529,189,"1,256","1,388",0
910,453,306,394,"11,431",744,0
138,31,321,626,634,"1,045",0
531,98,505,315,"3,501","1,326",0
844,363,787,221,"9,343","1,139",0
597,142,"1,208",251,"7,063","1,713",0
452,190,357,959,"13,685",391,0
252,39,454,342,885,995,0
961,65,326,297,"1,565",395,0
475,-1,384,534,447,"1,200",1
367,-8,308,227,602,"1,447",0
486,76,648,451,706,"2,147",0
209,57,396,440,"4,526",402,0
630,75,309,166,163,"1,059",0
339,102,381,344,"6,094",594,0
60,64,382,508,"1,176","1,394",0
80,58,338,224,180,674,0
265,14,695,475,485,991,0
43,9,535,150,254,266,0
38,6,452,255,"1,552",848,0
148,37,424,102,"1,055","1,006",0
"2,043","1,380",364,966,"35,510",511,0
432,155,516,577,"22,392",909,0
485,73,808,317,"4,520",732,0
"1,225",882,320,685,"33,159",708,0
220,50,542,255,"2,407","1,476",0
308,35,607,304,"3,395","1,203",0
984,199,299,"1,497","3,116","1,410",0
569,63,643,281,"3,163","2,402",0
463,214,565,625,"17,041",580,0
212,139,302,349,"27,916",436,0
571,78,440,265,"4,725",950,0
388,50,314,722,906,708,0
815,500,322,655,"15,866",361,0
596,13,396,229,"1,856","1,018",0
"1,289",469,305,555,"16,669",121,0
789,265,386,346,"6,350",435,0
700,21,677,287,275,"1,103",0