Well,Plate,FSC_A,FSC_W,SSC_A,PVR_PECy7,PLVAP_APC,CD51_FITC,CD168_700,Zombie,CD41_APCH7,MICB_PE,CD42_BV605,Colony
A1,1,"86,216","127,439","32,041","4,392",275,"1,761",357,587,"5,944",680,806,N
A2,1,"67,089","105,620","22,924",207,628,478,56,659,"7,498",301,950,N
A3,1,"86,132","124,762","26,518",50,437,649,187,643,"7,296",192,"1,162",N
A4,1,"62,462","125,027","19,562",-25,340,311,54,-59,"10,178",236,"5,448",N
A5,1,"114,479","145,312","35,261","5,431",161,276,141,534,526,681,580,N
A6,1,"93,689","132,593","22,346",-499,403,476,181,262,"18,463",260,"1,276",N
A7,1,"88,408","130,738","15,137",679,597,66,110,-20,"11,715",287,"3,093",N
A8,1,"120,543","141,685","47,942","2,981","1,112","1,170",149,"1,129","22,023",571,"3,476",N
A9,1,"82,528","122,936","16,145","1,459",659,327,88,159,"9,509",277,"1,838",N
A10,1,"92,957","125,276","20,860","2,589",381,349,-8,362,"4,562",393,523,N
A11,1,"104,370","142,434","26,809","1,006",209,845,85,519,"2,486",251,"2,201",N
A12,1,"83,679","116,889","15,765",743,510,674,231,89,"15,667",205,79,N
A13,1,"72,685","112,812","18,063",559,569,599,75,137,"17,031",408,"4,147",N
A14,1,"101,486","127,881","17,664","1,760",526,393,54,158,"10,283",210,"1,842",N
A15,1,"94,562","138,414","24,874","1,948",258,195,256,188,"4,754",479,285,N
A16,1,"75,564","132,099","15,818",989,-31,381,-32,217,567,715,"1,389",N
A17,1,"129,729","163,876","54,421","1,129","1,244",822,97,395,"19,352",542,"4,833",N
A18,1,"117,114","146,136","43,296","2,935",230,"1,783",110,445,"11,353",711,507,Y
A19,1,"84,745","118,609","17,450","1,434",247,186,105,240,"1,481",278,429,N
A20,1,"109,785","144,186","39,327","1,875",816,999,168,327,"13,664",295,319,N
A21,1,"81,886","112,072","17,127","1,646",419,412,-184,199,"4,656",151,"1,913",N
A22,1,"110,917","162,983","76,689","-3,169",306,618,-9,150,"43,193",290,"15,514",N
A23,1,"105,026","149,335","23,841","3,116",826,253,247,248,"9,032",645,"5,454",Y
A24,1,"89,584","118,776","17,887","2,331",339,300,167,252,"7,786",350,"1,461",N
B1,1,"104,775","135,152","27,876","2,111",86,200,-8,298,777,315,434,N
B2,1,"83,989","119,440","15,106","1,041",271,251,70,64,"12,834",130,"3,098",N
B3,1,"90,654","118,963","23,327",599,499,417,25,371,"5,532",183,703,N
B4,1,"81,951","124,136","22,233","1,053",166,395,180,139,"14,250",406,"4,738",N
B5,1,"98,453","126,772","24,653","2,710",269,224,49,322,576,331,424,N
B6,1,"75,070","108,339","12,483",951,493,202,-18,146,"3,998",252,208,N
B7,1,"125,160","170,956","43,523",-601,486,581,149,648,"18,564",339,"5,855",N
B8,1,"130,117","171,283","24,888","1,349",725,533,13,428,"11,498",512,"1,805",N
B9,1,"129,618","160,637","33,420",588,605,399,35,203,"17,242",133,"4,841",N
B10,1,"119,498","157,460","46,056","3,415",520,283,-3,532,99,941,722,N
B11,1,"77,886","114,465","20,674","1,599",193,554,83,581,"8,527",113,"1,204",N
B12,1,"91,538","122,088","18,357","1,825",168,535,109,219,"1,108",328,334,N
B13,1,"95,477","151,545","72,332","2,872",837,763,191,831,"6,016",669,"2,473",N
B14,1,"84,353","129,465","24,089",490,"1,307",391,43,562,"11,797",420,"3,974",N
B15,1,"101,648","145,159","29,406","3,235",781,720,132,354,"14,871",435,965,N
B16,1,"140,299","174,418","46,040","1,943","1,287",925,-97,986,"26,060",708,"1,507",N
B17,1,"99,003","128,004","21,169","2,068",404,373,112,643,"2,072",528,970,N
B18,1,"79,627","135,122","19,309",-483,731,612,112,172,"16,572",183,"4,326",N
B19,1,"101,929","154,727","25,433",15,775,659,272,346,"22,428",362,"2,991",N
B20,1,"83,214","113,276","20,046","1,443",103,114,113,224,"1,345",331,393,N
B21,1,"98,089","144,897","28,246","1,040","1,401",512,-154,424,"14,991",389,989,N
B22,1,"88,047","125,491","19,184","1,857",85,605,119,187,"1,189",212,"1,545",N
B23,1,"91,939","129,831","20,787","1,100",449,722,177,79,"10,098",420,"3,984",N
B24,1,"109,595","140,721","19,968","1,827",804,404,953,352,"13,648",172,"2,587",N
C1,1,"83,501","116,471","20,030",865,125,184,6,219,"1,113",168,207,N
C2,1,"79,961","118,751","15,390",992,212,360,12,101,"9,994",257,322,N
C3,1,"81,195","116,680","12,899","1,130",203,238,32,226,"1,215",248,436,N
C4,1,"83,212","116,913","37,073",106,578,750,326,"1,031","14,605",579,"3,405",N
C5,1,"94,016","129,269","20,072",247,203,449,139,125,"12,640",192,"1,413",N
C6,1,"91,741","126,427","19,322","2,888",117,67,5,163,81,486,202,N
C7,1,"96,516","135,622","31,585",-888,884,438,457,239,"17,748",128,"4,755",N
C8,1,"75,312","128,143","18,654",-632,632,719,-30,198,"15,167",95,"5,290",N
C9,1,"80,649","112,037","17,956",254,330,261,30,248,"4,523",410,491,N
C10,1,"79,192","130,449","26,969",908,540,963,92,428,"29,684",478,"1,674",N
C11,1,"90,481","118,411","17,779","1,304",566,345,-31,194,"8,845",196,"2,082",N
C12,1,"88,235","128,868","27,946","1,443","1,075",848,885,"1,013","6,622",254,"1,012",N
C13,1,"100,192","133,793","16,823","1,861",34,997,89,227,818,358,427,N
C14,1,"143,286","185,724","33,934",302,522,797,71,661,"8,436",261,"1,577",N
C15,1,"85,608","118,571","16,881","1,651",155,182,87,199,235,208,302,N
C16,1,"114,102","145,695","42,333",-576,763,423,-28,390,"21,986",443,"3,232",N
C17,1,"93,727","123,487","19,257","1,775",120,103,27,167,734,240,215,N
C18,1,"117,837","157,951","31,048","1,248",482,901,278,56,"19,519",345,"6,632",N
C19,1,"109,911","153,405","53,798",717,686,764,355,"1,102","9,321",585,"1,523",N
C20,1,"100,147","132,137","35,725","1,534",133,217,199,459,"1,179",513,602,N
C21,1,"94,420","125,424","32,004",214,290,667,253,"1,066","4,694",661,"1,632",N
C22,1,"98,291","121,924","24,452","1,393","1,296","1,170",342,415,"18,513",294,"1,390",N
C23,1,"110,179","158,749","60,942",807,"1,148",684,77,-269,"11,661",179,"22,346",N
C24,1,"120,035","157,910","30,169","3,530",229,538,291,372,"11,930",626,"1,746",N
D1,1,"148,715","192,902","36,276","2,983",870,905,-101,142,"24,370",785,"6,394",N
D2,1,"83,959","136,426","34,418","-2,201",418,738,9,176,"27,238",559,"4,918",N
D3,1,"88,969","116,379","18,129","1,211",579,619,-43,282,"14,562",150,639,N
D4,1,"93,163","129,549","15,608",107,648,298,-92,71,"12,330",134,"2,887",N
D5,1,"103,123","152,495","21,199","1,680",150,237,140,229,"1,092",223,403,N
D6,1,"102,614","131,179","21,546","2,910",88,134,52,189,298,301,339,N
D7,1,"91,874","129,834","16,187","2,131",98,186,80,132,"1,952",243,239,N
D8,1,"108,200","159,592","16,522",-359,589,466,141,216,"13,638",263,"2,730",N
D9,1,"106,443","139,294","27,272",-377,-179,574,-149,160,"13,988",492,990,N
D10,1,"104,069","138,756","19,263","2,033",319,244,92,170,"6,243",146,"2,975",N
D11,1,"92,676","139,748","31,759",53,677,584,132,199,"15,890",333,"4,835",N
D12,1,"80,031","113,386","19,381","1,454",757,315,-56,150,"17,627",399,"1,120",N
D13,1,"111,548","155,833","28,100","4,923",17,262,99,314,"2,934",633,459,N
D14,1,"104,880","134,131","34,176","4,969",669,"2,456",404,"1,130","9,128",871,"1,407",N
D15,1,"96,327","135,470","14,972","1,602",15,162,67,173,771,359,195,N
D16,1,"152,219","187,319","35,655","2,485",519,652,72,508,"6,253",975,766,N
D17,1,"107,701","143,354","28,483","1,568",261,346,126,440,"2,267",339,553,N
D18,1,"96,539","132,323","26,172","2,670",476,809,18,292,"4,085",874,"1,199",N
D19,1,"100,123","149,468","18,784","1,423",460,667,158,122,"15,724",358,"5,787",N
D20,1,"84,627","119,691","24,095",-696,787,291,2,-18,"17,664",87,"7,855",N
D21,1,"96,888","127,757","14,606",774,385,597,154,175,"12,947",188,"1,356",N
D22,1,"112,964","156,367","45,410",156,394,"1,032",56,750,"35,949",581,"4,093",Y
D23,1,"89,249","130,060","43,940","3,901",262,"2,090",474,"1,029","2,410",711,"1,117",N
D24,1,"89,946","141,574","17,621",-542,786,448,344,212,"13,097",260,"4,119",N
E1,1,"115,032","161,453","20,550","1,210",585,536,49,418,"8,319",166,"1,270",N
E2,1,"88,874","127,325","24,877","1,886",200,181,268,201,"2,589",509,321,N
E3,1,"67,305","107,436","18,485",575,460,462,-22,442,"7,876",163,"1,488",N
E4,1,"82,795","135,124","33,161","2,378",476,534,210,471,"19,443",231,"2,430",N
E5,1,"96,674","139,866","46,783",101,575,717,79,406,"15,622",387,"6,040",N
E6,1,"93,673","154,241","28,221","2,266","1,018",663,150,506,"11,660",650,"1,397",N
E7,1,"73,535","112,693","26,098",397,333,282,84,289,"1,676",384,593,N
E8,1,"63,062","100,553","13,848","1,124",49,101,29,130,"1,221",201,150,N
E9,1,"67,189","113,990","23,752","2,283",144,585,326,623,"1,777",601,583,Y
E10,1,"109,115","147,756","16,720","1,254",338,358,117,34,"18,787",206,"3,796",N
E11,1,"94,851","144,612","27,376","2,987",377,679,17,358,"12,807",510,536,Y
E12,1,"64,548","107,524","47,153",-527,434,500,"1,767","1,170","9,135",347,"6,782",N
E13,1,"100,010","124,482","19,316","2,022",89,189,68,269,102,535,295,N
E14,1,"76,126","121,882","25,716","1,739",2,202,135,355,"1,131",361,512,N
E15,1,"93,973","122,848","19,904","2,404",114,269,128,270,754,380,407,N
E16,1,"86,927","123,812","31,591",469,247,446,115,654,"4,300",256,832,N
E17,1,"110,494","153,923","27,790",302,427,603,22,448,"3,256",219,"5,243",N
E18,1,"72,610","108,779","17,248",527,708,390,177,579,"7,929",496,785,N
E19,1,"88,137","148,881","69,647",-658,"1,068",843,187,"1,254","12,968",396,"7,402",N
E20,1,"95,186","148,522","47,638",-958,146,"1,032",50,686,"19,129",359,"1,851",N
E21,1,"100,782","156,339","90,785",-2,634,787,281,"1,948","17,476",722,"5,053",N
E22,1,"96,842","143,035","42,657",-710,454,473,125,78,"20,996",338,"8,996",N
E23,1,"74,862","121,943","21,913",-184,407,348,48,473,"7,069",251,729,N
E24,1,"97,642","124,774","16,113","2,410",140,240,114,251,"3,188",247,280,N
F1,1,"74,729","102,749","13,222","2,042",105,137,42,190,307,308,177,N
F2,1,"80,729","111,983","15,878","2,876",114,141,65,154,435,194,299,N
F3,1,"84,120","120,209","23,956","1,125",607,731,276,709,"11,746",320,"2,000",N
F4,1,"94,921","124,383","37,654","-1,296",751,577,819,432,"26,132",484,"5,167",N
F5,1,"114,366","171,886","62,856","-4,105",37,599,140,296,"53,159",227,"15,033",N
F6,1,"137,311","176,551","80,868",133,"1,156","2,847",211,844,"14,436",504,"8,860",N
F7,1,"95,983","126,707","20,685",874,"1,429",465,-34,273,"7,127",293,"1,238",N
F8,1,"97,128","127,560","18,567","2,420",415,379,210,167,"6,447",449,"3,149",N
F9,1,"78,905","138,751","21,823","1,600",430,710,95,49,"8,962",309,"4,818",N
F10,1,"88,719","125,698","14,792","1,119",447,295,110,170,"9,055",303,554,N
F11,1,"86,606","113,945","15,350","1,267",59,178,86,237,920,616,266,N
F12,1,"76,105","137,008","19,389","1,544",700,620,218,286,"9,494",482,"1,473",N
F13,1,"118,440","154,524","22,768","2,835",399,532,13,262,"3,764",449,"1,242",Y
F14,1,"105,884","154,329","19,355","1,363",586,449,184,206,"13,525",387,"2,303",N
F15,1,"89,700","126,855","23,766","2,381",77,199,40,249,477,214,355,N
F16,1,"108,023","155,056","30,797","4,259",193,195,61,317,731,512,412,N
F17,1,"110,245","144,382","26,088","1,610",179,460,209,296,"1,295",309,"1,975",N
F18,1,"108,639","146,506","24,105",75,309,392,76,231,"21,888",313,"3,764",N
F19,1,"135,820","188,057","42,832","1,346",567,777,63,446,"32,113",644,"1,515",N
F20,1,"88,352","142,795","21,555","1,836",141,514,116,290,"11,398",424,"1,335",N
F21,1,"82,071","122,439","17,135",290,421,430,-81,200,"13,207",149,838,N
F22,1,"97,757","132,261","19,436",413,765,639,62,185,"13,006",373,"1,159",N
F23,1,"89,232","124,476","30,781",-848,741,467,381,250,"23,159",-103,"7,592",N
F24,1,"81,020","145,248","23,422","1,461",323,489,243,316,"14,711",179,"1,818",N
G1,1,"71,945","114,564","17,873",174,545,541,164,796,"4,027",322,"1,271",N
G2,1,"120,281","167,918","32,394","4,346",214,543,118,488,"2,080",260,562,N
G3,1,"79,232","110,357","15,652","1,684",-54,51,75,129,107,162,105,N
G4,1,"67,425","111,380","25,441","2,067",648,508,189,357,"13,831",314,"1,192",N
G5,1,"90,240","120,223","18,946","1,673",161,249,-55,350,"3,547",326,455,N
G6,1,"78,234","125,085","43,115",300,680,954,62,692,"12,002",273,736,N
G7,1,"82,737","116,475","19,546","1,476",363,297,47,354,"3,317",427,455,N
G8,1,"116,702","148,659","27,381","2,567",313,"1,225",140,208,"13,379",327,"3,328",N
G9,1,"59,475","98,453","19,955",-27,397,318,179,305,"5,041",109,"1,042",N
G10,1,"99,871","145,526","22,700","2,521",615,496,145,177,"16,106",251,"5,123",N
G11,1,"76,047","115,441","12,942","1,677",-5,133,62,170,"2,673",223,260,N
G12,1,"96,615","135,245","53,396",811,485,"1,341",178,538,"23,551",291,"1,114",N
G13,1,"109,859","143,980","24,583",865,680,655,23,469,"9,152",566,506,N
G14,1,"69,360","127,182","52,597","-1,013",786,464,245,485,"23,409",130,"9,145",N
G15,1,"66,717","133,789","30,976","1,832",623,412,182,249,"6,863",344,"4,306",N
G16,1,"103,482","136,807","17,774","1,880",538,233,142,114,"14,622",257,452,N
G17,1,"108,266","166,859","44,123","1,743",516,524,435,826,"2,731",499,"1,899",N
G18,1,"87,404","117,986","25,032","1,717",72,170,24,294,156,339,414,N
G19,1,"110,011","144,118","30,300","2,745",607,844,"2,822","1,111","17,793",472,"1,307",N
G20,1,"106,944","158,223","64,776",-24,903,922,175,"1,058","20,174",393,"5,894",N
G21,1,"91,898","134,671","56,920","-1,205",942,668,-36,946,"20,633",421,"1,771",N
G22,1,"110,013","144,961","42,608","1,024","1,422","1,066",364,622,"27,329",260,"8,593",N
G23,1,"127,002","183,198","73,800",-77,766,727,11,"1,113","10,153",490,"1,687",N
G24,1,"104,862","135,962","32,037",85,347,674,83,"1,154","2,526",484,"1,647",N
H1,1,"103,953","135,365","33,702","1,919",309,193,10,385,"3,402",663,387,N
H2,1,"65,058","102,030","11,731",934,164,109,-39,99,"1,429",224,207,N
H3,1,"80,181","113,875","42,625",117,434,660,199,"1,169","3,963",527,"1,673",N
H4,1,"116,527","163,010","34,584","3,256",357,841,2,360,"10,916",707,591,N
H5,1,"88,269","126,868","22,163","1,040",493,728,22,261,"10,661",584,280,N
H6,1,"86,646","113,648","14,404","1,881",-26,24,24,65,54,111,153,N
H7,1,"117,017","155,290","20,161","1,567",720,752,44,251,"15,307",411,654,N
H8,1,"89,214","138,874","26,176","2,331",460,495,-14,247,"3,605",276,"2,138",N
H9,1,"96,903","142,388","29,593","2,150",304,712,-4,754,790,565,"2,100",N
H10,1,"74,485","120,618","38,745","2,080",174,783,213,488,"5,629",447,362,N
H11,1,"94,041","152,280","22,679","1,403",353,721,15,351,"6,517",607,"1,118",N
H12,1,"97,537","140,781","37,585",376,373,412,-4,644,"3,040",427,813,N
H13,1,"89,895","142,345","23,748",946,845,615,82,190,"15,379",410,"4,563",N
H14,1,"91,401","127,437","15,714",-784,466,399,90,125,"20,295",316,"1,870",N
H15,1,"78,192","115,290","12,965","1,120",-43,65,10,69,694,294,141,N
H16,1,"116,912","159,661","24,973","4,396",556,480,-59,96,"14,555",268,"3,200",N
H17,1,"85,892","120,181","22,640",796,557,400,-65,398,"14,988",259,"1,284",N
H18,1,"115,038","163,965","34,035",709,470,888,111,"1,461","8,984",472,"1,636",N
H19,1,"85,199","123,028","23,259","2,120",284,409,-37,293,"5,461",241,330,N
H20,1,"100,504","133,354","35,326",-706,414,687,60,159,"25,195",328,"6,492",N
H21,1,"121,387","160,384","42,850","2,121","1,022","1,126",-24,176,"21,445",396,"5,361",N
H22,1,"118,881","153,206","21,597","2,585",-389,712,-18,-111,"11,186",516,"10,175",N
H23,1,"92,798","140,686","39,923","5,849","1,046","1,079",182,198,"21,790",236,"7,663",N
H24,1,"108,086","140,560","27,279","-1,643",202,928,61,235,"21,723",365,"1,688",N
I1,1,"116,140","167,869","34,321","3,441",654,376,127,210,"12,995",762,"6,177",N
I2,1,"67,828","118,106","43,941",449,315,717,30,861,"3,306",488,816,N
I3,1,"102,937","149,753","14,834","1,024",220,639,111,167,"11,052",359,"1,924",N
I4,1,"107,355","142,395","20,739","1,818",325,762,30,272,"3,365",248,"1,288",N
I5,1,"81,329","109,439","17,904",192,394,361,108,697,"4,082",255,776,N
I6,1,"91,166","119,973","21,983","1,039",135,"2,505",394,867,"9,061",547,"1,026",N
I7,1,"94,855","123,317","24,259","1,578",160,446,312,574,"1,567",306,577,N
I8,1,"88,164","118,983","14,762","1,543",323,438,65,188,"6,375",268,788,N
I9,1,"67,890","104,558","21,554",166,791,756,25,"1,001","3,687",412,"1,147",N
I10,1,"69,481","129,123","43,463",835,395,571,10,687,"15,604",454,"3,713",N
I11,1,"93,628","120,199","17,166","2,098",197,121,-122,146,"2,042",439,267,N
I12,1,"171,124","205,009","53,109","2,775","1,108","1,005",105,404,"18,320",612,"5,033",N
I13,1,"84,258","117,475","15,698","2,113",317,333,87,137,"4,960",299,154,N
I14,1,"121,205","164,641","44,899",292,571,"1,423",227,397,"13,653",527,"6,786",N
I15,1,"126,956","167,728","35,438","2,229","1,341",824,245,181,"12,301","1,538","4,278",N
I16,1,"70,250","112,138","27,433",662,411,508,30,571,"3,033",435,"1,044",N
I17,1,"69,508","116,147","19,918",-811,545,497,-15,397,"20,596",271,"1,077",N
I18,1,"116,236","168,015","40,475","1,164",701,558,48,424,"16,586",478,"4,212",N
I19,1,"77,216","114,882","24,493","1,368",266,271,152,463,419,629,680,N
I20,1,"98,412","130,798","39,631",-795,779,502,210,433,"22,029",381,"5,016",N
I21,1,"67,399","129,045","16,964","1,907",488,296,82,120,"13,591",417,"1,758",N
I22,1,"66,589","130,984","46,857",-528,701,201,168,238,"22,547",508,"8,744",N
I23,1,"71,362","107,840","18,827",974,52,90,-31,165,"1,121",330,106,N
I24,1,"67,180","114,366","41,934",437,340,410,98,662,"1,487",320,950,N
J1,1,"89,836","122,745","23,695","1,772",64,264,120,362,544,396,449,N
J2,1,"97,349","131,043","27,824",492,378,"1,020",295,448,"17,033",310,656,N
J3,1,"90,910","142,861","25,897",252,462,387,31,205,"14,511",204,"3,680",N
J4,1,"88,099","142,912","21,755",26,-22,402,76,189,"18,400",563,"6,770",N
J5,1,"105,246","130,640","24,738","2,349",140,305,56,263,"2,973",466,307,N
J6,1,"102,017","131,921","42,230",199,520,834,282,"1,529","6,867",509,"1,897",N
J7,1,"130,499","163,238","97,081",-853,"1,681",108,391,24,"18,728",381,"25,366",N
J8,1,"98,465","136,206","37,175",121,238,990,97,897,"6,408",362,934,N
J9,1,"117,785","165,505","62,952",130,872,"1,085",125,601,"7,442",57,"8,259",N
J10,1,"80,707","113,017","15,097",827,334,204,63,283,"1,709",255,459,N
J11,1,"84,523","119,477","14,056",-522,110,467,162,152,"12,663",181,"3,283",N
J12,1,"112,200","149,235","55,293","1,614",608,808,121,418,"11,867",476,"7,716",N
J13,1,"93,225","143,560","30,074",569,350,391,46,392,"14,576",109,"2,757",N
J14,1,"105,180","156,660","18,010","3,308",342,328,169,199,"3,957",273,197,N
J15,1,"104,120","154,759","33,071",345,936,926,72,411,"18,854",462,"3,167",N
J16,1,"90,171","147,973","23,840","1,028",728,558,-151,421,"8,357",206,"2,110",N
J17,1,"81,668","116,830","16,910",689,541,765,-145,217,"10,864",205,316,N
J18,1,"90,893","124,553","42,604","1,905",754,769,522,858,"6,834",725,776,N
J19,1,"101,408","157,023","27,065","2,247",493,618,-18,220,"24,870",232,"1,429",N
J20,1,"77,026","116,000","36,673","2,065",267,339,182,347,"1,003",202,579,N
J21,1,"90,769","144,817","38,366","4,098",420,"1,044",-25,822,"7,722",815,"1,174",N
J22,1,"91,957","124,677","21,817","1,730",112,664,98,160,"5,656",582,413,N
J23,1,"102,021","132,605","20,592","2,976",327,"1,184",62,203,"6,408",96,"2,569",N
J24,1,"70,225","106,927","22,049",449,547,335,41,541,"1,973",404,901,N
K1,1,"104,675","161,002","32,214",788,99,881,-51,107,"25,251",245,"9,111",N
K2,1,"112,656","140,744","24,179",-331,514,765,184,251,"11,986",183,"4,905",N
K3,1,"88,838","118,248","17,429","1,396",191,151,115,217,"1,058",365,206,N
K4,1,"105,946","150,737","22,409",305,244,532,-247,378,"23,697",130,"4,998",N
K5,1,"80,081","116,152","18,603","1,236",129,157,7,169,"2,202",288,222,N
K6,1,"106,895","154,811","24,992",-768,675,322,227,-40,"20,670",92,"8,081",N
K7,1,"77,281","111,617","18,017","2,844",43,223,101,280,832,406,178,N
K8,1,"99,007","147,668","22,719","3,000",330,388,311,382,"3,599",280,"2,238",N
K9,1,"98,010","127,832","23,572","2,149",244,210,198,407,"1,140",229,497,N
K10,1,"106,075","141,915","19,029",-668,808,549,105,32,"18,456",410,"7,108",N
K11,1,"108,630","151,394","26,247","1,597",695,496,-98,241,"15,818",330,"4,360",N
K12,1,"129,033","162,934","51,909",555,924,623,57,897,"21,427",461,"2,458",N
K13,1,"83,707","127,164","18,026",473,30,147,80,218,914,119,356,N
K14,1,"91,390","121,367","20,547","2,659",378,294,64,242,"7,518",453,"1,293",Y
K15,1,"104,297","158,896","46,167",-98,681,421,7,375,"12,432",154,"9,396",N
K16,1,"77,049","117,857","31,459","2,092",316,539,390,725,"3,010",616,960,N
K17,1,"82,877","137,825","23,399",228,321,322,92,481,"1,836",301,703,N
K18,1,"110,630","153,828","36,384","2,206",796,994,176,472,"16,714",590,"3,609",N
K19,1,"101,979","144,372","26,036",347,551,248,2,-10,"13,926",139,"7,025",N
K20,1,"85,256","140,962","29,674",177,"1,138",593,421,2,"17,985",-37,"13,264",N
K21,1,"145,059","186,224","55,566",418,"1,430",869,320,927,"22,619",542,"9,416",N
K22,1,"88,106","138,044","44,983",-32,577,696,118,374,"22,166",487,"3,919",N
K23,1,"104,439","150,518","29,407","2,658",356,571,79,335,"11,825",593,354,N
K24,1,"116,157","145,618","32,930","1,204",406,747,-4,309,"13,591",366,"5,653",N
L1,1,"100,002","135,296","19,475","1,202",493,426,237,284,"13,433",348,620,N
L2,1,"94,288","119,843","19,011",370,351,385,176,39,"12,787",74,"4,837",N
L3,1,"78,201","107,215","16,245","1,576",194,606,497,519,"1,493",194,454,N
L4,1,"102,729","126,048","20,660","2,612",844,512,-25,146,"18,535",521,"1,188",N
L5,1,"89,278","119,818","19,419","1,891",71,132,46,201,574,238,228,N
L6,1,"90,439","123,986","18,637",686,587,600,-90,198,"9,666",406,897,N
L7,1,"71,061","109,416","32,051",785,400,574,51,503,"2,870",398,770,N
L8,1,"81,670","118,370","15,348","2,366",585,221,455,60,"13,799",335,"2,349",N
L9,1,"117,693","157,720","42,900",478,350,557,16,811,"3,755",464,948,N
L10,1,"116,803","154,530","41,037",844,356,494,371,576,"9,465",581,"5,002",N
L11,1,"104,705","147,617","43,054","1,717",556,"1,769",244,712,"14,528",400,774,N
L12,1,"120,679","159,903","38,597","1,989",625,"1,132",-93,363,"22,979",768,"3,717",N
L13,1,"94,523","125,683","18,219","3,045",49,206,-14,256,"1,205",409,243,N
L14,1,"125,656","161,775","44,088","3,167","1,242","1,302",74,598,"31,211",453,"5,213",N
L15,1,"93,303","120,387","15,782",973,"1,119",377,-90,259,"15,690",346,"1,657",N
L16,1,"97,217","128,935","18,958","2,914",143,529,241,296,"2,256",744,436,N
L17,1,"100,244","126,925","44,192",255,612,604,72,"1,081","3,985",594,"1,564",N
L18,1,"154,351","191,521","59,620","7,376","2,178","1,863",395,425,"36,877","1,212","13,420",Y
L19,1,"80,822","113,014","17,414",982,164,303,66,313,"1,742",301,408,N
L20,1,"78,836","131,335","21,366","1,115",686,406,82,436,"12,772",289,"1,518",N
L21,1,"114,760","152,119","17,679","2,139",573,285,-3,196,"12,794",218,"1,514",N
L22,1,"85,650","125,282","29,182",482,88,540,124,"1,124",291,344,"1,590",N
L23,1,"125,326","179,316","37,328",-239,743,646,245,312,"24,898",224,"6,410",N
L24,1,"102,162","138,941","25,150",203,653,378,-21,143,"19,421",338,"3,967",N
M1,1,"93,425","133,739","34,320","2,288",424,400,124,669,"2,002",470,836,N
M2,1,"116,437","151,899","24,070",508,622,433,-34,107,"16,472",191,"4,006",N
M3,1,"72,663","121,879","35,511","1,274",65,462,72,737,"3,151",304,863,N
M4,1,"82,983","113,391","15,102",565,566,478,-22,180,"7,954",194,"1,105",N
M5,1,"93,042","146,605","43,390","-1,096",782,552,-9,318,"22,645",333,"9,624",N
M6,1,"127,557","165,182","61,358","2,466","1,166","1,385",158,631,"20,688","1,159","3,930",N
M7,1,"76,243","111,183","13,433","1,138",281,92,-31,112,"2,418",350,166,N
M8,1,"85,030","117,641","27,813","1,433",87,257,65,288,"2,325",377,414,N
M9,1,"122,177","164,465","68,793","-1,313","1,150","1,063",101,873,"28,824",390,"8,332",N
M10,1,"164,963","202,803","71,810",-776,"1,731","1,271",43,829,"26,771",548,"5,333",N
M11,1,"83,332","116,991","17,986",658,789,287,230,349,"10,569",222,"3,347",N
M12,1,"97,467","135,812","30,829",178,255,719,145,724,"5,864",345,826,N
M13,1,"137,198","181,847","25,430",-360,604,519,-76,124,"22,866",199,"5,271",N
M14,1,"74,747","111,958","43,667",70,808,470,-86,744,"11,691",971,891,N
M15,1,"82,725","108,787","13,474","1,424",305,306,257,192,"6,984",238,480,N
M16,1,"120,100","161,686","70,691",-378,247,517,887,"1,010","9,114",518,"2,352",N
M17,1,"97,711","124,040","21,378","2,233",317,"1,102",375,"1,047","2,678",503,"1,196",N
M18,1,"81,301","121,680","24,987","1,617",624,290,140,209,"13,418",682,"5,094",N
M19,1,"160,116","192,017","35,909","1,727","1,153",671,226,410,"9,015",568,"2,093",N
M20,1,"131,605","179,497","38,863","2,601","1,011",377,170,661,"6,858",621,617,N
M21,1,"109,577","139,974","29,027","2,966",359,602,76,143,"14,325","1,298","4,784",N
M22,1,"75,804","112,447","18,458","2,087",113,104,105,239,64,200,318,N
M23,1,"83,566","117,667","15,477","1,607",54,91,41,136,"1,184",223,191,N
M24,1,"86,122","119,802","19,241","1,584",70,132,43,232,328,430,285,N
N1,1,"82,896","139,992","28,714","2,270",420,712,221,975,"4,926",671,895,N
N2,1,"81,062","138,059","57,990",-16,771,"1,434",83,"1,396","6,225",371,"5,420",N
N3,1,"82,552","112,578","17,830","1,659",317,469,141,-32,"9,559",85,"4,468",N
N4,1,"72,183","113,093","26,846",125,671,511,325,414,"16,422",657,"2,599",N
N5,1,"100,798","143,516","15,191","1,041",260,652,-40,193,"4,823",218,290,N
N6,1,"99,763","147,294","26,893","4,137",221,410,101,474,"1,508",523,568,N
N7,1,"87,294","128,122","35,452","1,357",480,"1,200",13,752,"4,049",315,753,N
N8,1,"117,737","156,938","26,477",-485,"1,003",755,141,328,"20,470",284,"3,073",N
N9,1,"93,483","121,845","21,073","3,147",272,205,92,265,"1,367",591,390,N
N10,1,"76,766","126,379","32,376",623,823,511,224,371,"22,632",213,"6,206",N
N11,1,"91,511","126,778","25,669",722,397,389,86,377,"4,655",171,685,N
N12,1,"102,254","154,263","22,444","1,692",45,697,-13,265,"14,981",505,580,N
N13,1,"87,024","136,297","22,662","4,637",410,537,183,185,"7,879",703,570,N
N14,1,"77,429","131,867","39,191","1,061",493,715,31,883,"8,583",312,813,N
N15,1,"81,221","111,797","30,668","1,293",208,360,9,573,114,297,882,N
N16,1,"128,733","165,152","35,232","3,890",331,756,25,345,"2,450","1,028","3,079",N
N17,1,"96,675","125,371","22,072","1,828",217,174,-36,235,313,423,313,N
N18,1,"106,341","156,385","27,598",-774,615,"1,122",-109,316,"17,426",311,"3,456",N
N19,1,"92,891","125,561","20,596",882,565,390,79,371,"9,652",303,555,N
N20,1,"94,895","126,641","26,215","1,538",85,193,46,257,167,405,307,N
N21,1,"67,335","129,733","47,903",414,821,"1,181",167,"1,696","6,031",595,"1,835",N
N22,1,"91,459","122,446","19,880","2,545",99,185,122,237,179,449,432,N
N23,1,"108,191","144,963","24,567",58,859,685,81,321,"13,741",316,"2,344",N
N24,1,"104,415","139,226","14,324","1,569",298,186,82,52,"8,119",921,"2,996",N
O1,1,"75,627","126,656","29,410",886,703,729,206,302,"15,027",297,"2,588",N
O2,1,"110,780","155,406","32,595","3,706",-263,"1,396",-49,578,"15,114",223,634,N
O3,1,"96,674","131,519","25,001","3,240",172,239,116,322,"1,129",385,448,N
O4,1,"89,250","121,710","15,718","1,358",120,279,-13,218,"5,707",220,241,N
O5,1,"92,356","127,368","32,603","1,750",201,282,58,464,"3,509",471,742,N
O6,1,"105,534","139,340","19,907","2,636",416,336,-30,280,"5,208",225,691,N
O7,1,"93,414","129,413","37,487",-9,449,615,160,895,"14,243",331,"1,117",N
O8,1,"73,825","111,068","17,587","1,516",73,127,49,153,840,169,120,N
O9,1,"98,617","134,095","34,206",751,263,397,210,760,"2,402",395,941,N
O10,1,"122,513","165,847","30,429","2,470",682,672,134,245,"14,485",302,"4,577",N
O11,1,"94,561","135,377","19,668","3,922",205,386,123,120,"2,538",186,"4,509",N
O12,1,"62,490","119,047","42,850",447,165,825,294,"1,078","20,702",380,"4,496",N
O13,1,"124,035","150,801","24,854","1,450",431,708,56,345,"19,372",246,"2,301",N
O14,1,"81,481","128,686","21,119","2,393",58,319,101,374,603,333,389,N
O15,1,"127,163","183,251","54,535","-1,220",398,432,-45,452,"20,283",228,"9,160",N
O16,1,"77,708","108,019","14,613","1,023",708,382,90,162,"14,382",217,"3,156",N
O17,1,"90,962","125,014","19,352","2,416",85,96,74,161,419,262,228,N
O18,1,"87,315","129,522","21,096","2,231",-68,487,-82,250,"13,091",458,"1,204",N
O19,1,"94,700","127,403","18,574","1,396",238,776,104,179,"14,700",320,"1,477",N
O20,1,"88,376","125,064","23,568","2,264",83,237,122,288,175,476,370,N
O21,1,"87,113","124,118","24,676",673,530,519,45,244,"12,065",282,341,N
O22,1,"109,120","139,758","28,498","2,430",-3,235,119,306,"1,031",432,425,N
O23,1,"101,051","134,944","18,941",309,606,419,197,221,"11,965",116,"1,837",N
O24,1,"98,412","134,200","20,419","1,023",626,418,156,248,"10,004",221,"3,158",N
P1,1,"85,071","127,302","17,897",356,651,394,194,298,"17,293",267,"2,895",N
P2,1,"100,648","131,609","22,720",466,528,"1,006",22,236,"23,775",283,"1,574",N
P3,1,"110,708","161,201","21,673","2,665",389,628,-50,112,"15,703",237,"2,429",N
P4,1,"105,532","133,141","19,331","1,948",578,456,-56,165,"11,034",259,"2,115",N
P5,1,"89,236","136,333","25,757","3,260",239,211,83,222,"1,683",338,316,N
P6,1,"107,239","160,688","29,665","1,362",623,"1,067",162,408,"8,989",411,948,N
P7,1,"93,188","124,654","27,542",423,281,253,45,416,"2,018",293,584,N
P8,1,"97,349","133,766","16,894","1,652",-8,502,11,137,"14,097",249,"2,317",N
P9,1,"83,820","134,728","20,488","1,656",437,474,220,191,"6,084",435,"2,584",N
P10,1,"73,878","110,338","16,443","1,458",182,350,12,310,"5,757",187,764,N
P11,1,"104,884","156,319","31,250",-369,542,762,174,250,"25,836",276,"6,036",N
P12,1,"98,117","141,522","27,785","1,689",201,160,151,247,111,410,395,N
P13,1,"107,957","148,657","30,040","3,631",172,275,78,304,"1,112",765,383,N
P14,1,"124,139","177,737","89,455","1,855",436,646,346,"1,267",823,776,"1,545",N
P15,1,"75,593","109,563","13,299","1,337",21,57,2,125,155,201,136,N
P16,1,"108,537","147,770","26,083","1,204",158,326,48,295,"18,064",214,"2,842",N
P17,1,"85,415","121,818","26,393",-447,502,400,141,377,"17,001",251,"5,744",N
P18,1,"101,363","138,669","18,685",2,596,356,182,-79,"17,187",358,"7,304",N
P19,1,"81,365","120,184","28,172","1,095",605,517,240,591,"5,416",534,591,N
P20,1,"77,638","112,030","32,251",221,313,331,239,529,"5,140",357,"1,012",N
P21,1,"94,703","126,240","30,878","1,423",142,508,137,512,"4,219",381,761,N
P22,1,"112,325","145,249","25,016","2,642",454,443,253,"1,098","11,648",526,612,N
P23,1,"98,205","145,046","21,969","3,008",769,478,-60,338,"10,409",499,"2,223",N
P24,1,"102,587","132,283","17,570",521,479,336,19,221,"12,330",401,258,N
A1,2,"74,178","105,568","13,443",725,171,359,259,560,"1,927",182,672,N
A2,2,"99,800","123,758","35,317",584,403,666,120,"1,231","1,043",401,"1,814",N
A3,2,"72,212","133,977","59,530","-1,309",612,542,240,"1,049","18,533",487,"11,036",N
A4,2,"104,517","134,265","29,472","1,446",439,534,94,436,"6,971",356,"3,143",N
A5,2,"74,727","115,642","13,421","2,797",78,435,137,193,"2,984",371,189,N
A6,2,"89,027","123,853","13,709","2,891",106,96,203,84,"2,955",268,105,N
A7,2,"113,397","152,558","22,675",138,475,423,42,103,"18,791",385,"2,844",N
A8,2,"93,865","130,326","24,743","3,316",350,532,131,714,"6,973",447,661,N
A9,2,"92,001","136,584","21,173","1,990",300,151,26,210,770,359,273,N
A10,2,"107,951","150,537","33,345","1,236",886,466,14,192,"16,012",536,"4,797",Y
A11,2,"115,033","167,585","26,817","1,105",324,868,7,307,"15,360",495,"3,111",N
A12,2,"105,090","160,762","37,369","2,982",306,"3,160",149,682,"11,504",835,697,N
A13,2,"82,645","131,341","29,732","2,694",141,276,308,828,"1,869",458,630,N
A14,2,"110,701","151,266","39,841",576,314,670,4,265,"4,448",269,"1,863",N
A15,2,"89,025","123,755","20,829","1,979",82,113,79,197,"1,110",407,211,N
A16,2,"108,697","158,259","41,316","1,884","1,366",489,-29,332,"24,597",430,"5,362",N
A17,2,"73,944","109,183","11,408","1,667",82,41,-24,100,372,199,80,N
A18,2,"89,439","143,491","34,136","1,129",534,608,39,543,"10,186",301,"2,335",N
A19,2,"83,572","136,202","17,603","1,904",88,333,273,296,757,498,"1,458",N
A20,2,"100,425","130,454","26,308","2,053",188,161,34,283,"1,130",515,362,N
A21,2,"92,669","135,501","18,297","1,063",463,270,-16,146,"16,387",511,"4,507",N
A22,2,"97,091","145,910","33,185",695,162,432,126,95,"24,158",330,"8,766",N
A23,2,"79,009","116,316","15,709","2,426",272,292,20,154,"6,322",147,"1,528",N
A24,2,"89,588","118,055","24,503","1,348",269,302,77,338,"3,172",297,501,N
B1,2,"95,615","148,313","40,328",-697,555,672,167,420,"18,058",232,"7,638",N
B2,2,"88,249","140,137","28,928","1,081",842,787,-52,81,"11,357",147,"7,674",N
B3,2,"104,153","155,815","37,895","3,816",660,907,98,146,"24,351",256,"4,567",N
B4,2,"90,273","125,021","36,732",627,254,637,145,"1,138","2,815",529,"1,658",N
B5,2,"103,695","138,046","22,892","2,100",265,170,-30,210,"1,329",427,305,N
B6,2,"93,114","126,728","27,076",631,470,484,16,744,"3,745",461,882,N
B7,2,"89,175","120,898","16,641",726,308,204,-4,230,"4,417",374,194,N
B8,2,"118,120","167,716","30,407",-324,646,501,64,112,"18,579",55,"9,188",N
B9,2,"66,659","115,824","49,135","4,441",487,"1,234",285,"1,775","5,272",850,"1,802",N
B10,2,"97,396","129,490","31,836",954,253,893,250,461,"10,020",384,810,N
B11,2,"78,335","110,954","14,388","1,306",115,153,22,168,"1,345",309,255,N
B12,2,"90,601","121,483","45,641","-1,252",773,369,201,187,"26,186",126,"15,577",N
B13,2,"78,291","131,995","59,135",111,642,590,119,257,"14,932",334,"8,933",N
B14,2,"86,732","115,256","16,645",757,289,157,56,156,"9,560",347,"1,142",N
B15,2,"98,113","151,517","27,249","3,222",472,785,43,392,"10,396",499,"1,005",N
B16,2,"96,299","129,410","22,180","2,022",107,136,160,238,"1,994",322,396,N
B17,2,"63,931","106,445","38,050",164,219,322,152,595,"1,256",178,"1,247",N
B18,2,"61,637","105,455","11,505",825,67,106,-12,109,51,134,149,N
B19,2,"89,832","128,340","20,209","1,902",333,207,77,257,"6,301",410,370,N
B20,2,"94,192","143,714","30,987",75,158,586,-56,173,"12,661",659,"5,348",N
B21,2,"92,638","132,027","41,904","2,292",736,408,-23,562,"4,097",918,646,N
B22,2,"83,210","126,194","16,983","1,359",659,485,11,333,"11,250",276,399,N
B23,2,"101,136","143,143","45,458","2,528",923,735,-56,379,"21,631",474,"1,945",N
B24,2,"84,201","119,020","33,739",-109,923,402,66,535,"8,177",265,"1,871",N
C1,2,"106,711","140,928","25,289","3,150",589,905,49,521,"17,086",185,"1,668",N
C2,2,"84,001","117,730","18,311","2,826",131,131,-47,165,"2,448",544,241,N
C3,2,"121,585","172,307","27,090","1,809",403,"1,126",-27,408,"3,432",306,"3,624",N
C4,2,"74,788","110,208","32,244",535,220,322,46,436,"3,406",315,427,N
C5,2,"83,401","122,109","34,042","1,112",433,990,82,440,"8,043",415,379,N
C6,2,"88,845","115,929","18,723","1,138",488,621,55,300,"7,528",328,"1,507",N
C7,2,"98,610","134,096","24,717",974,546,"1,081",256,164,"13,060",253,"5,215",N
C8,2,"113,486","164,595","25,072","3,593",521,"1,093",29,215,"14,258",446,"2,760",N
C9,2,"95,283","121,646","21,780","2,069",87,205,210,252,"1,523",318,269,N
C10,2,"117,914","143,476","28,575",618,"1,120",820,175,151,"15,545",135,"7,217",N
C11,2,"103,779","140,403","29,630","2,486",414,889,230,448,"19,884",278,452,N
C12,2,"81,709","126,038","24,737","2,564",210,197,164,225,"6,504",317,272,N
C13,2,"73,838","111,622","36,415",-72,651,"1,104",310,"1,380","7,613",608,"2,617",N
C14,2,"81,442","121,459","24,586",311,345,893,23,175,"6,571",170,"2,240",N
C15,2,"78,829","114,892","22,614",553,360,583,-115,541,"17,256",352,489,N
C16,2,"73,673","115,273","28,130",800,540,381,38,568,"6,007",418,813,N
C17,2,"88,952","134,843","20,651","2,566",361,600,-16,225,"9,050",584,"1,070",N
C18,2,"83,888","119,950","14,925","2,582",289,461,66,201,"3,656",458,273,N
C19,2,"76,887","113,568","13,567","1,255",295,118,69,170,"1,796",455,277,N
C20,2,"111,008","133,269","25,248",225,762,717,296,282,"19,337",241,"5,247",N
C21,2,"88,917","128,145","24,059",486,454,386,177,255,"11,215",213,"4,590",N
C22,2,"127,224","164,673","19,594","1,741",273,495,37,240,"1,259",186,"2,907",N
C23,2,"73,596","111,906","22,948",601,121,230,111,282,"1,142",299,418,N
C24,2,"118,071","138,484","22,417","1,641",231,999,229,347,"19,994",509,980,N
D1,2,"78,856","114,093","15,417","1,345",237,135,-16,179,"1,759",331,172,N
D2,2,"64,442","128,285","26,879","1,352",182,451,-35,129,"19,663",332,"4,325",N
D3,2,"84,653","112,662","72,175",251,"1,006",869,154,"1,376","11,998",584,"2,982",N
D4,2,"94,970","139,525","32,498","-1,516",112,800,163,359,"22,756",351,"4,952",N
D5,2,"83,336","121,928","20,437","1,602",648,926,78,248,"11,679",315,795,N
D6,2,"103,755","158,501","28,499","2,687",502,779,206,271,"14,840",406,"3,287",N
D7,2,"90,958","127,744","24,358",293,641,649,35,298,"15,547",218,"3,153",N
D8,2,"111,606","141,891","22,135",729,230,562,194,234,"14,134",379,679,N
D9,2,"84,529","121,336","13,772","1,885",232,840,62,119,"3,447",267,216,N
D10,2,"104,621","144,007","25,224",943,605,410,105,221,"20,527",473,"3,412",N
D11,2,"101,967","154,270","69,346","-1,976","1,542",434,193,431,"28,784",497,"13,803",N
D12,2,"76,518","115,789","16,104",986,6,238,7,49,"22,517",228,"2,111",N
D13,2,"87,859","115,368","18,390",870,43,335,60,272,"2,044",235,588,N
D14,2,"87,224","121,088","47,905",166,370,549,61,909,"6,610",636,"1,258",N
D15,2,"104,766","163,210","64,604",749,382,807,-34,"1,439","7,944",367,"2,073",N
D16,2,"139,811","187,084","40,022","1,113","2,236","1,076",56,39,"32,823",214,"19,856",N
D17,2,"107,408","134,833","23,798","2,274",725,469,3,395,"12,933",292,"2,043",N
D18,2,"93,500","135,812","22,724",214,429,483,-62,336,"12,333",296,"1,633",N
D19,2,"81,127","114,819","18,660","1,503",317,135,107,391,"3,202",206,531,N
D20,2,"79,989","113,641","20,067",193,392,320,-34,309,"6,771",190,"1,537",N
D21,2,"89,411","136,652","30,780","2,104",305,661,179,206,"18,578",103,"7,251",N
D22,2,"103,360","136,886","17,734",912,486,883,159,172,"10,090",249,"1,443",N
D23,2,"106,017","145,928","84,319","1,197","1,137","1,022",230,"1,504","6,879",829,"2,914",N
D24,2,"107,427","137,970","26,939","2,401",735,447,-214,305,"19,352",336,474,N
E1,2,"101,226","159,220","30,321","1,415","1,137",941,117,471,"21,569",929,"3,479",N
E2,2,"99,089","129,888","42,230",-744,-3,321,116,388,"22,767",287,"9,804",N
E3,2,"69,933","101,646","10,417",770,312,161,17,195,"2,691",200,182,N
E4,2,"88,162","136,424","20,893",564,582,481,-60,78,"19,455",86,"7,176",N
E5,2,"123,417","149,802","28,365",375,663,966,212,479,"17,155",350,"1,685",N
E6,2,"87,301","119,322","19,468","1,423",173,120,-41,218,"1,124",392,351,N
E7,2,"98,179","140,450","42,655",921,941,512,-95,508,"12,307",275,"1,033",N
E8,2,"85,626","135,953","23,980",918,459,711,97,325,"12,826",171,"3,358",N
E9,2,"115,267","163,729","51,615",-560,668,739,140,734,"20,943",484,"2,642",N
E10,2,"95,237","123,137","49,913",96,289,577,69,630,"6,402",207,"3,459",N
E11,2,"89,252","132,408","22,054","1,151",688,491,153,175,"11,459",305,"4,126",N
E12,2,"98,957","147,135","24,997",612,662,625,-82,158,"18,304",275,"4,967",N
E13,2,"132,896","163,906","27,280",700,642,856,-89,250,"17,122",214,"2,080",N
E14,2,"107,361","147,369","34,198",692,713,409,134,533,"4,470",490,695,N
E15,2,"131,416","178,889","21,133",75,433,792,69,240,"17,631",103,"5,915",N
E16,2,"93,176","120,813","40,410",378,246,575,5,968,"3,443",343,"2,054",N
E17,2,"74,878","111,405","16,971",636,336,170,21,223,"4,391",216,291,N
E18,2,"93,837","121,086","24,472","2,138",55,180,55,451,204,416,652,N
E19,2,"103,983","145,056","27,187",3,198,621,6,385,"12,052",112,"2,405",N
E20,2,"95,982","131,048","21,774","2,505",133,130,129,174,"2,704",417,205,N
E21,2,"80,555","115,069","13,286","1,335",125,64,46,162,7,358,154,N
E22,2,"75,871","118,760","13,196",72,548,243,2,308,"7,435",227,688,N
E23,2,"115,783","156,531","27,547","2,998",507,753,104,263,"19,127",727,"1,508",N
E24,2,"101,875","156,703","40,872","1,023",777,665,148,751,"16,014",481,"4,257",N
F1,2,"124,412","149,911","34,426","1,712",586,"1,089",41,652,"6,813",254,896,N
F2,2,"98,429","153,105","25,514","4,617",514,522,321,623,"8,854",531,"1,699",N
F3,2,"90,610","121,000","18,337","1,108",136,484,-84,248,"9,025",179,515,N
F4,2,"105,785","149,358","16,870","1,234",786,628,181,221,"13,617",268,"1,622",N
F5,2,"85,792","115,033","17,687","2,700",17,269,290,334,834,544,329,N
F6,2,"84,959","141,705","50,203",-319,762,516,-44,626,"19,663",165,"9,984",N
F7,2,"67,200","100,641","16,323","1,641",179,235,179,344,"1,832",281,"1,158",N
F8,2,"80,640","116,447","20,473","2,049",164,113,31,148,"1,796",423,198,N
F9,2,"81,120","121,662","31,408",-638,480,678,131,530,"11,984",256,"1,616",N
F10,2,"93,092","124,936","40,476",3,944,"1,449",-24,"1,193","14,838",274,701,N
F11,2,"98,176","130,448","31,521",477,350,472,245,442,"15,389",909,"2,390",N
F12,2,"113,363","151,691","48,260","-1,297",315,353,17,-210,"31,359",155,"21,996",N
F13,2,"83,029","125,150","19,683","1,795",589,649,-113,220,"6,504",368,647,N
F14,2,"89,949","130,439","20,950","2,022",510,702,-20,292,"9,699",282,423,N
F15,2,"95,015","136,759","29,846","2,569",879,544,-79,370,"10,635",483,475,N
F16,2,"146,986","198,567","37,193","4,791",440,716,204,844,"5,217",700,"1,700",N
F17,2,"116,755","151,048","33,282","2,399","1,058","1,406",-18,224,"24,464",628,"3,803",N
F18,2,"108,064","156,021","31,593","1,326",207,515,-23,329,"2,246",146,"2,926",N
F19,2,"97,293","158,458","36,110","2,382",493,700,157,107,"23,780",388,"7,909",N
F20,2,"99,767","130,537","19,676","2,341",260,260,33,372,"13,091",214,"7,837",N
F21,2,"80,827","131,388","17,778",941,94,359,-23,201,"1,622",352,"1,437",N
F22,2,"79,382","110,689","15,049","1,058",221,168,2,209,"1,501",354,363,N
F23,2,"81,807","111,419","16,718","1,615",361,110,206,190,395,452,294,N
F24,2,"93,411","129,653","33,150","1,615",357,735,358,581,"10,853",475,763,N
G1,2,"98,371","144,857","31,829","2,808",467,641,103,369,"6,826",410,"3,447",N
G2,2,"91,372","133,209","20,561","1,380",510,597,-41,260,"12,197",406,"1,076",N
G3,2,"135,499","162,755","102,660",98,"1,915","2,105",322,379,"29,353",412,"24,272",N
G4,2,"98,997","143,750","19,837","1,715",658,479,47,184,"14,097",328,"2,063",N
G5,2,"71,418","104,409","22,565",101,285,332,89,491,"4,237",269,563,N
G6,2,"91,786","123,082","22,152",329,587,262,-94,216,"14,379",274,241,N
G7,2,"75,901","121,900","20,721",-342,42,611,81,112,"20,693",280,"3,116",N
G8,2,"70,833","101,957","19,175",450,156,148,158,270,486,176,319,N
G9,2,"83,424","127,120","35,110","2,561",248,"2,187",101,305,"3,413",448,326,N
G10,2,"89,740","140,951","21,176",845,356,844,44,67,"18,537",159,"3,368",N
G11,2,"97,180","141,958","39,514","1,184",181,"1,155",144,399,"18,214",343,424,N
G12,2,"88,223","128,040","27,325","1,842",188,401,5,121,"1,200",244,"5,684",N
G13,2,"84,471","118,036","42,837",79,777,587,674,"1,480","5,663",633,"1,509",N
G14,2,"63,130","107,371","14,513","1,112",64,120,172,172,"4,609",231,271,N
G15,2,"110,196","152,009","26,046","3,422",765,843,14,367,"13,322",460,575,N
G16,2,"117,340","160,395","41,432","2,707",368,670,348,743,"12,611",423,"3,405",N
G17,2,"108,171","143,446","35,372",-281,874,535,-126,385,"15,494",150,"5,792",N
G18,2,"103,747","141,378","20,594",693,457,771,-20,314,"14,768",253,"1,112",N
G19,2,"72,693","134,606","31,228",-42,257,747,137,713,"22,409",466,"3,468",N
G20,2,"115,292","146,408","29,686",911,816,556,227,265,"14,537",614,"1,740",N
G21,2,"114,455","145,142","22,862","3,144",196,218,215,365,789,378,491,N
G22,2,"95,124","121,949","41,241",616,673,820,167,"1,369","3,826",867,"2,092",N
G23,2,"106,658","149,728","20,528",-527,401,337,65,225,"24,991",200,"4,513",N
G24,2,"62,195","102,104","22,643",30,424,317,214,472,"3,337",336,644,N
H1,2,"64,233","120,384","17,076","1,449","1,241",293,271,123,"8,725",504,"1,856",N
H2,2,"74,922","130,696","27,656","1,110",547,584,-72,493,"8,800",528,777,N
H3,2,"80,922","133,962","15,848",609,494,491,157,61,"12,473",301,"3,324",N
H4,2,"101,043","160,311","18,046","2,541",311,875,79,334,"20,266",522,"2,870",N
H5,2,"101,061","126,599","18,269","2,286",315,844,129,215,"14,340",422,279,N
H6,2,"70,449","105,921","12,462","1,699",81,87,46,106,951,258,37,N
H7,2,"95,005","140,288","35,948","4,127",460,631,107,597,"10,318","1,013","2,596",Y
H8,2,"83,551","119,367","21,391","2,646",425,271,19,439,"1,750",595,633,N
H9,2,"92,783","131,260","19,868","1,285",243,196,96,398,"2,875",272,477,N
H10,2,"89,758","133,131","33,957",798,922,562,-27,411,"18,258",314,"2,803",N
H11,2,"94,144","120,092","29,370","1,479",272,453,122,505,"2,989",697,807,N
H12,2,"101,746","137,551","26,213",423,497,503,377,323,"18,974",289,"5,186",N
H13,2,"106,656","140,549","22,379","2,222",619,478,9,288,"10,511",437,456,N
H14,2,"111,277","147,601","31,100","4,028",220,210,95,304,"3,241",595,415,N
H15,2,"84,002","122,431","39,663",314,608,502,868,616,"4,911",429,909,N
H16,2,"86,417","122,423","27,668","1,089",366,412,145,685,"12,918",278,840,N
H17,2,"81,174","128,570","18,786","2,167",296,459,77,242,"5,184",208,"1,310",N
H18,2,"114,565","149,003","41,088","3,589",630,"1,168",179,472,"13,982",726,"1,367",N
H19,2,"98,597","130,835","21,315","1,514",520,749,96,299,"11,807",201,883,N
H20,2,"88,716","131,779","18,778","1,740",397,283,-234,137,"10,687",261,"1,567",N
H21,2,"106,592","139,145","24,505","1,023",574,971,-106,216,"12,173",136,"1,664",N
H22,2,"103,856","149,665","40,672",407,894,435,207,61,"15,816",329,"11,807",N
H23,2,"112,432","153,313","48,391",939,503,707,673,"1,101","4,875",527,"1,171",N
H24,2,"95,953","148,349","54,622",172,682,"1,106",56,"1,600","3,199",515,"5,792",N
I1,2,"85,281","129,671","25,705","1,879",214,698,131,436,"2,500",515,376,N
I2,2,"101,597","142,804","28,747","3,967",81,257,-85,441,529,412,575,N
I3,2,"80,640","137,397","29,879",-505,612,169,98,-54,"17,154",181,"13,315",N
I4,2,"112,437","136,830","18,756","2,199",68,233,36,338,390,347,256,N
I5,2,"112,278","164,067","58,443","-2,529",463,469,111,391,"34,183",398,"17,134",N
I6,2,"106,377","152,537","29,773",-481,504,435,60,449,"18,003",143,"3,029",N
I7,2,"84,674","133,828","22,083",-548,631,388,138,206,"23,283",291,"2,291",N
I8,2,"95,063","136,768","27,230","1,579",220,482,-9,414,"1,144",500,"1,074",N
I9,2,"130,845","164,943","87,958","-1,145",998,649,141,"1,238","30,814",604,"3,030",N
I10,2,"158,209","197,911","82,966",542,466,828,"1,365","1,134","1,162",413,"2,414",N
I11,2,"97,862","131,420","16,938",386,791,440,89,319,"13,891",358,950,N
I12,2,"94,587","126,558","15,780",481,503,598,-14,106,"8,912",340,"3,290",N
I13,2,"98,056","129,193","21,728","4,114",312,250,107,197,"4,246",539,291,N
I14,2,"100,927","151,188","27,097","2,318",749,832,111,262,"16,010",666,"2,047",N
I15,2,"89,411","122,338","22,483","1,636",291,192,-82,276,"2,566",343,300,N
I16,2,"64,527","101,704","23,430",490,354,344,88,491,"1,596",347,753,N
I17,2,"121,545","148,421","23,939","1,866",700,671,300,327,"12,427",293,"1,785",N
I18,2,"115,649","166,821","25,225","1,863",443,247,9,83,"15,787",295,"5,997",N
I19,2,"77,470","108,033","17,288","1,507",64,212,148,308,"1,676",278,605,N
I20,2,"94,936","128,535","45,168",608,789,834,232,"1,338","4,384",457,"2,406",N
I21,2,"64,689","100,785","15,196","1,029",132,142,81,283,423,342,349,N
I22,2,"101,383","129,305","23,956","1,975",373,463,73,213,"8,258",541,168,N
I23,2,"80,161","120,456","14,066","2,056",472,474,-58,262,"3,990",412,295,N
I24,2,"98,034","153,941","31,247","2,018",784,600,120,399,"15,996",259,"3,320",N
J1,2,"100,546","131,020","12,091","1,112",61,133,67,183,626,189,153,N
J2,2,"82,440","114,592","16,411","1,237",600,343,35,274,"7,702",128,"1,405",N
J3,2,"81,709","115,377","33,232","1,515",323,389,118,650,"3,037",617,794,N
J4,2,"64,555","114,739","16,488","1,901",135,157,161,165,"4,370",207,567,N
J5,2,"137,545","188,987","30,908","1,005",557,"1,004",231,365,"17,156",204,"3,131",N
J6,2,"74,553","110,538","13,784","1,978",341,224,68,166,"2,669",303,160,N
J7,2,"91,024","140,262","28,575","1,735",420,432,70,549,"5,571",378,693,N
J8,2,"99,486","134,545","19,105","3,287",354,314,135,321,"8,604",328,462,N
J9,2,"68,050","99,625","16,397",974,106,123,-1,145,"1,606",192,186,N
J10,2,"82,419","111,545","14,860",992,126,120,-112,171,384,304,152,N
J11,2,"80,985","112,377","12,637","2,298",333,158,71,202,"2,672",453,255,N
J12,2,"93,915","140,294","20,187","1,850",363,348,-76,224,"3,909",249,"2,312",N
J13,2,"77,014","126,738","16,717","2,294",6,140,11,271,228,222,342,N
J14,2,"83,313","125,219","24,854","1,419",156,221,26,329,375,538,386,N
J15,2,"78,145","114,383","17,960","2,739",177,137,-18,186,558,338,294,N
J16,2,"107,961","154,538","28,142",976,664,578,154,6,"18,829",325,"8,205",N
J17,2,"76,948","110,087","12,905",995,121,248,27,212,"1,228",245,261,N
J18,2,"84,415","117,258","15,873","1,263",252,132,116,50,"4,127",337,"3,425",N
J19,2,"93,760","148,983","29,197","1,754",576,884,88,457,"10,897",426,"1,629",N
J20,2,"92,117","129,972","21,563","3,343",131,931,-32,275,539,635,311,N
J21,2,"99,361","124,289","35,342","2,006",333,297,-44,414,"4,343",553,506,N
J22,2,"89,983","124,239","16,834","2,721",505,593,-51,209,"13,126",392,504,N
J23,2,"114,060","141,198","17,838","1,455",665,757,-61,195,"14,566",452,"1,368",N
J24,2,"106,325","138,982","25,073","1,831",457,986,172,277,"22,798",256,"2,935",N
K1,2,"88,316","119,426","26,592","1,001",186,284,-52,589,"1,498",306,745,N
K2,2,"108,440","164,816","27,370","2,531",223,233,34,421,"1,218",234,617,N
K3,2,"77,572","108,628","15,859",910,134,62,49,93,"3,206",212,146,N
K4,2,"94,911","143,847","31,089","1,107",943,543,-27,437,"17,406",561,"5,755",N
K5,2,"86,459","118,430","20,108","1,113",371,"1,220",305,784,"5,986",512,920,N
K6,2,"58,214","97,643","12,347",417,276,82,4,88,"2,340",239,147,N
K7,2,"62,492","100,453","10,089",114,335,166,34,183,"4,141",153,343,N
K8,2,"108,985","147,816","27,810","2,672",625,404,-15,236,"9,668",286,"4,743",N
K9,2,"79,759","113,475","16,014","1,067",211,219,52,177,"2,291",612,267,N
K10,2,"102,874","141,293","28,334","2,053",128,139,120,291,199,387,405,N
K11,2,"94,301","134,246","18,148",103,769,340,240,225,"15,251",270,"2,961",N
K12,2,"97,190","128,531","53,224",-746,338,534,15,495,"14,378",244,"5,863",N
K13,2,"118,809","152,564","31,189","3,305",598,534,-17,351,"12,391",566,"4,000",N
K14,2,"71,153","135,520","24,277",420,246,859,192,420,"12,597",242,"1,297",N
K15,2,"112,870","148,350","18,451","3,229",436,619,112,251,"12,145",193,456,N
K16,2,"102,084","146,457","22,997","1,682",862,435,329,311,"12,794",430,552,N
K17,2,"98,503","127,799","18,156","2,925",170,194,115,294,"1,044",723,453,N
K18,2,"127,235","176,062","24,322",48,787,613,122,327,"15,491",398,"1,249",N
K19,2,"97,452","132,965","23,637","1,614",179,228,11,316,"1,590",155,469,N
K20,2,"97,103","128,623","17,541","2,905",72,162,42,223,"1,005",309,358,N
K21,2,"94,030","148,932","34,697",453,368,486,3,604,"4,859",461,870,N
K22,2,"79,971","114,233","15,491","1,801",137,140,-36,183,808,465,165,N
K23,2,"99,999","148,755","82,228",-530,759,258,83,318,"22,522",474,"9,068",N
K24,2,"105,155","158,683","46,722",-840,930,797,83,264,"25,238",177,"9,687",N
L1,2,"90,951","146,610","17,987","1,741",73,343,4,174,"6,781",415,"1,714",N
L2,2,"111,028","151,729","24,375",-356,678,433,109,216,"22,591",140,"9,006",N
L3,2,"81,289","116,907","14,740","2,415",685,260,-59,93,"9,950",356,"3,857",N
L4,2,"100,565","134,844","14,207","1,852",617,671,-89,173,"11,207",217,"1,511",N
L5,2,"117,152","139,878","35,703","1,263",401,307,60,395,"1,870",478,681,N
L6,2,"102,694","137,271","24,589","2,840",479,424,57,242,"13,469",393,"2,222",N
L7,2,"85,992","116,873","29,044","2,820",255,482,207,799,"3,266",435,"1,133",N
L8,2,"104,483","142,913","16,464","1,134",486,357,59,179,"10,656",297,880,N
L9,2,"121,722","153,917","26,768","4,291",119,466,420,304,"7,177",652,811,N
L10,2,"101,425","138,918","42,546","1,523",406,277,107,518,"3,272",451,780,N
L11,2,"81,136","114,823","16,798","2,806",192,152,-8,212,"2,015",531,287,N
L12,2,"60,819","115,450","27,783","2,175",286,460,242,813,"6,291",448,826,N
L13,2,"116,147","143,657","21,309","1,003",421,375,46,263,"8,949",91,"1,874",N
L14,2,"77,076","111,821","17,810","1,323",312,171,-6,292,"3,890",428,212,N
L15,2,"83,465","133,397","49,046","4,829",715,"1,074",448,733,"6,951","1,050","1,092",N
L16,2,"96,431","126,685","33,982","1,946",350,291,11,464,"1,218",570,392,N
L17,2,"115,925","160,361","21,293","2,163",531,888,153,275,"10,443",153,422,N
L18,2,"92,761","134,588","16,464","1,959",564,415,-189,357,"13,803",228,"1,380",N
L19,2,"109,759","149,103","34,264",101,987,817,186,721,"14,266",552,"2,115",N
L20,2,"82,928","115,878","13,998","2,209",199,176,65,173,"1,418",334,251,N
L21,2,"101,389","158,659","31,319","1,198",80,649,164,488,"3,400",790,"2,073",N
L22,2,"86,404","122,652","17,509","1,346",265,640,37,206,"7,311",287,227,N
L23,2,"114,383","144,871","17,464",888,562,552,-33,299,"16,046",325,"1,296",N
L24,2,"96,604","125,427","16,231",-173,894,309,96,68,"14,787",146,"1,649",N
M1,2,"75,014","112,056","42,332",-836,532,581,316,"1,153","17,077",235,"11,293",N
M2,2,"105,145","149,666","39,304",423,823,779,171,334,"15,857",144,"9,955",N
M3,2,"116,284","155,705","23,315",-703,732,587,119,285,"18,014",593,"1,920",N
M4,2,"80,533","111,598","18,444",651,259,171,32,248,"3,010",165,274,N
M5,2,"120,153","176,567","82,273","-1,235",727,305,65,-401,"34,153",76,"31,560",N
M6,2,"87,905","139,924","48,029",136,"1,168",639,588,"1,096","16,142",434,"4,550",N
M7,2,"99,511","143,922","18,870","2,098",498,401,29,199,"10,613",385,"3,198",N
M8,2,"80,531","111,689","15,130",999,108,90,-82,122,"1,096",310,202,N
M9,2,"103,299","153,743","44,921",205,601,"1,235",281,420,"19,262",295,"8,778",N
M10,2,"83,886","135,444","18,632","3,173",414,452,-8,237,"8,213",512,943,N
M11,2,"132,076","165,593","21,366","1,885",621,581,-125,167,"12,118",430,"2,208",N
M12,2,"106,734","133,034","24,158",218,534,297,181,17,"13,445",240,"5,879",N
M13,2,"99,868","147,712","22,806",-221,334,"1,082",35,346,"17,484",435,835,N
M14,2,"95,500","129,924","20,012",259,"1,045",210,-25,27,"20,441",169,"4,489",N
M15,2,"143,510","184,685","48,368",-164,"1,015",545,129,583,"16,631",672,"10,542",N
M16,2,"89,993","133,488","18,527","1,731",365,504,115,144,"13,432",388,"3,128",N
M17,2,"98,899","123,257","15,973","3,900",59,246,38,264,962,269,255,N
M18,2,"101,231","143,974","22,171","1,668",213,327,315,18,"21,292",115,"8,698",N
M19,2,"109,681","141,439","33,630","2,801",272,262,44,299,"8,626",541,360,N
M20,2,"110,263","144,582","18,232","2,228",361,593,23,298,"9,169",325,"1,515",N
M21,2,"83,181","123,605","13,159","1,029",230,427,144,239,"7,381",203,244,N
M22,2,"78,673","141,289","25,968","2,043",374,578,51,336,"10,748",176,"4,577",N
M23,2,"88,326","130,305","14,422","1,715",486,346,-65,136,"7,993",394,922,N
M24,2,"116,857","147,352","36,817","1,344",420,587,33,544,"6,619",562,557,N
N1,2,"72,899","104,611","11,693","1,534",5,18,23,109,218,293,189,N
N2,2,"95,889","133,081","25,479",913,808,877,221,513,"17,985",196,"2,208",N
N3,2,"84,801","119,458","31,318","3,139",365,"1,349",180,966,"5,576",740,"1,172",N
N4,2,"88,050","118,343","25,853","1,059",208,156,103,242,"3,855",196,326,N
N5,2,"94,517","146,927","30,178","1,431",206,278,28,359,"1,322",339,339,N
N6,2,"91,910","122,663","29,439","1,188",507,474,9,704,"4,489",531,"1,088",N
N7,2,"78,624","116,857","17,505",713,127,222,-30,310,837,286,415,N
N8,2,"124,687","152,635","24,372","3,508",277,745,110,398,"2,104",584,"2,820",N
N9,2,"114,409","170,342","24,663","2,863",752,750,-62,97,"11,634",444,"7,095",N
N10,2,"95,241","125,846","21,431","2,071",367,295,134,332,"6,060",356,374,N
N11,2,"87,414","146,617","24,995","3,971",267,277,30,172,"8,475",757,"1,072",N
N12,2,"85,554","119,082","30,893",669,192,358,-26,713,"1,916",410,914,N
N13,2,"66,261","99,870","11,389",880,220,75,-34,112,"1,320",261,142,N
N14,2,"75,360","115,782","20,571",536,130,364,74,612,"5,429",387,765,N
N15,2,"87,457","122,331","31,481",294,247,443,64,548,"8,184",333,"1,665",N
N16,2,"80,645","113,173","14,955",67,230,153,126,182,"5,559",163,448,N
N17,2,"151,638","201,790","96,850","4,803","1,833","2,392",296,699,"36,312","1,715","12,249",N
N18,2,"75,588","109,626","14,427","1,027",191,145,70,122,"2,191",296,145,N
N19,2,"124,984","165,795","35,699","1,882",989,545,-27,529,"13,036",313,"8,688",N
N20,2,"120,864","173,450","22,536","4,223",169,198,63,350,113,649,508,N
N21,2,"72,536","115,002","19,407",551,298,288,95,-45,"2,946",-374,"15,848",N
N22,2,"117,005","155,120","26,207","2,033",480,565,176,670,"5,198",436,"1,749",N
N23,2,"113,209","163,843","36,026",545,571,788,337,691,"13,545",238,"1,591",N
N24,2,"86,353","119,189","13,730","1,186",141,223,129,168,"2,842",209,701,N
O1,2,"77,655","140,531","40,145",367,491,963,28,558,"5,325",283,"2,995",N
O2,2,"85,486","143,795","54,608",208,741,954,222,"1,547","11,327",523,"1,914",N
O3,2,"82,471","117,834","17,728","1,246",143,34,-7,126,"2,060",247,229,N
O4,2,"114,676","167,466","55,460","3,455",327,686,17,275,"9,508",708,"12,682",N
O5,2,"125,071","155,720","28,681","3,083",-92,514,196,253,"8,696",414,"2,233",N
O6,2,"117,871","156,433","66,668",-960,"1,011",688,63,305,"14,600",357,"8,680",N
O7,2,"96,985","124,667","19,773","1,869",79,237,113,230,"1,159",458,285,N
O8,2,"64,473","100,487","12,318",624,15,59,-16,143,167,234,119,N
O9,2,"101,622","159,751","24,653","1,532",685,478,5,201,"16,911","1,005","3,294",N
O10,2,"83,240","113,120","16,093",-304,693,200,353,-58,"28,089",149,"5,003",N
O11,2,"92,555","148,273","32,272","2,267",370,851,268,667,"7,197",434,694,N
O12,2,"94,134","138,745","67,955",-719,"1,253",509,419,665,"28,040",365,"13,413",N
O13,2,"105,492","146,987","34,943",849,844,312,21,94,"28,039",250,"7,068",N
O14,2,"112,771","152,773","45,659","2,449",926,"1,205",114,506,"15,603",451,"2,303",N
O15,2,"108,626","147,729","35,212","1,492",833,802,-1,381,"20,950",541,905,N
O16,2,"78,409","108,270","14,057","1,723",189,226,-18,132,"2,219",138,271,N
O17,2,"86,075","122,766","23,793","1,298",160,215,54,277,725,307,331,N
O18,2,"76,726","121,036","50,839",-152,"1,179",665,"2,216","1,530","16,579",318,"2,726",N
O19,2,"130,358","160,378","27,896",356,804,821,343,343,"18,884",627,"1,690",N
O20,2,"122,029","154,687","23,228","1,339",708,901,68,341,"18,986",810,"1,032",N
O21,2,"109,139","136,093","21,345","1,513",316,536,73,394,"6,913",337,803,N
O22,2,"94,646","129,623","20,596",926,371,507,19,96,"10,060",181,"3,087",N
O23,2,"76,252","121,372","24,991","2,183",262,347,49,344,"2,345",395,744,N
O24,2,"89,645","127,116","26,857","1,648",417,303,84,354,"7,504",277,498,N
P1,2,"105,096","149,678","24,841","1,379",714,428,138,368,"13,425",30,"5,596",N
P2,2,"70,293","130,262","34,654",660,204,518,147,"1,075",162,295,"1,382",N
P3,2,"112,097","154,300","32,293","5,287",229,360,116,406,306,565,528,N
P4,2,"86,774","127,638","14,621",-971,783,614,145,127,"16,333",175,"3,272",N
P5,2,"101,507","151,104","15,539",19,785,658,-56,132,"10,210",127,"4,108",N
P6,2,"78,845","119,643","18,110",956,107,250,10,344,475,218,546,N
P7,2,"101,334","152,580","26,708","1,397",754,853,146,122,"21,021",211,"6,109",N
P8,2,"82,385","113,304","14,773","1,300",195,160,76,153,"1,486",225,179,N
P9,2,"121,930","174,301","44,076","-1,079",495,459,158,531,"21,163",289,"5,229",N
P10,2,"95,395","148,401","27,423","2,968",279,241,125,313,"2,201",390,466,N
P11,2,"139,076","190,218","70,615","4,286",850,"1,138",516,895,"21,261",924,"5,699",N
P12,2,"97,398","135,519","25,306",742,"1,434","1,040",611,665,"16,774",320,791,N
P13,2,"77,122","119,971","26,527","1,020",408,746,46,255,"4,326",251,267,N
P14,2,"93,945","126,871","16,977","2,164",853,306,90,124,"9,957",107,"3,815",N
P15,2,"79,757","144,129","25,357","1,539",735,492,210,91,"25,907",427,"4,916",N
P16,2,"85,071","117,395","16,774","3,517",135,466,102,383,"4,957",332,532,N
P17,2,"97,760","142,919","24,588","2,155",183,545,5,149,"10,789",584,"2,581",N
P18,2,"95,825","126,562","26,308",882,516,399,71,368,"10,953",264,918,N
P19,2,"110,427","151,235","27,237",-28,610,763,68,65,"19,583",128,"7,404",N
P20,2,"104,123","149,093","25,144","1,314",918,398,-24,324,"13,979",338,"3,377",N
P21,2,"101,577","137,243","38,002",-658,571,614,197,748,"20,149",380,"3,142",N
P22,2,"82,693","120,067","20,895","1,421",621,394,-3,118,"9,964",280,"5,963",N
P23,2,"94,013","135,974","23,919","1,826",589,533,199,180,"12,475",16,"7,394",N
P24,2,"91,183","123,395","30,447",486,707,692,105,943,"6,619",276,"1,563",N