PVR_PECy7,PLVAP_APC,CD51_FITC,CD168_700,Zombie_violet,CIP2A_APCCy7,VEGFR1_594,CD42_BV605,Colony
"3,948","3,921",-103,"10,086",-583,"22,621","1,265","66,904",0
199,30,259,14,267,44,112,303,0
314,184,332,536,430,346,80,"19,911",0
888,70,293,200,383,177,72,535,0
575,91,"1,580",976,"1,115",585,626,"35,201",0
"3,570",229,775,364,441,125,268,327,0
156,80,670,800,"1,024",114,"1,334","41,595",0
"1,549",200,509,736,658,891,194,"4,822",0
"1,802",273,476,552,404,325,-69,"7,037",0
608,153,386,296,259,202,193,"4,699",0
431,242,476,993,636,143,311,"14,022",0
709,290,411,749,776,529,85,"16,171",0
"1,560",115,414,358,232,166,226,"2,562",0
54,261,142,"1,102",516,159,547,"35,412",0
633,62,439,264,471,77,438,"8,811",0
314,183,524,301,431,238,531,"12,965",0
256,254,446,708,495,323,-173,"18,016",0
"1,087",205,392,566,535,383,135,"1,891",0
16,193,591,713,602,314,741,"33,334",0
976,77,346,130,484,198,590,"15,867",0
"2,028",59,397,-369,348,298,206,307,0
"1,054",110,755,207,541,169,442,"14,068",0
"2,148",-8,495,-151,365,230,401,"24,133",0
368,64,216,924,680,238,698,"36,705",0
757,180,562,708,198,184,148,"12,566",0
"1,165",166,200,258,183,263,45,550,0
"1,569",387,778,723,473,802,462,"6,050",0
"1,517",54,815,-103,355,165,219,963,0
423,202,489,498,377,144,227,"4,654",0
"2,748",132,325,452,294,211,150,361,0
634,244,525,556,467,100,134,527,0
266,216,362,"1,282",807,468,679,"38,336",0
104,113,706,263,813,86,368,"3,916",0
463,106,408,146,256,308,467,"17,899",0
"1,511",153,459,985,580,440,351,"12,639",0
"1,277",206,614,451,575,85,263,"3,398",0
944,441,659,"1,427",882,460,246,"15,753",0
"5,200","4,829",15,"2,050",457,"45,787",271,"22,151",0
"1,844",19,339,-8,285,266,165,293,0
611,93,324,-64,212,165,155,"2,394",0
653,298,504,549,544,-44,84,"12,333",0
"2,420",70,661,-20,280,322,168,647,0
295,125,327,216,463,241,324,"5,718",0
228,175,470,788,832,209,30,"11,746",0
"1,817",-23,190,337,243,93,135,312,0
"2,915",48,167,203,313,116,170,208,0
485,198,257,419,278,236,151,"9,482",0
556,129,353,900,835,306,411,"42,420",0
498,95,709,"1,729","1,415",842,921,"32,324",0
252,84,517,"1,067",857,146,310,"18,730",0
216,137,547,261,734,-75,"1,044","20,111",0
265,111,235,528,400,175,935,"37,203",0
"1,592",109,467,186,336,411,98,408,0
"1,453",134,526,332,378,337,181,"1,729",1
747,219,441,"1,406","1,800",774,497,"25,191",0
396,79,424,279,343,370,"1,342","39,297",0
"1,898",335,"1,717",601,"1,602",929,852,"2,549",0
910,299,769,"1,332",680,452,298,"22,545",0
-121,204,821,492,476,250,215,"15,315",0
"2,236",206,698,878,457,-48,135,480,1
"2,075",38,296,279,243,-2,143,305,0
734,244,376,598,469,544,357,"9,880",0
272,6,468,359,805,73,555,"9,251",0
298,363,595,909,868,308,198,"12,584",0
"4,692",28,640,477,489,744,162,485,0
423,-16,828,203,328,285,246,"4,811",0
131,92,245,229,407,253,245,"14,075",0
"1,112",394,786,"1,644",763,"2,245",763,"21,802",0
586,394,571,"1,207",675,398,3,"6,568",0
499,174,653,-187,746,-15,"1,712","42,170",0
110,28,593,192,417,275,638,"24,869",0
378,270,516,"1,906",729,585,-79,"69,660",0
926,-16,671,197,471,238,143,"1,696",0
"1,230",82,"1,686",354,655,190,168,"1,639",0
234,111,940,416,926,178,404,"13,479",0
447,340,"1,921",778,"1,175",409,496,"37,574",0
"1,947",167,916,"1,656",638,836,65,"1,983",0
"1,083",178,338,550,331,509,15,"2,094",0
758,184,572,637,381,368,80,"1,667",0
"1,094",319,283,751,449,233,"1,831","50,675",0
682,215,799,609,523,319,252,"19,243",0
"2,634",245,674,828,485,142,125,"1,125",0
566,281,879,"1,076",738,134,259,"11,837",0
404,405,420,397,419,419,936,"39,178",0
895,106,859,242,430,36,214,666,0
"1,643",218,612,518,"1,011",752,765,"19,608",0
"1,445",90,294,181,274,72,141,244,0
258,109,311,563,286,216,206,"6,809",0
473,37,382,-69,383,94,237,"1,624",0
394,246,576,718,682,569,378,"26,545",0
"1,256",168,477,759,939,355,248,"15,699",0
"1,628",191,831,71,887,937,331,"1,330",0
852,158,550,480,457,333,135,217,0
"2,249",252,464,701,430,274,115,"1,436",0
159,-8,233,86,340,0,355,"11,682",0
814,74,466,692,355,118,205,"15,188",0
"1,334",316,481,685,264,215,502,"1,188",0
406,114,"1,295",942,"1,049",687,"1,292","37,265",0
"1,374",191,408,-102,372,569,413,"11,188",0
"1,036",99,339,360,376,421,445,"13,447",0
294,73,503,224,368,115,465,"6,354",0
485,260,406,648,885,474,842,"54,096",0
"1,037",8,488,356,549,391,172,"7,568",0
634,104,192,314,143,10,189,303,0
401,425,578,"1,196","1,701","1,083",282,"25,875",0
387,420,464,"1,084",951,516,-30,"33,826",0
764,150,205,445,384,181,-50,"6,511",0
"1,203",220,"28,925",847,481,461,229,"8,247",0
506,49,358,495,415,523,224,"19,950",0
712,24,373,299,541,54,476,"18,842",0
730,366,373,"2,011",509,"4,391",109,"1,538",0
"2,290","1,060",664,"1,311",641,"10,255",930,"30,137",0
209,107,217,-2,268,-21,114,"14,083",0
108,115,536,759,"1,106",242,690,"18,820",0
"2,189",157,537,355,435,58,145,536,0
84,191,305,296,363,261,262,"19,685",0
"1,760",99,394,-97,217,293,149,382,0
416,18,232,160,297,154,274,"25,989",0
940,39,498,227,337,237,242,"5,853",0
289,49,492,496,272,9,57,"9,338",0
242,205,426,271,429,386,584,"23,794",0
"1,127",336,779,914,677,430,501,"9,521",0
"1,176",225,434,631,521,235,-16,"3,644",0
498,135,369,218,309,246,167,"6,743",0
24,-4,808,-56,531,124,200,"1,907",0
"1,742",84,728,423,512,539,637,"19,791",0
"1,814",445,"1,330",789,910,862,348,"33,572",0
"2,146",180,538,446,442,267,169,"4,603",0
450,284,295,909,306,437,130,"10,640",0
"5,566",557,"1,316","2,511","2,080","1,592",448,"17,898",0
284,61,303,-351,270,266,163,321,0
941,301,374,558,422,297,368,"26,798",0
"1,682",151,609,706,580,114,184,"2,350",0
"2,341",166,538,397,367,274,217,442,0
180,84,237,119,231,96,257,"13,821",0
385,153,560,5,479,445,854,"16,535",0
385,163,"1,418",735,"1,602",226,913,"33,012",0
"1,024",117,520,808,476,152,359,"7,558",0
70,38,420,-85,770,44,228,"7,833",0
116,0,330,127,318,262,78,"21,488",0
771,36,228,270,187,91,98,150,0
"1,062",12,730,870,303,222,74,"2,114",0
969,88,887,555,335,240,420,"19,791",0
"1,015",196,546,498,634,"1,457",185,"12,055",0
"1,337",95,271,322,212,176,137,249,0
"2,067",222,537,"1,417",344,158,-34,"5,356",0
596,19,459,57,250,143,55,"1,445",0
-86,100,314,"1,084","1,195",963,638,"42,103",0
"2,195",111,476,816,439,195,96,"1,339",0
405,195,604,192,"1,322",457,247,"3,619",0
437,213,814,449,913,227,935,"71,059",0
723,322,491,"1,010",462,177,76,"14,355",0
442,279,365,"1,409",934,825,246,"2,984",0
"1,064",275,780,974,489,647,377,"6,305",0
521,51,579,884,451,634,164,"22,761",0
"1,461",108,450,"1,030",787,954,175,"7,028",0
"1,069",174,408,555,671,233,116,"4,437",0
378,192,918,806,673,"1,154",267,"8,133",0
951,59,226,-17,233,128,128,214,0
"1,992",92,"1,812",800,694,645,521,"18,994",0
-80,80,389,568,464,269,126,"24,482",0
322,-2,-81,"8,018","1,028",81,-182,"8,841",0
548,310,456,990,548,248,179,"10,849",0
345,47,319,112,435,228,379,"8,793",0
437,265,620,816,796,671,-47,"13,783",0
"1,246",124,470,289,404,338,236,"7,617",0
"1,016",365,576,"1,104",522,686,-1,"21,269",0
365,297,412,948,739,630,"1,105","43,215",0
509,165,421,"1,183",779,814,0,"14,539",0
626,475,636,"1,567",810,"1,121",797,"61,563",0
863,481,"1,810","2,320","1,646",944,-4,"15,861",0
38,159,155,647,235,82,-155,"19,108",0
"1,046",62,434,192,448,245,242,"5,183",0
101,256,270,422,806,132,479,"21,526",0
357,241,355,394,460,566,269,"8,611",0
653,239,716,279,410,741,95,"8,651",0
"2,133",210,"2,005",497,"1,304",101,813,"1,860",0
754,254,"2,321",356,691,551,515,"29,048",0
8,112,258,285,429,281,233,"22,455",0
398,14,629,706,437,110,589,"21,254",0
46,105,350,122,535,339,"1,164","34,641",0
724,172,591,295,407,511,488,"10,158",0
"1,344",90,"1,076",95,657,161,278,"7,706",0
192,-21,267,766,740,480,442,"35,017",0
"1,707",223,578,715,411,463,156,"4,504",0
185,218,499,608,479,178,331,"13,425",0
83,227,296,203,413,187,451,"17,676",0
-51,217,-43,"4,159","1,264",117,429,"23,457",0
"1,677",98,437,516,293,521,52,713,0
"2,329",-23,248,33,272,135,209,430,0
"1,260",50,405,873,501,58,7,"9,392",0
571,163,361,438,615,186,374,"12,827",0
"1,589",-12,532,44,412,230,141,724,0
"2,129",21,473,325,883,465,147,817,0
543,146,384,708,448,978,218,"16,993",0
"2,109",736,479,735,623,"4,507",54,"7,064",0
910,405,363,734,568,443,459,"10,473",0
250,378,"1,233",689,623,"1,049",932,"34,372",0
267,61,889,327,506,526,"1,056","25,061",0
"3,022",95,222,923,241,-52,109,743,0
331,228,197,415,355,241,"1,035","28,084",0
357,105,327,462,482,90,352,"17,319",0
833,102,610,147,430,405,151,554,0
510,134,470,359,457,88,"1,575","26,815",0
861,352,536,975,673,172,105,"8,183",0
470,202,244,988,495,493,96,"7,488",0
"1,464",188,307,404,761,145,63,506,0
67,397,782,"2,832","1,154",666,245,"20,023",0
"1,004",97,662,"1,065",536,393,223,"14,988",0
"1,588",43,312,443,291,350,78,548,0
885,210,482,871,335,701,43,"5,313",0
876,36,352,334,375,-6,237,623,0
303,293,682,861,508,343,164,"6,939",0
839,140,596,862,876,430,598,"22,180",0
"1,309",268,373,331,359,635,121,588,0
459,164,307,137,467,204,380,"12,179",0
760,266,239,770,484,601,419,"19,134",0
354,153,211,"1,609","1,566",573,942,"26,013",0
473,110,303,142,346,300,190,"9,516",0
"1,477",325,448,800,"1,169",748,116,"2,450",0
"3,459",440,831,"1,150","1,511",712,315,"1,208",0
968,215,684,-99,417,348,214,"1,770",0
288,7,287,855,"1,048",164,"1,812","36,999",0
"1,734",305,707,826,504,136,220,729,0
"1,052",157,317,53,345,491,186,"2,311",0
"2,904",123,161,-73,165,129,123,216,0
-231,223,436,638,628,413,"1,603","63,309",0
417,115,801,"1,159",892,345,"1,065","50,324",0
676,31,534,490,248,243,429,"30,819",0
355,103,486,576,973,108,789,"27,885",0
550,256,151,"2,624","2,409","1,360","1,649","110,185",0
449,209,773,654,456,456,-43,"7,084",0
607,95,536,49,393,222,468,"18,302",0
455,302,447,"1,474",796,393,346,"18,755",0
761,186,710,320,587,301,467,"27,077",0
207,35,834,"2,165","2,421",619,409,"15,758",0
632,47,263,909,393,243,151,"9,316",0
669,140,685,348,440,346,"1,140","21,384",0
"6,201","4,184",776,"2,272",739,"37,748",580,"36,810",0
"3,414",227,817,"1,508",607,640,106,"6,017",0
924,185,589,"1,004",812,451,130,"4,671",0
"1,448",206,597,916,752,799,269,"8,473",0
280,26,428,97,557,156,798,"19,037",0
869,734,613,853,570,"7,843",-7,"20,016",0
636,259,654,"2,195","1,071",799,399,"27,302",0
63,265,"1,305",647,892,369,"1,020","45,791",0
"1,712",267,563,694,442,698,192,"1,917",0
659,106,439,784,330,243,156,"1,261",0
853,159,556,"1,122",485,408,-62,"7,349",0
567,334,880,"1,007",594,297,143,"30,537",0
843,161,668,-302,"1,023",489,753,"12,670",0
"2,132",181,251,131,306,162,150,"1,265",0
944,175,699,"1,027",615,207,256,"9,420",0
"3,367",189,754,394,484,686,197,"2,225",1
301,434,275,"1,847",868,"1,082",521,"31,370",0
"1,147",78,240,23,266,278,157,519,0
211,99,345,65,407,78,79,"12,151",0
178,38,184,336,322,194,143,"13,008",0
"1,953",171,629,335,565,"1,003",275,"13,378",0
129,66,728,514,643,383,"1,429","33,249",0
595,86,398,601,339,47,237,"6,146",0
"1,480",97,472,405,312,60,166,559,0
"1,096",38,193,72,468,737,754,"23,020",0
"1,553",327,378,"1,954","1,190","2,496",-25,"4,718",0
"2,422",174,"1,047",576,"1,160",670,699,"35,453",0
935,482,652,933,796,"3,392",795,"50,403",0
"1,397",93,162,634,309,202,160,249,0
317,179,370,580,592,106,-33,"16,429",0
777,121,319,410,599,237,842,"18,574",0
586,196,"1,426",534,"1,148",341,"1,108","36,493",0
613,150,878,975,514,768,579,"18,839",0
"2,508",222,967,408,612,441,215,"2,224",0
877,208,535,461,568,350,157,"1,909",0
290,122,502,-21,404,205,578,"6,477",0
287,329,16,"2,795","1,205",329,639,"29,490",0
274,109,447,332,658,110,236,"6,461",0
"1,884",194,478,134,671,658,170,858,0
"2,060",0,545,111,382,421,207,577,0
385,308,338,709,561,274,190,"19,072",0
832,50,547,257,467,188,110,"6,876",0
310,49,93,"1,551","1,013",459,662,"23,502",0
"1,378",78,366,399,387,352,165,"1,520",0
99,428,"1,020",724,"1,297",845,742,"26,553",0
"1,189",-82,"1,373",-49,515,250,235,865,0
"1,420",444,"1,024",559,751,"1,394",816,"27,772",0
"1,283",138,259,704,419,439,59,"6,381",0
795,216,295,460,341,382,30,"8,621",0
"1,645",85,587,181,850,479,406,"9,319",0
621,-31,772,"7,731",243,666,158,130,0
140,93,431,591,775,202,293,"11,087",0
931,231,660,722,868,608,214,"19,248",0
"2,595",313,402,"1,020",541,451,183,"13,617",0
452,44,"1,160",229,392,862,278,"3,238",0
862,137,553,681,501,196,455,"12,126",0
"1,067",94,576,366,661,207,113,"3,585",0
366,173,252,583,542,303,734,"37,495",0
"1,075",286,"1,233",526,865,346,865,"43,332",0
"1,221",84,284,-113,278,61,165,587,0
216,121,83,"1,914","1,186",293,290,"13,014",0
"1,444",84,446,-47,274,1,176,425,0
340,349,436,286,256,64,424,"13,699",0
615,335,947,953,464,529,-39,"16,618",0
"2,015",127,475,480,463,336,34,800,0
323,246,622,716,548,94,171,"3,386",0
636,650,411,"1,584",963,"1,131","1,293","70,621",0
"1,053",211,525,950,416,177,-34,"8,197",0
"1,425",363,680,822,731,758,558,"28,126",0
374,341,208,606,278,343,520,"37,082",0
"1,085",142,399,93,474,585,887,"25,526",0
381,64,529,799,555,282,679,"26,322",0
"1,816",27,472,-32,312,124,200,"2,507",0
"2,693",70,891,896,"1,266",326,411,"18,731",0
486,134,799,987,811,29,343,"13,208",0
"1,139",112,489,599,330,281,125,"2,480",0
"1,385",198,550,119,466,-9,238,715,0
"2,538",104,865,694,776,364,151,"1,811",0
"3,022",228,"1,129",547,701,267,359,"3,358",0
486,120,"1,130",647,431,565,105,"12,004",0
396,104,301,236,398,238,535,"9,935",0
887,90,834,425,269,216,175,"1,616",0
496,222,572,560,"1,267",714,795,"32,689",0
242,222,793,448,904,169,964,"39,724",0
"4,127","2,243",426,"1,155","1,128","16,320",281,"14,815",0
"1,459",133,344,212,194,84,107,295,0
245,106,684,506,442,379,313,"21,646",0
"1,302",212,581,339,677,174,178,"1,229",0
"1,181",197,462,816,341,361,64,"4,615",0
"1,563",143,520,501,498,152,273,"16,756",0
933,273,929,309,552,651,54,"8,037",0
63,152,"1,121",811,490,472,192,"31,727",0
283,93,381,819,433,115,457,"23,797",0
735,321,693,"1,060",872,467,-143,"7,958",0
131,108,423,186,620,307,351,"13,672",0
409,435,745,817,872,344,272,"21,463",0
660,207,597,"1,188",664,284,159,"9,584",0
341,198,"1,581",-188,945,774,379,"1,636",0
518,105,524,11,332,445,-78,"11,984",0
465,130,-19,"4,301","2,066","1,144",761,"39,330",0
"1,067",108,955,"1,578",965,-139,272,685,0
439,127,243,"1,361","1,215",852,879,"38,676",0
1,180,557,-325,422,419,495,"15,248",0
-104,385,634,"1,537",727,942,219,"18,774",0
"2,935",21,536,103,488,360,118,"1,039",0
"1,254",192,477,388,386,198,126,"1,301",0
-65,36,334,47,77,140,82,"2,949",0
"2,666",176,583,506,466,-49,61,"2,703",0
20,2,437,427,"1,365",244,555,"18,455",0
676,176,785,"1,132","1,254",473,"1,556","49,259",0
259,68,432,2,437,333,342,"16,434",0
239,112,478,261,731,204,242,"11,209",0
194,260,925,199,601,670,379,"23,040",0
"1,656",118,377,320,293,39,124,479,0
"1,208",33,641,575,596,506,305,"11,303",0
"1,039",96,434,114,297,276,123,426,0
306,198,235,"1,713",828,631,-58,"13,951",0
"1,005",411,"1,422","1,339","1,238","1,630",922,"48,698",0
444,118,779,-1,435,237,635,"23,254",0
658,226,556,238,635,210,158,"11,427",0
681,180,487,68,488,306,176,513,0
"2,662",110,414,424,476,53,277,"6,652",0
714,76,367,202,554,644,585,"18,166",0
"2,931",252,640,"1,265","1,021",-39,137,"2,881",0
323,273,412,897,590,699,-24,"17,333",0
"2,512",456,441,617,704,443,204,"1,109",0
"2,445",127,685,180,543,507,587,"12,011",0
"1,218",91,718,648,461,"1,156",882,"19,630",0
"1,002",401,724,529,455,"1,992",776,"27,991",0
"2,300",-26,891,"1,375",956,26,135,"4,690",0
"4,175",412,931,"1,256",747,346,193,"4,549",0
"2,026",254,956,420,419,324,491,"19,928",0
143,29,402,615,856,171,789,"20,957",0
872,4,506,-175,317,280,231,"1,647",0
46,76,443,-100,631,125,387,"6,812",0
"1,317",1,278,131,195,80,132,197,0
19,121,652,913,"1,482",315,339,"19,473",0
"16,339","23,019",-855,"12,059",-745,"235,889",62,"1,066",0
828,175,540,958,514,405,279,"13,908",0
299,212,556,"1,032","1,130",453,977,"42,422",0
546,470,510,767,499,856,210,"12,923",0
645,107,326,615,856,129,811,"25,076",0
"2,225",394,"1,004",881,516,350,197,"5,464",0
"1,606",-24,226,96,152,257,74,154,0
436,364,531,"1,079",765,761,274,"19,504",0
"1,639",106,361,"2,299","1,121",838,185,"10,745",0
"1,279",901,580,475,548,803,39,"2,886",0
516,33,388,651,397,166,200,"7,056",0
108,359,613,640,783,699,841,"32,441",0
956,114,686,71,333,499,177,"5,323",0
682,83,187,684,655,327,376,"16,084",0
382,99,250,25,380,139,550,"19,239",0
"1,216",21,506,156,372,208,116,"1,022",0
531,74,579,884,"1,204",464,"1,062","31,849",0
-6,91,307,438,438,3,491,"12,842",0
518,318,325,"1,431",614,689,238,"16,779",0
761,173,368,13,647,602,444,"10,924",0
"1,977",80,321,99,306,181,65,333,0
"3,848",116,522,208,360,36,152,878,0
954,155,454,344,503,319,121,"3,896",0
41,-21,214,104,256,-12,194,"3,503",0
522,120,441,129,435,145,-23,"6,460",0
659,159,372,201,518,263,409,"22,320",0
-116,22,302,"3,738",704,14,904,"33,007",0
561,257,475,339,"1,003",299,"1,497","47,997",0
393,196,520,-48,461,260,351,"8,266",0
60,-6,722,-197,416,-48,118,"2,753",0
781,121,477,8,340,761,313,"6,462",0
"2,190",105,578,447,387,293,175,"6,113",0
"1,103",125,510,384,241,208,404,"21,341",0
850,85,423,10,496,305,147,"5,039",0
453,310,"1,026",922,649,136,288,"19,908",0
623,190,398,97,793,529,"1,175","45,265",0
874,110,329,383,333,156,73,"3,481",0
"2,013",-61,379,-69,195,229,138,142,0
"1,396",8,286,211,393,140,-8,"1,463",0
464,214,363,-27,204,564,102,"3,917",0
210,256,827,456,447,59,0,"12,142",0
372,124,592,40,541,130,934,"24,131",0
419,197,365,891,722,223,272,"30,168",0
507,-15,585,236,940,181,956,"26,607",0
940,266,361,"1,101",770,762,3,"25,516",0
677,113,410,158,221,285,219,"3,554",0
-77,101,620,314,599,74,644,"15,070",0
"1,989",723,"1,912","3,543","2,105","1,110",-109,"27,516",0
80,141,364,335,332,261,268,"22,093",0
538,121,324,329,449,377,726,"36,822",0
"1,580",254,840,605,449,650,307,"12,824",0
315,27,675,803,414,272,278,"23,692",0
-17,50,473,"3,347","2,072","1,174",871,"36,670",0
"1,101",534,958,631,"1,228",606,129,"19,675",0
367,179,798,875,903,88,"1,087","44,707",0
"1,368",117,334,-30,353,225,160,357,0
"2,137",271,620,"1,521","1,396",488,464,"29,076",0
"1,019",208,"1,299",633,950,422,165,"19,077",0
508,3,348,260,325,9,348,"12,010",0
"2,975",448,749,"2,237","1,534",878,-191,"50,286",0
616,157,405,496,296,282,141,"2,893",0
957,232,344,966,789,324,292,"27,316",0
"3,468",139,456,423,275,69,88,398,0
777,392,737,742,589,563,19,"7,315",0
326,46,952,563,"1,439",361,"1,274","58,868",0
162,291,603,"1,139",917,517,265,"36,554",0
755,184,"1,143",905,476,456,791,"36,977",0
"5,649","9,800","-1,477","24,651","1,435","62,513",-266,"17,741",0
"2,804",87,353,269,306,10,254,312,0
294,132,"1,843",566,"1,475",242,552,"20,901",0
806,24,220,364,314,277,181,282,0
214,346,431,735,370,"1,537",98,"14,102",0
451,85,375,-43,137,160,152,"4,389",0
"1,249",135,399,336,296,262,44,"1,109",0
535,194,"2,981",735,513,387,865,"21,583",0
"2,226",149,642,247,501,334,206,"1,229",0
241,212,673,"1,136","1,586",588,"1,013","37,580",0
"2,174",-55,"1,249",-69,340,320,-3,"7,960",0
878,116,221,564,719,671,278,"17,555",0
247,94,362,606,695,439,306,"11,180",0
"1,068",314,628,"1,167",721,"1,004",147,"16,983",0
213,132,262,716,621,187,433,"22,649",0
619,198,546,580,672,554,831,"35,042",0
554,181,"1,191",472,714,557,397,"11,756",0
952,408,"1,029","1,235",877,"2,005",719,"31,081",0
-105,96,423,262,410,210,410,"22,652",0
687,86,690,265,383,162,242,"2,068",0
"1,317",84,447,261,433,251,317,"9,610",0
75,127,337,363,508,454,669,"38,214",0
"1,971",105,461,524,581,83,98,666,0
355,128,410,494,400,216,396,"20,369",0
675,195,738,"1,018",680,682,196,"12,304",0
245,250,455,778,750,317,261,"7,975",0
63,169,513,874,769,430,414,"30,579",0
719,105,399,677,572,608,-98,"5,864",0
"20,489","15,170",463,"2,867",121,"131,331",212,"12,954",0
"2,112",40,219,439,220,103,143,298,0
412,207,"1,318",-195,487,543,862,"31,784",0
631,146,615,612,"1,221",449,"2,037","54,997",0
289,30,918,"1,463","1,283",333,207,"23,719",0
"1,484",-53,256,178,281,290,95,251,0
582,194,501,30,449,288,436,"10,101",0
319,85,456,459,595,297,424,"13,885",0
188,180,169,940,648,212,346,"35,128",0
"1,249",117,576,597,484,56,82,"5,304",0
"1,471",194,462,9,388,184,577,"15,719",0
22,127,445,397,437,338,101,"7,488",0
"2,267",161,693,684,822,514,224,"4,755",0
267,94,560,715,342,111,263,"11,941",0
400,-3,232,638,641,831,763,"22,851",0
"2,255",342,"2,135","1,508","2,592","1,722","1,285","80,433",0
"3,254",38,590,430,295,56,213,373,0
"1,154",94,462,763,579,361,149,"3,005",0
787,229,"1,012",441,683,798,322,"4,712",0
241,14,155,319,359,193,721,"21,989",0
"1,874",-1,473,586,227,-17,240,"1,408",0
134,130,389,628,581,352,374,"17,820",0
450,68,635,927,627,479,581,"21,557",0
802,482,"1,084",746,"1,016","1,215",275,"3,334",0
584,93,243,830,375,41,129,"4,622",0
750,166,520,71,508,418,291,"14,336",0
"1,490",67,278,-38,293,220,161,267,0
"1,623",252,609,289,372,132,78,"3,861",0
"1,805",35,408,537,642,155,424,"18,206",0
-110,19,"1,212","2,204",956,497,34,"6,730",0
"1,585",210,684,"1,510","1,199",755,130,"13,188",0
"2,326",166,212,149,193,21,144,246,0
"1,265",273,329,325,503,311,132,"1,048",0
481,191,272,524,385,217,154,"9,539",0
"2,240",223,617,663,804,362,207,"14,162",0
654,110,699,400,454,270,521,"15,768",0
"2,100",47,512,109,366,141,218,694,0
458,95,398,54,301,225,24,"3,623",0
207,164,744,992,777,359,310,"19,732",0
929,193,364,"1,217",858,499,464,"9,754",0
178,159,289,749,"1,112",412,-13,"37,052",0
290,61,613,263,717,576,480,"12,515",0
972,258,677,"1,018",378,205,496,"19,910",0
"2,270",101,630,513,969,462,281,979,0
408,181,589,"1,452","1,229",526,666,"21,064",0
432,102,758,"1,512",808,489,770,"26,141",0
556,159,439,283,562,207,85,"3,718",0
"1,449",130,227,119,255,13,69,268,0
320,264,"1,152","1,032",864,323,76,"26,841",0
"1,814",19,351,-36,261,46,240,"1,440",0
69,119,791,"2,258","1,013",691,832,"21,370",0
"2,978",32,231,135,229,-58,219,287,0
"2,696",171,230,348,346,216,108,376,0
"2,169",225,953,795,548,197,79,680,0
"1,085",185,"1,383",802,"1,536",482,"1,321","41,372",0
172,55,921,106,569,286,350,"10,239",0
187,130,525,401,893,2,962,"41,772",0
225,327,212,"1,398","1,083",731,625,"21,726",0
240,216,329,104,710,279,631,"22,988",0
"1,630",67,348,69,305,170,98,211,0
"1,216",80,535,-253,245,19,55,"5,172",0
"1,161",27,365,30,196,166,95,518,0
"1,937",123,563,9,898,510,254,842,0
"1,666",440,897,774,"1,100","1,231","1,672","51,692",0
858,205,485,494,549,377,11,"6,242",0
"1,388",87,578,387,464,-56,194,"1,617",0
"1,467",236,345,650,331,326,106,"5,974",0
288,227,"2,308","2,486","1,742",502,233,"17,829",0
"2,216",58,226,510,193,34,83,298,0
"1,516",172,304,13,330,423,114,342,0
"1,013",404,181,991,668,"1,044",892,"30,874",0
"2,482",45,215,256,250,252,160,598,0
830,52,598,-98,318,335,195,"4,156",0
"1,138",214,350,475,469,298,207,"3,690",0
"1,636",174,696,745,421,445,41,"1,726",0
"1,287",333,"1,064","2,853","1,533","2,462",693,"21,650",0
826,99,557,464,607,378,181,"1,446",0
915,120,426,120,287,16,253,"5,314",0
"1,275",123,362,606,253,16,157,204,0
989,64,275,130,346,-22,137,553,0
216,334,338,"1,140",739,863,166,"19,764",0
747,157,373,692,477,270,601,"29,213",0
-32,125,304,480,767,254,740,"30,004",0
"1,820",5,319,148,377,315,115,427,0
"1,943",319,718,299,829,396,179,"1,188",0
620,102,436,393,340,250,80,"1,117",0
"1,500",60,714,763,789,576,299,"7,086",0
265,152,536,925,856,638,942,"41,620",0
"2,890",59,595,252,273,135,97,185,0
"1,376",89,458,37,448,462,254,"2,382",0
253,5,529,298,238,74,153,539,0
"1,373",219,"2,932",513,966,363,277,"1,140",0
526,33,400,-31,340,110,187,"1,004",0
434,112,"1,948",947,786,523,"1,143","42,319",0
286,95,794,346,701,294,391,"4,984",0
409,264,641,803,801,559,196,"15,685",0
61,162,211,45,393,486,866,"22,773",0
369,212,325,826,771,307,702,"52,403",0
"1,467",43,383,27,214,153,118,663,0
40,171,213,637,287,410,253,"13,051",0
921,83,309,-157,425,266,122,578,0
"1,133",362,"1,335",39,421,368,272,395,0
769,91,311,137,408,55,136,"1,058",0
"1,334",71,134,-65,169,184,84,232,0
323,35,720,747,"1,568",308,"1,023","28,001",0
205,186,523,583,898,329,360,"17,232",0
"2,013",193,464,"1,285",450,"1,479",-18,"11,700",0
585,296,"1,052",690,"1,242",403,412,"8,056",0
387,92,194,350,365,244,389,"13,493",0
"2,110",165,"1,852","1,332",590,386,329,"44,839",0
"2,178",38,310,185,269,352,130,"1,801",0
367,268,346,780,322,0,554,"33,960",0
451,166,500,99,758,463,793,"23,392",0
-15,125,252,253,341,142,423,"9,810",0
"1,811",224,522,271,234,376,409,933,0
"1,070",102,505,729,605,153,242,"4,601",0
563,203,393,696,582,444,153,"10,311",0
"2,722",314,479,976,483,308,150,"1,348",0
425,19,399,453,451,295,683,"17,109",0
"3,090",171,288,166,249,200,191,644,0
"1,849",1,829,241,426,88,138,383,0
220,61,647,517,850,601,11,"11,202",0
"1,831",114,612,325,"1,016",209,91,702,0
915,413,663,118,569,277,271,"1,670",0
"2,112",144,821,770,700,740,236,723,0
"1,338",105,294,81,259,-113,181,325,0
336,410,"1,104",833,"1,253","1,347","1,000","50,226",0
504,329,315,"1,165",484,237,368,"16,414",0
957,57,551,746,472,169,403,"34,314",0
292,359,569,287,640,223,"2,418","41,389",0
649,96,346,369,253,114,31,"3,009",0
497,44,490,162,523,403,478,"8,949",0
"1,299",242,480,194,397,392,323,"6,950",0
"1,884",71,281,223,319,305,124,"2,409",0
"2,608",173,422,328,413,229,242,864,0
601,247,350,530,441,236,263,"6,607",0
963,102,533,612,471,296,224,"2,529",0
422,214,548,"1,086",474,29,319,"18,014",0
627,21,167,"1,067",329,22,331,"6,589",0
933,22,762,-2,509,217,617,"14,132",0
487,351,"1,377","2,289","1,371","1,065",384,"64,395",0
"1,241",172,549,232,475,327,220,"1,884",0
"1,894",149,483,656,413,658,86,"7,031",0
"1,077",-1,448,223,314,-53,134,621,0
"2,825",63,537,-64,437,292,257,358,0
"1,867",59,307,136,237,160,97,439,0
142,301,388,"1,223",811,635,-186,"21,224",0
368,358,756,893,651,211,65,"12,360",0
"1,909",217,389,198,415,140,199,567,0
"2,185",64,313,5,163,331,367,"7,715",0
616,156,412,"1,057",503,610,100,"8,421",0
297,166,616,590,859,202,756,"28,371",0
469,101,823,873,"2,108",407,"1,293","45,575",0
"2,112",94,538,145,391,273,222,567,0
"2,488",-1,"1,406",21,739,284,312,"3,304",0
"3,134",146,403,412,407,217,195,441,0
355,222,984,280,573,436,293,"6,394",0
418,-138,419,495,230,183,130,"3,305",0
878,386,311,"1,002",181,3,382,776,0
416,102,398,"1,109",662,242,-36,"21,195",0
338,210,275,420,335,215,-205,"20,177",0
"1,181",124,622,596,316,345,135,907,0
721,199,556,614,415,396,143,"1,476",0
72,-13,420,775,"1,344",363,515,"32,138",0
727,237,449,"1,098","1,647","1,170",627,"28,163",0
955,160,441,277,247,-80,109,223,0
273,160,382,481,666,103,-48,"38,513",0
"2,567",719,"2,207","2,321","1,412","1,024",311,"35,575",0
"2,215","2,112",82,"7,519",257,"11,471",666,"27,392",0
245,354,357,229,649,155,585,"32,308",0
270,150,466,"1,064",560,222,693,"13,345",0
"2,995",-51,595,42,550,138,251,"7,216",0
"1,111",35,247,28,205,69,203,187,0
128,348,819,405,"1,072","1,341",634,"18,953",0
"2,205",273,789,656,646,"1,047",84,"2,149",0
"1,018",40,547,275,381,267,187,"1,809",0
256,350,705,949,782,208,394,"40,833",0
709,336,509,779,730,209,929,"23,910",0
"8,195","5,218",454,"1,731",823,"42,242","2,082","66,129",0
904,37,257,-36,245,220,152,777,0
439,272,412,261,498,111,"1,128","31,942",0
986,195,231,493,477,171,169,"7,435",0
"1,098",155,587,529,462,818,144,"3,740",0
"2,131",134,630,-161,499,518,343,"4,811",0
370,86,194,-30,168,133,235,"1,258",0
894,57,163,-402,215,302,94,211,0
"2,270",101,558,51,356,331,136,343,0
"1,743",174,268,150,309,56,107,283,0
245,200,453,327,548,265,"1,011","25,189",0
"2,031",266,692,"1,315",812,756,318,"40,426",0
408,100,"1,374",544,505,498,-206,"14,493",0
"2,062",70,368,395,407,310,172,"7,855",0
502,135,917,"1,316",559,"1,113","1,439","38,956",0
769,89,498,-161,285,384,187,444,0
805,187,513,125,462,451,218,"7,289",0
458,346,558,"2,527","1,472",699,839,"30,807",0
"1,913",253,859,535,668,"1,833",112,"11,968",0
499,313,"2,469",968,500,208,544,"39,432",0
512,85,344,825,532,-17,-191,"22,558",0
213,45,674,409,669,282,856,"42,217",0
833,142,602,290,271,98,187,592,0
842,-37,313,-69,223,389,451,"6,723",0
"2,167",20,554,392,354,92,71,375,0
"2,328",108,419,334,279,261,115,"1,552",0
741,137,455,617,390,262,148,318,0
290,156,307,744,646,643,514,"33,493",0
750,326,561,492,804,896,"1,093","35,876",0
"1,943",66,438,"1,060",765,380,65,"3,315",0
"1,971",289,800,"1,386",850,761,301,"13,731",0
267,16,"1,026",480,533,278,718,"39,215",0
"2,808",46,536,-77,282,3,109,593,1
"2,169",67,531,387,330,103,108,329,0
"1,009",100,493,285,357,293,274,"3,053",0
602,123,789,622,719,223,198,"12,293",0
-124,126,-6,"2,424","1,708","1,230",657,"24,194",0
374,254,397,"1,218",494,575,-177,"13,340",0
"1,306",130,"1,439",61,441,130,262,329,0
201,137,500,573,"1,276",902,"1,219","55,542",0
"1,759",94,968,316,447,173,262,747,1
32,161,385,263,524,151,436,"16,450",0
925,62,358,422,608,126,202,467,0
"1,242",-1,469,533,426,191,145,"7,036",0
199,214,845,631,923,124,453,"24,146",0
"2,216",169,539,591,589,699,150,"15,088",0
240,222,294,477,401,371,389,"23,253",0
"2,390",107,"1,037",607,"1,158",752,449,"8,936",0
582,223,146,"1,248",704,486,295,"32,842",0
929,151,904,228,571,309,467,"7,393",0
"1,284",201,480,469,522,368,-32,"10,254",0
442,173,411,743,580,351,434,"35,248",0
277,153,587,423,657,202,240,"8,635",0
205,52,476,258,635,149,303,"4,781",0
"1,412",3,377,20,280,68,141,406,0
970,-25,349,275,244,183,117,664,0
204,151,442,"1,288","1,527",529,525,"49,917",0
346,-35,345,"1,126","1,317",141,875,"42,342",0
611,112,324,383,349,311,256,474,0
244,143,310,74,503,333,309,"21,324",0
"1,430",58,274,370,213,403,213,"2,474",1
"3,606",100,806,152,665,167,372,754,0
157,109,257,396,217,106,125,"8,191",0
"2,203",63,342,-19,304,351,250,302,0
652,164,"1,072",251,597,191,55,"3,861",0
"3,498",-24,418,-49,494,216,274,"4,853",0
162,58,490,355,528,98,700,"15,220",0
"2,247",178,492,697,373,228,90,693,0
334,46,847,119,292,122,452,"7,735",0
186,302,399,975,609,187,441,"18,397",0
"1,168",255,326,948,592,125,105,"39,040",0
"1,912",524,"4,353","1,892","2,585","1,732","2,303","69,003",0
"1,620",128,656,867,826,346,346,"11,129",0
"2,571",68,"1,420",132,851,255,222,"1,371",0
512,161,385,146,316,30,277,"3,089",0
"1,111",429,857,"1,399",911,760,43,"13,776",0
759,289,666,"1,700","1,300",663,394,"21,344",0
"1,891",107,259,187,306,98,148,380,0
"2,044",347,"1,021",751,585,288,340,"2,809",0
351,84,620,268,597,428,317,"12,581",0
617,318,"1,519","1,264","1,190","1,467",476,"10,813",0
"2,323",193,918,"4,469","1,355",818,488,"32,411",0
-32,277,448,468,826,509,143,"13,989",0
"1,804",102,280,274,319,306,196,371,0
880,479,"1,119","1,237","1,659","1,446","1,113","40,812",0
"1,566",127,854,247,702,406,77,"7,985",0
231,23,801,862,"1,385",373,"1,774","56,816",0
299,23,265,152,219,113,654,"12,171",0
"1,219",208,507,214,497,564,287,"7,255",0
"1,157",80,754,229,533,292,471,"7,733",0
492,267,539,903,676,568,140,"43,398",0
398,143,583,248,724,760,246,"19,768",0
396,354,336,930,855,519,168,"20,826",0
378,199,"1,019","1,442","1,340","1,077","1,571","43,536",0
227,132,476,"1,094",298,199,411,"25,741",0
349,201,511,"1,582","1,684",584,671,"20,709",0
759,89,262,547,132,41,35,378,0
"1,089",91,761,132,510,232,133,699,0
-41,49,332,294,430,434,647,"26,263",0
"1,349",182,392,473,415,160,186,452,0
901,-23,344,89,299,211,172,399,0
"1,048",112,544,-46,343,506,158,"1,698",0
"2,713",142,632,365,401,223,143,"4,558",1
"1,398",221,719,331,677,510,189,715,0
102,136,115,801,389,359,353,"21,246",0
434,153,399,242,708,233,717,"18,355",0
"1,233",114,"1,121",321,451,382,317,"7,657",0
875,179,634,579,299,250,3,277,0
755,231,598,325,439,340,227,725,0
"2,247",69,868,589,965,505,615,"18,908",0
714,95,703,272,"1,201",452,759,"32,049",0
206,124,326,455,504,601,657,"30,732",0
323,179,315,"1,673","2,299",579,278,"20,900",0
625,65,408,356,604,308,"1,060","41,988",0
828,361,"1,064","1,707","1,179",727,"2,192","53,781",0
"3,574",140,458,595,677,419,424,"19,916",0
"1,627",145,516,551,275,113,78,339,0
689,218,643,863,765,622,151,"10,502",0
"1,193",193,710,683,520,171,208,"13,583",0
"2,227",351,676,698,514,355,326,"7,635",0
662,206,"3,171",948,"1,390",764,534,"45,505",0
183,210,"1,147",429,"1,086",186,"1,033","37,288",0
"1,738",134,663,188,450,414,163,"1,271",0
142,77,261,97,443,53,194,407,0
"2,304",113,522,296,462,450,266,"4,617",0
"1,081",61,197,242,203,119,45,218,0
254,96,402,602,695,310,174,"34,508",0
"1,556",111,679,305,453,109,118,"6,935",0
70,38,353,417,563,213,488,"29,894",0
"1,007",23,555,138,314,293,113,"6,282",0
"2,681",136,801,381,562,78,116,"3,819",0
975,68,463,308,481,257,257,"5,336",1
103,138,379,244,582,114,246,937,0
"2,334",34,286,192,231,171,190,298,0
500,70,359,385,870,219,"1,760","41,195",0
608,35,313,360,230,438,403,"9,760",0
"1,574",259,446,724,582,357,213,"4,587",0
879,74,530,476,712,439,318,"8,497",0
960,183,807,663,553,608,283,"27,360",0
"1,771",15,663,345,444,497,165,"1,163",0
310,19,367,230,292,239,254,"18,867",0
"2,119",126,702,344,"1,019",144,314,"2,156",0
229,266,"1,160","1,152",677,"1,028",224,"17,237",0
207,346,760,851,936,827,332,"46,783",0
"1,190",132,655,459,396,817,481,"10,693",0
"1,218",50,597,-43,385,157,191,"3,289",0
482,104,605,964,"1,361",396,"1,031","56,497",0
326,181,424,-214,306,131,688,"26,080",0
500,162,722,8,361,347,84,941,0
"2,443",123,911,283,382,"1,034",47,"2,435",0
"1,183",152,906,412,394,280,465,"33,896",0
288,48,329,28,390,47,313,"15,654",0
680,87,817,397,572,272,157,"2,614",0
"1,722",307,433,458,843,350,284,"1,532",0
651,254,653,475,576,572,"1,264","51,993",0
"5,583","2,028","1,064",146,483,"16,017",360,"7,568",0
117,4,505,322,508,174,360,"15,834",0
"1,919",51,732,521,473,343,155,"2,502",0
299,136,199,"1,271",905,913,262,"44,446",0
93,5,508,110,456,9,150,"1,995",0
"1,609",77,286,-89,194,37,130,213,0
430,148,547,184,504,255,267,"5,407",0
369,122,633,449,782,138,561,"14,933",0
487,102,584,12,469,205,249,"16,434",0
702,139,912,243,777,368,567,"19,704",0
694,35,367,91,311,11,186,382,0
606,79,323,144,309,105,171,899,0
"1,215",61,480,122,323,102,211,"5,051",0
697,196,610,629,518,432,111,"7,159",0
"1,534",134,500,612,412,973,367,"4,976",0
142,49,380,"1,663","1,268",722,127,"1,574",0
446,163,393,374,484,48,576,"20,371",0
807,115,313,26,262,323,289,"5,373",0
267,2,198,359,276,277,309,"26,141",0
"2,373",352,721,76,521,562,488,829,0
"2,364",162,"1,047",115,640,152,177,"2,719",0
"1,233",308,804,"1,004","1,001",786,335,"24,508",0
981,156,349,228,321,517,75,"4,499",0
"2,745",105,507,162,311,187,187,"1,521",0
897,350,708,416,306,"1,898",572,"9,526",0
76,169,441,186,609,205,443,"14,765",0
"1,609",36,490,174,616,299,295,731,0
475,22,588,653,599,343,-69,"11,134",0
270,5,259,280,274,136,201,"14,344",0
606,99,317,257,262,158,119,"2,027",0
"1,246",214,717,400,697,295,361,"9,743",0
304,-33,406,507,612,243,787,"29,439",0
"1,714",33,882,286,512,125,190,"1,498",0
"2,411",148,"6,998",319,"1,432",350,497,"1,384",0
791,152,340,569,310,303,-244,"24,491",0
686,145,290,"3,953","1,139",441,544,"32,797",0
777,199,405,437,697,406,39,"14,328",0
"2,249",61,458,144,410,109,134,817,0
176,133,337,154,726,122,481,"25,506",0
341,104,255,534,790,286,245,"19,857",0
159,142,238,333,257,-41,109,"5,601",0
701,92,"1,113",934,"2,200",904,534,"43,516",0
597,214,454,186,633,259,593,"19,147",0
"1,645",140,446,218,399,135,259,"5,169",0
221,46,713,152,758,342,-60,"8,731",0
"2,610","2,681",655,"1,522","1,688","24,496",321,"37,669",0
"2,069",4,244,54,240,230,159,286,0
540,3,218,-9,304,161,182,183,0
398,102,799,664,"1,334",219,858,"15,685",0
341,186,722,107,602,398,439,"9,459",0
294,75,322,315,617,168,207,"24,983",0
179,46,331,343,402,207,"1,118","29,822",0
397,69,150,578,322,473,80,"21,542",0
"1,015",379,"1,039",908,"1,332",839,324,"35,416",0
"2,448",185,957,234,562,376,157,"2,823",1
"3,547",56,248,166,240,274,158,250,0
201,89,501,158,562,177,543,"10,101",0
440,136,333,582,689,461,789,"22,787",0
"1,567",-24,683,84,417,217,258,331,0
293,97,387,197,310,-14,"1,273","55,420",0
"1,876",85,552,308,566,129,292,883,0
"1,770","1,186",251,973,453,"14,209",127,"8,852",0
157,38,413,803,"1,373",538,478,"12,710",0
768,94,445,587,395,178,467,"17,255",0
329,197,556,372,573,"1,071",703,"22,719",0
"2,479",309,"1,850","1,061","1,407",639,643,"34,299",0
"1,276",145,839,208,733,548,197,"5,662",0
909,71,430,205,338,275,264,"17,404",0
262,302,958,"1,694","1,311",941,628,"27,904",0
298,105,587,381,548,339,614,"30,747",0
135,60,459,67,941,164,680,"18,872",0
392,136,319,"1,417","1,798",924,373,"42,426",0
719,32,292,"1,975","1,990",600,"1,185","53,839",0
"1,385",55,541,48,326,166,220,251,0
462,69,"1,099",957,"1,686",-92,743,"21,011",0
132,116,386,209,205,66,276,"3,699",0
426,93,456,366,506,199,219,"2,974",0
736,-35,381,100,480,198,801,"28,595",0
724,206,785,674,713,921,321,"18,596",0
"1,639",166,508,105,379,252,324,"9,056",0
"1,142",49,371,339,589,389,168,935,0
963,70,914,192,493,277,370,"9,507",0
"1,345",89,581,232,508,426,806,"21,796",0
23,124,"1,228",558,"1,009",304,762,"13,737",0
156,253,897,-29,604,200,434,"14,524",0
718,222,337,377,214,252,376,664,0
250,67,380,269,412,300,388,"16,889",0
379,220,572,453,717,326,97,"14,587",0
379,124,349,111,303,368,13,"4,211",0
"1,272",123,470,301,486,340,303,"22,734",0
355,84,385,563,992,632,954,"51,712",0
218,60,442,152,582,20,323,"3,691",0
302,7,208,231,481,300,376,"16,712",0
492,188,778,497,619,461,565,"42,105",0
344,-45,181,-184,140,86,640,"9,190",0
"1,038",108,837,146,339,180,164,"1,468",0
"1,881",52,276,7,262,191,165,308,0
162,206,260,"1,175","1,054",656,39,"28,415",0
839,103,426,244,383,374,116,"1,225",0
334,150,220,233,478,510,839,"49,614",0
"1,982",135,910,-28,679,388,307,894,0
294,89,137,288,292,169,397,"13,645",0
"1,363",10,847,282,503,87,327,"9,002",0
250,167,"1,398",446,586,471,661,"27,964",0
"1,512",-51,396,-67,355,316,205,354,0
"1,602",439,597,461,270,114,681,"1,337",0
"1,320",138,589,553,355,205,164,416,0
246,80,420,53,261,235,466,"8,972",0
"1,963",507,519,631,"1,288",987,"3,240","86,298",0
124,142,361,615,"1,060",420,-23,"24,723",0
406,162,397,303,379,71,218,"17,790",0
-63,155,564,113,673,130,421,"8,569",0
968,173,952,745,"1,066",469,-940,"69,448",0
669,145,456,302,815,505,347,"23,724",0
"1,871",124,666,-18,531,707,650,"24,271",0
"1,204",156,850,510,460,503,862,"30,514",0
"1,461",214,877,412,597,252,130,"12,178",0
"1,896",83,"1,027",355,480,270,270,626,0
495,121,565,434,628,417,218,"15,026",0
"1,071",-1,372,259,562,153,94,"1,574",0
"2,074",329,"1,107",502,932,224,468,"8,613",0
"1,186",106,847,-85,503,202,312,460,0
"1,317",90,224,374,441,274,104,"13,035",0
405,55,287,"1,100","1,295",67,517,"17,148",0
894,153,656,"1,863","1,283",400,446,"18,478",0
"2,279",54,648,113,489,189,160,467,1
"2,829",56,729,117,403,231,173,419,0
"2,227",67,354,19,262,-15,216,681,0
"2,221",21,538,40,239,69,200,204,0
"1,526",42,501,178,521,978,597,"22,371",0
"1,517",28,558,118,415,271,131,"4,680",0
"1,821",64,512,504,802,214,420,"6,664",0
228,174,619,336,443,250,517,"11,835",0
289,-10,399,152,746,291,458,"16,573",0
519,179,727,184,693,109,526,"10,821",0
"1,147",144,517,943,744,349,270,"22,135",0
"1,259",87,729,358,"1,034",122,334,"1,239",0
670,180,585,527,394,463,247,"11,574",0
174,112,429,482,669,377,664,"31,104",0
"1,290",384,921,581,"1,589",926,582,"46,033",0
342,232,595,307,818,154,612,"20,631",0
317,-33,275,313,346,136,666,"20,007",0
179,133,258,462,641,100,215,"25,372",0
"1,380",172,840,315,574,667,223,"4,552",0
169,69,360,218,559,312,816,"35,882",0
"1,665",151,448,257,331,158,73,847,0
240,114,496,"2,028",605,-12,621,"35,411",0
"1,419",52,"1,073",133,460,214,233,"6,173",0
789,35,442,356,256,779,207,"10,189",0
267,78,785,283,461,228,363,"6,695",0
865,111,927,96,514,206,"2,142","52,433",0
469,183,544,403,"1,843",340,115,"6,606",0
"1,332",119,500,337,366,124,65,791,0
138,177,366,144,537,330,710,"33,115",0
111,181,828,"2,809",973,548,642,"19,153",0
261,554,692,457,"1,226",509,888,"27,154",0
69,89,145,70,338,-10,551,"19,190",0
299,148,259,-58,210,159,26,212,0
826,241,407,440,743,315,725,"38,795",0
"1,403",117,328,55,194,61,74,"1,889",0
"1,005",43,147,209,103,-20,54,143,0
"1,159",127,441,333,439,86,334,"25,454",0
"1,317",15,543,"1,110","1,172",433,164,"2,187",0
528,136,"1,874",752,"1,434",480,"1,076","41,023",0
296,104,533,388,657,128,635,"12,256",0
812,115,415,471,598,193,409,"53,323",0
584,85,846,"1,221","1,854",617,542,"27,569",0
124,41,501,251,721,263,989,"31,765",0
167,37,467,97,469,339,849,"30,103",0
434,92,687,458,426,459,599,"22,047",0
502,320,"1,211",555,"1,021","1,154",666,"20,673",0
"1,214",150,479,267,347,222,152,594,0
207,48,650,214,483,261,504,"39,449",0
367,139,515,371,408,242,310,"15,434",0
982,152,636,399,350,335,182,"7,404",0
234,122,533,248,330,194,637,"34,997",0
347,245,479,702,"1,545",852,639,"26,547",0
983,220,473,"2,938","1,120",360,789,"34,598",0
845,140,264,141,304,221,331,"5,846",0
"2,654",87,526,616,541,352,202,"7,794",0
148,175,455,549,422,596,-232,"34,167",0
70,48,421,130,536,-118,271,"5,424",0
769,176,694,251,718,188,344,"21,857",0
"2,006",138,458,353,274,276,21,235,1
600,125,346,374,783,358,765,"27,477",0
"1,276",124,594,360,668,441,231,889,0
"3,109",27,417,102,276,181,209,243,0
422,3,437,254,687,194,"1,184","28,617",0
870,22,332,163,353,216,142,"4,225",0
"1,057",-28,558,347,401,459,177,885,0
976,280,541,224,305,290,87,627,1
154,32,254,521,456,63,58,"14,752",0
221,72,341,555,"1,085",384,382,"17,532",0
"1,818",209,"1,021","1,117",870,682,643,"21,712",0
"2,406",62,379,-25,312,90,235,508,0
"1,431",4,686,580,630,233,87,"13,558",0
"2,779",131,556,603,481,589,211,"5,767",1
282,51,290,407,462,146,533,"22,417",0
"2,407",235,666,"1,587",635,986,609,"16,301",0
905,157,566,"2,233","1,519",892,249,"34,013",0
836,71,250,103,245,132,72,320,1
999,164,687,600,460,258,261,"1,553",0
"2,303",12,290,-113,242,280,174,252,0
681,436,"1,736",371,"1,932",83,"1,497","43,344",0
348,251,445,558,916,559,261,"24,245",0
136,85,349,-33,443,288,361,"11,409",0
520,204,549,521,829,350,487,"22,103",0
654,126,422,736,564,407,321,"15,759",0
"1,220",34,422,106,295,220,127,"2,801",0
117,181,504,385,597,572,244,"10,093",0
297,42,571,-16,946,306,"1,134","26,852",0
"1,005",202,722,530,540,665,289,"8,907",0
442,78,622,125,342,174,112,"18,322",0
119,112,344,446,733,198,939,"45,310",0
"1,728",-16,828,292,466,248,75,"5,196",0
"1,083",35,315,173,275,215,161,"2,606",0
189,70,887,415,371,184,140,"9,608",0
850,-6,615,236,403,369,355,"7,275",0
342,130,823,842,795,127,800,"50,600",0
930,126,562,350,464,655,-7,"15,193",0
931,36,526,397,493,266,672,"40,134",0
823,86,306,227,394,116,20,"3,795",0
"1,595",26,762,-3,495,350,-67,"12,760",0
"1,445",111,451,468,573,409,54,"10,604",0
55,-11,169,130,364,131,13,"17,430",0
"1,977",43,930,100,281,580,9,"11,296",0
683,100,621,324,490,327,183,923,0
"1,990",46,232,345,258,148,156,355,0
"2,826",109,783,141,676,466,413,"13,935",0
76,10,429,637,238,258,210,"9,128",0
"5,514",253,"1,430","1,890","2,066",898,470,"10,479",0
492,124,813,519,"1,354",333,271,"54,563",0
192,25,676,464,620,680,430,"11,677",0
149,23,311,226,342,193,531,"19,049",0
"2,126",94,254,171,283,88,138,731,1
878,99,518,126,354,300,209,"4,764",0
"1,331",279,594,366,394,245,615,"1,398",0
"1,851",113,849,71,547,269,263,"3,244",1
274,123,469,312,549,215,432,"19,066",0
"2,222",72,642,582,621,397,103,"5,130",0
450,163,296,160,503,201,441,"27,858",0
475,180,597,386,"1,107",376,377,"13,137",0
"1,816",219,752,215,467,692,240,"2,282",0
"1,424",41,572,182,333,-8,116,"1,367",0
"3,846",317,"1,248",437,678,221,195,617,1
522,104,787,420,"1,211",189,726,"14,993",0
598,259,626,546,801,340,305,"18,140",0
540,24,342,74,305,198,68,"5,985",0
336,103,619,338,573,340,217,"15,886",0
415,269,628,-39,521,492,244,"8,488",0
"2,063",11,239,333,321,220,113,335,0
209,85,208,31,205,-32,197,"1,709",0
"1,252",65,663,402,408,10,93,676,0
"2,783",158,728,582,595,139,137,726,0
"2,201",69,267,198,240,199,62,330,0
116,157,422,127,774,181,"1,152","23,372",0
-4,216,528,809,939,"1,066",312,"33,562",0
481,114,512,48,328,309,288,"5,865",0
315,77,359,243,371,131,117,"5,162",0
"1,601",40,600,317,579,172,499,"13,162",0
920,421,632,351,268,164,605,"1,086",0
"1,274",81,583,307,729,250,50,"7,114",0
"2,362",64,692,417,768,298,"1,025","42,715",0
"1,742",205,365,161,337,242,113,379,0
904,14,403,174,258,213,148,"3,894",0
217,26,116,46,87,94,68,"9,847",0
559,355,328,153,336,536,359,"14,358",0
"1,090",92,728,100,535,119,154,"6,202",0
869,243,527,248,504,482,194,"13,502",0
298,106,510,336,704,1,161,"9,060",0
"2,864",14,623,444,285,198,96,443,0
"2,043",105,364,186,426,274,88,"1,310",1
428,102,656,783,"2,118",543,783,"78,004",0
476,-11,699,146,500,145,905,"27,710",0
"1,060",85,500,476,579,308,183,"7,909",0
"1,534",123,578,140,257,25,142,795,0
688,153,597,399,666,247,168,"7,834",0
563,116,365,226,566,250,222,"13,751",0
300,44,183,185,310,175,501,"37,878",0
946,22,415,411,514,112,197,"11,822",0
"1,699",122,355,382,337,539,170,"3,352",0
"2,410",261,"1,583","3,780","2,740","1,633",419,"26,646",0
"1,827",14,435,117,326,170,137,360,0
-48,146,785,-24,612,196,532,"29,464",0
302,59,518,-152,216,30,323,"10,880",0
467,140,336,290,370,196,441,"22,489",0
221,-1,574,407,345,167,224,"12,697",0
"2,827",32,325,-27,391,125,196,"1,241",0
"2,997",5,338,434,495,191,236,281,0
"1,659",19,"1,124",171,321,62,206,"10,625",0
"1,791",215,"1,140",711,"1,028",833,480,"18,837",0
741,166,578,358,435,161,306,"17,858",0
856,151,478,175,341,437,-58,"4,091",0
"1,862",72,492,222,347,229,231,"1,541",0
"1,812",106,922,352,386,-21,401,"7,979",0
106,65,294,-63,211,48,215,522,0
"1,652",154,"1,474",284,"1,153",153,869,"17,738",0
"1,227",250,872,476,998,735,667,"17,804",0
964,145,174,280,238,552,111,"9,915",0
"5,009",160,863,262,648,105,347,823,0
"1,419",100,386,123,370,69,149,"1,214",0
199,33,507,95,429,88,789,"20,472",0
"1,279",75,330,211,258,81,106,284,0
"1,895",89,213,58,183,174,150,401,0
"1,136",188,441,72,371,317,320,"5,520",0
401,50,627,147,630,17,290,"14,189",0
"1,072",14,512,269,335,293,266,"1,561",0
262,179,397,308,466,140,281,"16,491",0
"2,453",105,361,248,355,42,86,"2,034",0
923,166,515,"1,572","1,256",757,437,"16,202",0
"2,827",102,484,139,356,271,209,342,0
364,162,297,570,817,498,223,"7,303",0
"2,184",93,609,227,397,417,213,"3,102",0
"1,757",112,722,518,451,305,189,"3,900",0
531,278,"1,112","1,431",988,"1,566",597,"27,519",0
164,-14,340,299,489,96,275,"28,120",0
-186,160,518,-14,566,86,631,"19,283",0
599,44,416,-49,432,180,784,"22,844",0
"3,512",151,441,109,379,185,114,592,0
264,130,487,2,423,208,578,"12,180",0
550,181,367,"1,373","1,180",255,407,"34,835",0
"1,884",17,551,726,977,708,479,"12,136",0
277,229,353,"3,913","1,714",628,76,"18,463",0
"1,059",52,134,337,195,74,94,144,0
"1,249",4,688,273,582,235,471,"33,873",0
"3,171",90,844,377,627,245,170,499,0
660,410,907,268,"1,321","1,578",947,"33,533",0
"1,088",148,204,150,240,97,83,339,0
510,107,"1,529","1,108",759,192,942,"42,010",0
948,155,595,692,587,241,209,"10,420",0
54,85,629,13,494,427,722,"17,123",0
703,60,"1,162",324,406,102,154,351,0
436,232,534,187,410,354,227,"9,468",0
"2,717",155,529,383,363,182,253,"2,438",1
376,171,331,433,454,446,241,"2,678",0
"1,700",70,502,203,301,161,106,"2,688",1
332,-70,297,-75,174,13,223,"8,901",0
"1,885",78,506,179,345,306,184,"1,167",0
"1,048",107,319,112,227,189,148,336,0
512,76,164,"1,278",623,78,547,"35,135",0
457,77,510,60,226,325,111,"7,269",0
455,-8,439,304,327,418,74,"14,437",0
856,426,"1,087",735,845,992,345,"13,488",0
453,57,405,10,500,220,"1,026","32,370",0
66,52,670,680,"1,222",35,473,"9,152",0
504,92,665,9,366,270,198,"1,848",0
"1,765",21,556,33,351,158,218,701,0
176,81,473,111,531,131,504,"6,621",0
196,173,462,95,226,250,223,"8,504",0
685,-33,717,15,316,186,172,472,0
233,80,161,263,305,171,296,"25,905",0
290,-23,293,163,282,123,983,"29,039",0
"1,247",131,915,24,699,301,333,"2,798",0
193,55,227,107,316,210,209,"4,072",0
515,111,463,566,703,297,498,"20,414",0
139,-22,353,367,574,203,"1,351","41,376",0
"1,740",22,350,230,353,135,241,"5,137",0
"1,193",159,477,376,526,113,399,"22,828",0
"1,096",-10,781,476,857,222,436,"7,908",0
"3,462",0,555,117,362,211,310,566,0
636,68,"1,007",455,774,176,"1,588","67,349",0
255,199,"1,387",872,"1,071",260,334,"16,974",0
167,297,766,"1,717","1,326",278,327,"37,662",0
203,70,488,230,673,125,131,"1,079",0
881,136,487,501,578,997,398,"14,918",0
475,301,589,155,869,803,967,"67,339",0
269,25,481,280,329,-87,395,"9,092",0
"2,316",138,542,86,357,206,238,894,0
507,40,578,739,615,462,"1,082","32,531",0
"1,059",59,944,218,600,562,919,"26,439",0
"1,035",12,600,27,219,12,312,"7,798",0
"2,240",97,467,-8,324,63,159,435,0
304,193,290,796,728,762,87,"15,918",0
693,147,372,321,459,205,205,"14,628",0
527,10,665,285,449,463,276,"15,065",0
721,174,436,85,478,281,169,"2,322",0
164,18,312,-17,407,215,570,"21,569",0
501,61,943,"1,332","1,415",156,108,"19,992",0
"1,114",13,523,292,337,130,59,316,0
"1,949",129,373,212,356,-15,104,"1,431",0
393,115,457,304,398,313,685,"25,013",0
"1,650",8,398,67,206,9,85,152,0
762,64,699,216,423,65,153,"5,962",0
"1,888",171,"1,317",210,832,226,397,"1,114",0
47,189,830,282,854,411,488,"35,087",0
871,61,836,317,"1,484",202,452,"11,811",0
"1,111",19,291,50,290,156,123,458,0
"1,086",130,415,188,387,512,194,"3,297",0
227,26,546,229,786,183,153,"5,062",0
"3,229",98,532,222,543,418,363,"6,850",1
397,87,316,257,374,132,260,"12,181",0
149,464,635,"1,393","1,117",286,273,"8,760",0
"3,375",104,321,28,210,286,187,943,0
"1,141",254,845,692,545,"1,021",489,"17,790",0
313,167,530,271,462,184,140,"25,598",0
"3,954",34,432,370,274,160,176,412,0
"1,779",87,555,-10,352,262,289,"1,814",0
"1,159",263,580,444,456,579,197,"12,634",0
337,147,637,541,570,197,18,"16,767",0
62,-23,265,967,435,351,130,362,0
420,113,218,971,573,392,446,"16,845",0
218,122,404,-76,279,179,278,"17,127",0
699,284,656,552,778,328,92,"11,696",0
214,79,472,119,304,170,151,652,0
"3,943",140,"1,406",829,"1,288",666,"1,226","27,469",0
"2,649",131,390,475,361,138,91,655,0
243,25,356,286,917,260,614,"39,734",0
346,77,857,429,573,462,368,"10,814",0
"1,752",144,585,409,443,282,160,"2,311",0
"2,884",211,"1,295","1,346","1,595","1,044",254,"10,794",0
947,173,779,143,453,162,435,"6,936",0
308,143,337,465,593,336,254,"21,930",0
407,235,151,"3,264","1,298","1,979","1,135","49,525",0
"1,231",48,"1,743",71,355,188,143,322,0
"2,195",73,533,165,418,216,157,696,1
263,243,721,298,709,168,569,"40,524",0
927,380,639,538,856,"1,163","1,570","67,494",0
"1,748",77,779,705,931,360,234,"13,505",0
"2,904",214,890,556,510,353,136,"16,578",0
"1,543",144,529,300,645,213,481,"10,360",0
148,154,303,-12,407,118,216,"6,913",0
"1,467",-2,221,329,180,122,113,383,0
"2,088",33,331,-3,227,107,141,922,1
"2,125",116,583,-74,246,112,68,261,1
"1,632",79,552,444,879,267,264,"1,072",0
"1,411",71,927,265,365,189,153,974,0
80,-56,"1,093","1,152","1,635",321,625,"37,155",0
311,137,775,555,922,606,689,"47,959",0
448,175,631,174,705,238,670,"34,085",0
"1,211",64,"1,337",520,543,-4,61,"2,128",0
"1,293",223,325,118,515,261,463,"13,740",0
199,153,535,291,399,183,134,"3,854",0
224,258,"1,313",106,890,636,702,"21,521",0
"2,234",52,711,253,581,231,612,"15,600",0
350,15,742,318,374,109,-31,"2,621",0
351,148,563,30,271,110,649,"16,070",0
"2,414",-6,214,-83,231,164,185,176,0
660,"2,622",337,888,245,"27,513",71,"1,745",0
"1,702",131,403,257,287,18,91,961,0
"1,241",244,683,674,726,860,200,"10,892",0
406,116,"1,135",160,418,190,789,"26,490",0
442,261,"1,283",604,939,601,"1,593","40,820",0
162,25,464,499,193,-60,104,"14,611",0
986,-32,671,143,497,136,284,"6,374",0
678,173,463,600,943,678,723,"36,039",0
536,190,263,"1,557",714,954,733,"63,364",0
969,77,463,125,232,268,263,"4,241",0
"3,598",253,979,532,662,280,205,"1,286",0
"1,189",-22,296,82,783,113,541,"15,629",0
"2,146",117,462,339,475,244,131,"4,137",0
"1,204",94,313,667,786,225,154,726,1
"1,367",138,598,258,375,415,48,374,1
"3,219",91,667,248,287,280,239,"1,680",0
"1,735",36,348,68,253,178,87,454,0
518,190,533,256,"1,458",126,417,"8,884",0
"3,474",221,"1,301",155,527,320,239,"4,108",0
261,94,434,455,814,423,"1,071","43,926",0
"1,476",121,634,434,603,429,591,"19,790",0
235,334,631,375,572,159,313,"19,037",0
351,161,511,874,"1,768",909,948,"31,168",0
"1,831",12,502,495,558,272,52,"10,183",0
"1,310",21,166,22,145,183,113,382,0
332,104,"1,067",235,"1,202",139,"1,417","42,393",0
654,9,417,71,318,79,433,"8,165",0
"1,064",225,743,222,456,412,168,742,0
"1,834",112,326,8,316,217,157,"3,106",0
"1,538",-55,218,39,123,81,161,158,0
929,98,418,257,280,129,114,696,0
660,152,"1,010",402,695,360,177,"24,098",0
"1,162",234,837,"2,105",926,"1,168",275,"12,513",0
"1,109",101,457,103,229,22,315,"3,567",0
"1,477",91,480,195,267,297,139,523,0
-32,143,510,483,743,138,617,"65,777",0
598,93,393,273,376,318,2,"5,658",0
773,39,485,-86,369,269,131,"8,930",0
"1,981",144,878,291,553,644,298,"7,200",0
831,176,439,766,"1,082",600,172,"16,564",0
"2,521",44,247,90,217,119,136,164,0
"1,171",27,621,43,329,257,222,"1,533",1
213,20,159,323,447,225,"1,336","41,881",0
299,197,639,411,440,324,746,"36,073",0
850,109,553,59,362,226,139,"2,426",0
533,238,"1,083","1,808","2,291","1,813",753,"26,815",0
899,-37,332,128,437,5,111,"5,562",0
"3,556",31,898,48,472,185,147,560,0
175,126,"1,526",181,783,337,595,"22,113",0
"1,571",51,732,106,428,396,230,"1,196",0
346,"1,579",434,786,971,"1,111",182,"30,033",0
129,65,706,333,"1,250",134,"1,062","13,503",0
504,58,595,210,528,248,891,"39,728",0
"1,065",106,253,500,465,281,304,"9,361",0
985,112,455,133,294,122,110,402,0
215,122,170,314,237,486,515,"22,540",0
155,86,412,235,519,435,256,"13,049",0
437,48,532,263,305,273,129,"8,780",0
"1,085",52,283,-11,258,325,109,281,0
"2,223",135,975,120,571,365,231,"2,507",0
"1,761",255,"1,291",604,"1,327",306,596,"16,558",0
"1,234",85,618,447,416,271,126,"8,100",0
213,165,919,305,420,10,154,"26,149",0
46,178,318,257,441,291,223,"19,692",0
"1,120",245,880,723,"1,168",546,593,"19,435",0
"1,577",13,400,346,309,132,115,396,0
79,48,198,519,"1,108",-1,620,"14,145",0
534,106,426,701,748,472,690,"29,749",0
866,197,741,536,797,319,763,"23,023",0
"1,218",118,386,230,352,338,159,"1,060",1
248,-28,417,24,255,234,201,"7,034",0
540,301,567,"1,050","1,041",922,"1,366","45,360",0
"18,339","12,481",-39,"5,037","2,082","101,995",318,"9,022",0
367,78,367,281,517,166,473,"15,918",0
"3,925",135,302,389,269,34,179,295,0
694,-26,862,110,243,154,277,"7,707",0
203,161,402,"1,056","1,017",399,530,"17,887",0
250,188,669,"2,081","1,110",120,-50,"11,422",0
283,77,341,498,"1,185",538,732,"27,899",0
277,-23,573,184,542,-14,501,"15,434",0
163,125,352,429,583,152,251,"12,282",0
"1,162",96,523,473,456,232,233,"21,088",0
640,109,456,42,436,179,405,"6,722",0
366,104,718,550,884,-28,511,"28,898",0
"2,025",9,609,315,523,159,271,"5,535",0
"1,230",136,724,604,603,179,-4,"1,638",0
"1,583",259,488,471,369,309,138,"4,258",1
856,60,426,245,330,73,749,"22,338",0
593,139,501,704,459,142,262,"16,723",0
441,267,443,284,312,116,192,"5,803",0
213,111,307,63,495,268,845,"14,443",0
825,123,764,499,657,365,178,"12,461",1
"1,800",210,933,344,878,804,755,"30,629",0
673,49,"2,811","2,493","1,745",747,625,"21,840",0
"1,541",196,"1,067",147,804,797,437,"15,487",0
316,457,391,"2,086",290,951,748,"42,052",0
530,438,366,370,411,"1,337","2,264","47,731",0
306,109,"1,279","1,403","1,689",247,"1,465","47,042",0
620,57,203,216,245,331,95,"2,574",0
330,125,639,377,858,121,141,"8,267",0
56,74,403,-39,480,21,288,"2,263",0
"1,432",83,354,292,229,194,384,"5,146",0
64,165,696,269,701,87,421,"25,502",0
344,165,611,"1,338","1,800",602,"1,367","53,774",0
348,-13,400,341,469,233,912,"37,119",0
"1,568",112,"1,956",191,661,89,217,707,0
"1,055",133,449,236,349,73,-26,"6,613",0
516,299,888,389,"1,234",532,724,"23,118",0
"1,611",97,"1,634",95,717,109,255,965,0
"1,371",129,459,294,464,138,199,"1,452",0
43,146,530,310,542,322,353,"9,964",0
"1,157",42,267,101,209,103,228,318,0
"1,338",143,812,373,499,353,239,"8,343",0
"2,280",131,812,385,655,34,297,"2,338",1
189,244,"1,204",481,"1,290",179,996,"23,586",0
240,155,"1,090",688,"1,491",55,539,"8,417",0
55,86,507,183,622,130,442,"33,073",0
256,214,398,327,623,490,716,"48,813",0
846,38,494,38,212,351,"1,112","32,090",0
"1,334",6,403,37,301,244,110,505,0
"2,230",327,467,902,531,470,-76,"19,762",0
"1,718",104,617,146,540,395,211,"6,393",0
"2,625",69,622,104,422,308,238,275,0
"3,149",5,334,266,314,318,389,"3,706",1
"1,509",76,564,288,371,106,103,"1,258",1
239,78,303,216,416,168,74,"3,099",0
"1,858",72,244,8,114,101,56,252,0
292,110,393,166,556,-4,499,"11,482",0
42,60,469,627,"1,379",205,296,"8,574",0
299,75,385,668,572,324,51,"11,518",0
368,148,436,312,420,124,455,"20,213",0
"1,027",112,488,163,243,154,49,"6,390",0
984,101,437,193,316,165,252,"5,329",0
-88,11,297,278,386,-3,-24,"17,456",0
"1,898",77,529,347,482,375,-41,"12,339",0
"3,132",92,838,136,365,106,241,319,0
"1,250",61,"1,104",128,306,131,236,"4,498",0
163,162,418,620,943,314,991,"33,779",0
355,155,"1,466",248,665,352,203,891,0
"2,686",60,909,169,426,236,189,503,1
969,16,140,135,155,186,491,"4,737",0
447,145,610,239,503,-40,530,"11,276",0
449,198,606,497,543,219,121,"7,407",0
-100,24,468,426,782,596,693,"31,324",0
"2,096",268,482,115,339,221,11,"4,362",0
505,26,385,166,391,258,188,"5,607",0
547,80,584,148,557,169,454,"20,059",0
"1,085",110,"1,933",155,482,331,"1,221","31,161",0
"1,088",108,526,478,583,161,227,"9,628",0
"3,204",253,831,251,652,449,331,"6,322",0
408,178,335,497,599,71,451,"26,862",0
"2,607",163,"3,434",364,866,233,364,"1,038",0
741,168,"1,010",340,668,815,663,"21,800",0
954,125,464,-3,476,265,381,"8,934",0
"1,301",122,566,216,613,241,259,"13,287",0
449,112,388,341,370,996,387,"39,544",0
"1,161",140,665,417,805,388,165,"3,260",0
400,167,749,551,798,286,803,"16,481",0
644,12,497,386,420,590,791,"45,402",0
90,87,152,524,587,450,755,"36,264",0
417,30,581,350,840,340,641,"49,631",0
555,200,486,591,549,396,275,"6,215",0
325,216,331,292,488,278,228,"21,025",0
478,187,"1,056",597,689,329,541,"20,170",0
"1,615",288,"1,475",777,664,982,926,"37,373",0
545,463,431,642,516,183,606,"33,194",0
875,156,376,455,319,514,-7,"1,933",0
943,76,300,386,291,188,698,"16,469",0
547,175,732,321,886,"1,044",430,"28,562",0
-22,58,252,36,263,131,113,652,0
"1,381",160,625,212,484,205,183,"2,601",0
525,221,734,608,"1,000",780,253,"30,103",0
144,75,600,580,"1,820",101,338,"9,521",0
"1,596",93,634,81,361,363,202,494,0
206,121,215,"1,698","1,443",793,354,"25,490",0
-14,49,434,155,671,154,253,"21,794",0
274,77,448,135,712,91,767,"44,189",0
876,191,713,279,493,343,443,"34,645",0
800,3,394,188,258,45,98,321,0
"2,810",26,928,235,"1,124",370,456,"7,561",0
977,91,798,133,736,208,145,598,0
94,23,411,722,805,23,852,"25,140",0
961,31,430,389,278,218,346,"3,967",1
"1,052",135,587,105,605,407,350,"8,813",0
450,360,815,394,780,849,313,"7,370",0
639,82,743,30,664,291,346,"8,568",0
0,189,398,627,898,450,"1,538","67,645",0
124,-15,309,274,500,180,279,"15,274",0
388,159,367,310,427,320,30,"13,430",0
330,93,236,666,540,224,821,"31,486",0
"1,041",49,"1,079",76,549,211,178,"5,630",0
"3,724",44,274,154,278,196,186,429,0
289,61,429,230,524,171,456,"15,276",0
"1,536",40,186,145,236,248,27,311,0
"2,150",77,786,258,667,362,240,"3,673",0
871,143,832,400,778,253,248,"11,082",0
707,81,351,190,513,236,339,"12,694",0
359,72,678,265,866,326,187,"8,308",0
292,334,760,598,"1,177",437,286,"13,200",0
339,111,436,259,482,224,345,"6,497",0
"1,053",141,440,189,379,390,98,"15,123",0
"2,239",76,969,40,322,283,106,"1,143",0
356,-34,"1,380",323,453,142,427,"36,385",0
539,25,344,131,249,229,167,"2,726",0
118,21,344,248,738,297,884,"42,756",0
921,85,656,223,418,326,849,"20,204",0
"1,335",213,517,370,504,539,270,"11,204",0
358,199,324,875,396,65,440,"10,387",0
"18,594","10,054",839,"2,050",873,"74,862",446,"15,490",0
522,-3,422,412,313,938,926,"22,141",0
875,96,386,131,558,169,165,"8,095",0
-114,88,192,155,326,207,380,"22,778",0
"1,542",60,495,364,484,91,114,"2,579",0
793,161,724,383,407,412,186,"11,574",0
"1,976",7,247,108,146,-96,118,153,0
36,37,283,125,222,46,235,"3,235",0
131,46,265,17,357,133,702,"23,749",0
581,88,276,172,376,139,153,"16,600",0
242,14,598,181,479,362,"1,019","32,443",0
"2,126",53,751,80,492,278,189,"1,441",0
513,101,766,324,520,785,689,"29,251",0
"1,392",-115,283,327,357,197,-83,"1,547",0
"1,487",4,755,309,407,330,309,"12,687",0
"3,231",197,628,453,"1,093",465,387,909,0
220,145,770,51,"1,076",38,598,"16,489",0
294,60,470,608,484,355,466,"24,699",0
"2,870",81,"1,009",246,629,199,285,"1,068",0
405,36,352,148,640,209,346,"9,517",0
243,50,678,207,897,107,818,"15,597",0
"2,789",52,379,127,425,76,210,527,0
581,88,"1,300",263,"1,023",227,571,"20,148",0
497,97,484,264,327,273,463,"16,200",0
"1,649",118,651,98,"1,102",364,230,"10,254",0
"1,274",30,414,73,381,257,195,"7,810",0
"1,967",160,817,222,683,288,434,"11,668",0
416,18,576,179,413,286,440,"22,604",0
440,71,667,297,457,286,265,"32,208",0
164,-2,446,300,674,52,552,"14,087",0
844,9,592,125,563,146,245,931,0
441,88,470,520,784,654,"1,738","47,227",0
222,50,250,90,386,242,659,"14,746",0
654,61,302,170,"1,092",553,672,"27,145",0
"2,343",377,451,37,418,"2,522",305,"10,031",0
"1,591",83,630,173,487,264,15,"6,943",0
381,85,"2,081",348,541,359,237,"30,229",0
616,102,660,117,435,211,125,"2,387",0
550,89,574,194,414,78,251,"4,612",0
255,42,396,48,373,218,476,"20,915",0
-16,40,411,96,343,182,171,"1,293",0
"1,091",27,547,240,463,268,372,"8,114",0
"3,011",43,417,93,350,124,182,358,0
119,28,712,542,572,158,715,"44,736",0
407,204,641,"1,535","1,638",468,306,"19,338",0
"2,467",104,820,124,482,295,217,"1,116",1
-8,86,434,161,343,-21,127,"3,226",0
"1,902",209,154,"2,768","1,313","1,924",619,"18,817",0
"1,038",104,744,598,950,736,376,"10,633",0
"1,735",60,586,180,320,332,292,"2,103",0
"3,381",44,"1,225",210,862,804,319,"9,138",0
698,65,234,150,503,335,"1,025","22,579",0
"2,897",172,628,239,387,191,232,"2,474",0
519,56,377,488,487,"1,152",618,"27,668",0
407,-23,570,208,725,203,629,"63,009",0
210,262,528,227,"1,031",30,621,"20,062",0
288,109,512,66,403,463,183,"4,744",0
244,53,267,208,354,90,261,"17,153",0
234,22,329,106,421,235,753,"34,810",0
71,42,656,269,340,93,238,"4,987",0
190,15,470,"1,059","1,419",252,282,"21,499",0
444,234,491,481,"1,249",470,835,"39,212",0
"1,141",35,502,138,294,171,214,443,0
552,124,"1,196",340,"1,390",340,"1,664","54,350",0
"2,210",120,854,53,499,15,169,776,0
269,154,611,226,824,281,180,"19,218",0
786,71,358,160,527,273,73,"13,970",0
832,177,"1,158",448,768,655,252,782,0
762,183,445,83,463,169,136,"16,550",0
542,116,733,90,518,616,530,"17,124",0
200,92,740,172,741,337,411,"12,563",0
272,27,306,79,400,108,439,"9,297",0
432,152,417,193,713,346,785,"22,681",0
536,66,583,-34,338,121,507,"12,707",0
332,105,301,"1,815","2,170","1,033",560,"14,019",0
436,46,350,63,345,122,389,"15,625",0
144,3,267,56,327,54,701,"19,379",0
211,111,501,607,711,432,566,"10,241",0
448,-43,376,334,438,330,600,"17,076",0
652,56,698,189,357,105,101,"9,495",0
800,74,412,268,445,168,58,"3,542",0
453,79,447,126,529,173,878,"14,245",0
631,24,361,261,502,357,221,"11,553",0
276,28,338,81,431,136,"1,064","38,003",0
166,-8,323,118,306,143,258,"12,287",0
"1,508",59,346,1,395,228,391,"10,433",0
"2,304",39,180,122,213,54,197,259,0
312,96,367,101,498,285,178,"12,355",0
"1,998",117,"1,375",239,670,468,131,"11,710",0
220,132,248,315,853,153,235,"22,891",0
404,315,825,179,951,753,750,"45,444",0
325,106,272,141,497,467,"1,907","18,288",0
83,87,325,202,409,49,328,"10,294",0
403,144,854,266,"1,077",333,286,"13,056",0
365,120,702,44,559,182,223,"21,042",0
"1,331",313,"4,655",763,"2,352","1,371",626,"22,003",0
"1,535",273,"1,157",180,"1,033",429,493,"1,806",0
"1,717",22,377,41,294,-97,126,842,0
394,251,553,"1,093","2,184",389,"1,036","55,965",0
"2,207",183,"1,622",261,"1,758",498,495,"23,240",0
611,273,338,179,120,125,281,615,0
"2,637",108,289,-40,306,143,209,263,0
590,38,397,446,634,115,117,"10,859",0
709,71,415,114,344,993,63,"11,049",0
344,68,433,148,514,206,223,"36,575",0
-106,132,107,155,157,89,423,"18,436",0
90,154,"1,209",445,"1,764",75,798,"35,477",0
144,194,876,150,"1,360",191,826,"14,795",0
488,-19,664,293,664,106,287,"4,451",0
239,100,499,34,311,182,198,"15,272",0
321,69,603,189,462,-2,414,"21,529",0
288,55,350,92,386,171,181,"11,418",0
"4,335",405,328,"3,180",743,851,"1,109","11,954",0
569,95,802,825,569,586,370,"18,771",0
"1,855","8,948",-649,"15,232",985,"22,921",816,"8,518",0
465,73,427,138,352,157,64,"7,211",0
"2,872",101,"1,205",112,540,296,58,"8,099",0
380,65,327,193,382,195,367,"2,997",0
370,231,424,280,714,716,67,"40,512",0
"2,230",77,376,155,324,160,149,516,0
147,49,324,109,575,176,535,"36,633",0
"2,173",136,973,295,557,193,179,"11,120",0
303,16,322,201,542,349,"1,387","34,728",0
163,203,603,-88,641,113,522,"7,847",0
"1,522",57,362,22,194,77,84,521,0
464,520,312,647,594,281,345,"10,159",0
"1,895",68,391,38,379,192,160,"2,596",0
198,100,506,254,729,200,"1,302","38,330",0
-55,-195,-753,"22,552",-463,-46,99,"14,238",0
"1,330",45,462,16,217,82,83,500,0
201,8,735,44,438,229,139,"8,099",0
"1,486",157,939,129,677,245,343,"3,039",0
805,151,893,256,674,346,451,"11,849",0
"1,138",124,517,365,809,421,293,"12,343",0
545,41,522,872,"1,317",601,664,"24,753",0
"1,574",88,275,111,196,178,157,123,0
"2,302",14,260,145,311,119,170,308,0
144,-12,479,101,589,78,366,"7,179",0
683,103,950,"1,249",983,254,"1,386","49,934",0
162,145,360,176,380,738,328,"19,285",0
443,68,243,477,487,267,748,"27,116",0
"1,087",63,273,192,309,76,125,271,0
476,132,350,104,285,191,81,"1,526",0
"1,726",1,593,102,373,311,420,"10,881",0
121,78,475,149,646,290,418,"13,033",0
"3,368",9,550,145,408,111,174,580,0
724,52,533,311,352,268,247,"6,686",0
"3,103",171,"1,524",522,677,887,"1,246","38,860",0
344,89,345,"1,478","1,405",543,298,"17,130",0
901,321,760,319,550,493,858,"40,282",0
"3,394",84,581,57,463,554,297,"3,787",1
695,113,"1,344",150,641,163,649,"9,582",0
"1,645",145,572,132,539,203,38,"7,948",0
418,104,220,66,422,255,428,"19,445",0
54,66,341,267,416,200,572,"13,883",0
"3,749",104,803,62,434,315,286,704,1
"1,632",108,623,19,262,277,251,"1,661",0
227,135,694,545,670,37,"1,003","27,632",0
290,4,100,92,177,15,429,"15,118",0
83,302,781,"1,764","2,133",595,982,"25,553",0
653,176,619,201,771,196,584,"18,535",0
552,142,595,168,834,164,"1,692","116,856",0
"3,884",254,893,"1,576","1,797","1,636",696,"29,323",0
"1,201",81,729,"1,224","1,802",595,323,"25,598",0
"1,484",89,460,"1,801","1,337","1,878",375,"13,942",0
"3,406",124,758,18,659,356,383,917,0
"1,440",151,984,297,"1,072",181,230,"2,002",0
"2,247",152,650,385,640,185,168,"4,229",1
"1,402",109,620,145,477,201,731,"25,932",0
"2,381",12,492,33,274,33,156,279,0
188,-20,938,548,"1,425",74,199,"4,310",0
272,92,212,312,387,80,"1,205","28,986",0
742,51,266,340,491,573,461,"36,317",0
"1,921",40,691,25,309,29,245,"2,972",0
"1,191",24,415,152,306,49,94,"4,319",0
303,59,360,34,158,75,138,"6,572",0
356,68,463,232,506,176,742,"29,757",0
629,-6,413,915,729,277,496,"33,302",0
548,29,492,-30,393,97,193,"6,308",0
"1,389",34,457,145,258,87,94,391,1
"1,168",-4,773,57,372,113,292,"4,491",0
584,97,554,222,581,338,626,"18,658",0
372,12,402,226,603,409,172,"48,749",0
106,57,319,252,892,-50,367,"8,630",0
464,180,543,518,"1,034",604,620,"28,252",0
884,116,742,211,698,284,638,"9,533",0
603,32,627,198,457,253,262,"1,895",0
890,15,508,34,373,249,60,897,0
"1,216",7,286,135,313,139,276,"4,156",0
456,72,271,426,298,-5,287,"6,467",0
"1,508",49,179,76,168,78,53,173,0
114,118,585,231,650,"1,050",653,"63,951",0
"2,891",65,553,458,641,642,260,"12,974",0
"3,624",74,379,-48,336,356,232,839,1
336,71,526,-12,386,140,52,"19,025",0
"3,032",907,828,411,866,"7,258",68,"12,069",0
187,138,295,-55,322,20,868,"14,406",0
"1,349",261,618,270,300,23,387,"1,231",0
"2,268",41,310,469,357,38,230,669,0
89,8,660,217,787,405,860,"39,312",0
"1,052",21,264,66,267,117,108,566,0
"1,253",107,434,119,384,479,114,"4,865",0
"1,037",20,466,44,312,170,224,"2,570",0
616,36,501,142,280,121,-71,"10,142",0
225,123,447,306,871,291,486,"25,988",0
"1,934",32,295,105,199,77,153,286,0
48,71,476,557,606,210,390,"17,802",0
"1,550",77,449,228,335,145,103,"4,036",0
372,52,182,361,"1,008",335,"1,122","30,179",0
"2,941",156,"1,825",996,"1,435",735,999,"12,391",0
237,108,538,789,"1,686",274,876,"39,191",0
413,93,892,394,864,-4,675,"33,444",0
280,72,"1,149",131,726,140,357,"8,720",0
411,96,546,242,709,330,900,"29,536",0
265,83,474,31,514,4,212,"20,007",0
378,50,303,403,557,44,778,"33,039",0
313,105,810,699,"1,130",404,794,"42,882",0
918,36,568,180,777,287,531,"9,291",0
197,140,"1,173",371,429,792,388,"13,808",0
"1,228",-24,601,-24,310,71,159,"1,227",0
"2,045",95,444,411,511,281,210,770,0
926,102,353,-68,321,278,134,"2,267",0
475,52,467,62,359,108,397,"11,244",0
697,82,713,644,"1,725",665,226,"31,746",0
299,28,294,129,408,23,202,"10,849",0
204,-4,238,134,215,125,70,"11,659",0
534,250,"1,136",185,764,351,227,"10,369",0
"1,230",178,"1,491",46,789,338,596,"12,595",0
398,111,369,51,274,349,215,"31,065",0
453,132,427,257,519,152,502,"23,391",0
"2,236",141,791,539,523,445,152,"7,907",0
991,64,618,160,482,372,332,"7,896",0
"1,213",99,723,180,316,169,172,"1,194",0
28,74,447,136,387,450,517,"16,060",0
259,56,242,23,444,360,845,"24,885",0
"1,977",137,297,201,275,259,117,244,0
124,23,283,266,485,239,549,"10,251",0
693,151,250,150,295,98,273,555,0
846,59,"1,132",274,557,162,94,"2,207",0
206,66,337,693,647,647,"1,193","45,826",0
881,122,849,287,378,132,254,"2,266",0
818,312,630,181,411,"2,565",230,"9,446",0
"1,031",104,841,252,659,415,358,"21,916",0
"1,561",82,289,101,199,172,177,623,0
"2,558",338,989,342,784,720,354,779,0
"1,785",82,"1,097",632,"1,001",446,875,"24,276",0
"1,262",252,491,183,399,106,253,642,0
58,35,"1,057",93,253,0,180,"4,634",0
"1,451",238,492,266,494,507,975,"24,206",0
"1,825",92,495,131,450,271,99,"5,371",0
192,1,420,120,"1,286",139,371,"13,326",0
723,177,"1,868",740,"1,332",985,303,"49,980",0
164,27,420,210,540,200,"1,068","59,272",0
"1,885",10,205,193,338,20,110,229,0
506,126,633,268,403,245,-3,"9,798",0
517,52,473,57,348,408,272,"3,998",0
"1,837",128,652,277,700,946,242,"1,027",0
"1,606",63,511,27,404,96,224,489,0
547,143,460,942,"1,054",599,621,"20,926",0
"2,203",98,461,131,534,59,113,"2,265",1
401,102,479,116,372,194,97,"12,599",0
"1,793",27,709,117,449,104,242,651,0
"1,858",103,470,214,466,480,238,"7,503",0
"1,535",85,509,114,315,92,67,"5,878",0
"1,651",116,985,205,378,385,211,"1,315",1
274,76,633,647,"1,221",159,914,"14,647",0
154,58,338,"1,703",870,320,134,"3,865",0
993,288,622,499,818,760,70,"19,295",0
738,7,359,79,257,156,115,"3,339",0
128,97,224,194,444,245,935,"44,056",0
"2,322",167,265,"1,528","1,004","1,467",660,"23,744",0
319,146,714,248,"1,139",63,"1,808","53,546",0
"2,073",139,701,459,532,232,332,"8,768",0
528,288,"1,663",331,550,318,963,"53,816",0
442,90,566,148,442,351,166,"4,460",0
204,28,617,84,427,85,471,"4,476",0
"1,217",46,431,-28,216,144,149,355,0
148,-210,"-1,446","19,895",-534,"-1,222",-47,"26,253",0
273,594,761,"2,373","1,180",393,281,"3,704",0
396,120,297,60,288,173,400,"17,830",0
"1,375",134,640,240,402,348,431,"15,215",0
829,191,979,194,632,229,101,"10,896",0
"1,311",58,315,121,322,51,139,331,0
"2,196",46,298,61,202,81,118,202,0
90,62,389,-32,480,82,167,566,0
390,39,263,562,560,642,994,"61,299",0
"1,906",59,171,70,182,78,82,425,0
215,86,514,615,793,336,384,"7,838",0
"1,900",125,758,155,699,350,349,825,0
617,194,379,426,700,467,496,"24,981",0
"1,965",35,527,187,326,98,145,238,0
619,29,352,452,"1,135",265,723,"34,853",0
309,-16,"1,422",277,659,246,436,"12,674",0
885,82,615,381,578,450,593,"22,067",0
711,128,361,23,508,325,840,"32,017",0
764,93,647,125,324,128,154,"3,080",0
"2,843",109,794,101,437,234,242,996,1
"1,583",189,"1,022",400,776,426,406,"22,459",0
318,148,573,86,894,253,"1,174","34,906",0
906,123,"1,353",460,652,991,306,"32,533",0
533,59,512,80,485,342,229,"5,930",0
"1,105",24,669,257,573,357,329,"17,205",0
"1,236",99,867,183,490,423,326,"3,951",0
269,-23,364,"1,600",668,40,408,"26,167",0
"1,668",35,478,8,356,205,121,"1,995",0
"1,727",113,784,101,310,319,136,318,0
287,159,344,214,408,200,641,"20,020",0
178,56,240,159,588,208,237,"7,159",0
448,164,567,425,"1,067",88,732,"16,213",0
797,128,235,-23,295,250,113,"1,032",0
-68,85,269,80,396,316,931,"25,421",0
690,224,293,"2,823","2,355","1,247","1,540","66,955",0
684,248,409,330,168,106,379,576,0
150,19,335,305,361,93,130,"3,203",0
607,59,517,154,754,154,142,947,0
408,40,222,"1,435","2,098",705,439,"27,078",0
36,179,282,104,"1,025",358,"1,432","41,746",0
668,71,427,87,361,204,137,"15,697",0
78,75,689,31,400,128,592,"16,868",0
"1,580",91,573,60,299,218,152,"2,899",0
255,108,340,312,697,291,"1,064","28,687",0
307,200,503,193,453,228,582,"26,151",0
"1,458",4,288,-2,284,123,154,406,0
"1,187",43,701,239,640,580,190,"3,293",0
-3,-5,376,283,735,68,650,"17,027",0
"1,164",64,381,-19,206,33,141,"1,043",0
114,24,408,-28,226,14,77,"14,125",0
"1,073",140,"1,577",155,995,155,579,"1,443",0
"1,541",58,694,148,614,178,456,810,0
433,78,665,465,798,481,275,"17,418",0
636,206,636,768,"1,211",907,436,"24,451",0
"1,115",37,520,141,619,222,350,"19,259",0
"6,574","3,906",328,833,990,"33,423",268,"19,644",0
"1,320",54,507,131,248,177,47,463,0
276,77,618,24,502,493,331,"24,807",0
"1,386",69,875,220,548,182,243,"9,309",0
"2,464",88,705,224,464,325,219,"5,047",0
897,33,474,307,445,68,820,"22,083",0
"1,554",277,"1,589",595,"2,391",730,"2,197","127,068",0
"1,383",161,"1,391",598,811,665,-295,"27,652",0
"3,768",36,"1,142",90,536,172,344,"1,045",0
228,25,385,172,269,177,172,"1,242",0
"1,107",144,559,470,658,265,245,"10,444",0
"1,514",164,434,48,355,"1,212",150,"1,081",0
461,130,772,271,414,299,92,"6,379",0
298,98,391,60,591,122,"1,336","44,436",0
"2,228",80,483,292,537,160,923,"49,904",0
278,151,782,"1,841","1,745","1,329",639,"25,533",0
274,54,324,167,461,177,772,"36,740",0
435,183,"1,308",534,"1,452",275,429,"18,591",0
"3,225","1,744","1,849",319,547,"15,157",791,"21,646",0
59,281,285,"2,063","1,751",895,309,"12,370",0
321,134,910,303,"1,264",538,769,"39,333",0
690,186,788,299,763,752,895,"18,846",0
349,-2,360,63,388,430,"1,045","21,684",0
405,67,326,415,429,276,161,"27,065",0
"2,534",37,792,110,392,192,315,"7,416",1
"1,858",27,393,40,317,213,140,927,0
936,37,729,"1,088",706,342,661,"38,230",0
"3,420",65,423,112,386,92,107,522,0
516,169,"1,315",51,330,51,434,"17,216",0
394,140,497,175,714,156,199,"8,381",0
"1,019",108,346,100,326,256,162,"1,486",0
987,26,742,61,168,119,526,"21,848",0
"1,765",205,551,295,304,"1,841",387,"11,064",0
"1,659",25,236,70,207,120,107,206,0
249,39,823,32,346,206,353,"13,048",0
907,23,207,7,254,100,75,257,0
65,18,384,247,449,174,249,"8,358",0
780,41,344,227,369,191,147,"2,801",0
"1,468",60,562,103,325,279,89,"1,531",0
220,161,455,999,"1,033",431,540,"24,865",0
"1,598",5,454,182,418,246,-129,"11,894",0
-22,38,777,74,611,156,782,"27,603",0
318,160,897,294,"1,343",99,"1,266","33,330",0
512,213,151,"1,061","1,739","1,083","1,269","58,699",0
510,73,415,387,354,225,500,"21,351",0
"1,773",297,628,162,401,728,63,"2,926",0
"1,233",41,238,3,181,97,100,192,0
458,96,"1,210",111,658,315,156,"10,048",0
531,90,336,6,208,453,377,"13,316",0
230,28,285,612,503,196,222,"20,461",0
702,57,367,155,362,305,575,"12,326",0
"2,192",55,742,542,510,632,254,"14,297",0
176,115,506,28,419,309,409,"20,484",0
"1,213",48,455,198,881,402,228,"5,291",0
141,71,423,250,756,17,334,"4,035",0
429,245,695,57,837,372,756,"43,737",0
450,46,500,319,326,179,459,"17,021",0
128,-8,580,311,517,184,371,"20,534",0
180,39,495,619,508,54,579,"7,927",0
277,61,940,275,"1,231",41,574,"23,643",0
560,45,206,330,382,277,442,"27,792",0
123,-78,516,123,673,228,930,"22,927",0
504,62,269,209,511,130,552,"34,929",0
"1,456",76,564,183,528,247,171,431,0
280,94,508,41,868,86,"2,225","67,656",0
"1,568",-15,436,57,271,114,153,327,0
493,143,614,118,451,-28,205,"5,464",0
509,83,283,406,447,91,457,"27,805",0
396,93,"1,058","1,299",870,515,843,"39,780",0
730,-38,733,157,627,235,927,"18,984",0
80,4,625,225,554,267,906,"19,933",0
275,20,887,413,953,231,649,"55,277",0
"13,720","8,170",278,"2,864","1,706","73,911",323,"9,039",0
585,154,768,"2,013",843,-20,742,"35,771",0
-54,53,181,82,290,188,487,"21,359",0
"1,055",70,688,195,708,387,974,"36,933",0
293,240,587,257,712,498,161,"16,105",0
31,129,376,119,429,105,519,"14,959",0
63,50,468,842,464,370,472,"7,939",0
"1,900",2,247,136,555,215,313,"5,701",1
360,159,662,"1,055",821,588,530,"41,909",0
"1,808",66,720,144,449,110,146,"1,020",0
313,104,"1,569",510,351,28,181,"11,265",0
63,143,721,223,795,163,551,"43,616",0
"4,184","1,493","1,258",545,709,"11,900",264,"10,666",0
659,199,610,359,473,421,410,"12,237",0
780,-11,339,168,298,165,222,"2,781",0
532,274,630,352,922,475,324,"44,990",0
709,-20,281,18,523,432,"1,588","72,493",0
734,39,486,81,382,276,172,"6,890",0
502,57,288,204,425,128,"1,303","28,513",0
763,106,395,190,621,488,218,"12,876",0
328,161,213,560,732,501,433,"10,246",0
934,118,497,81,540,381,590,"17,691",0
740,56,393,16,361,149,151,"1,488",0
874,37,592,79,382,98,23,"5,945",0
89,438,876,302,506,"2,363",928,"20,654",0
"1,712",135,359,297,487,608,674,"24,176",0
"3,460",90,979,83,447,362,264,"2,694",1
"3,113",208,767,237,655,677,237,936,0
561,55,572,134,549,254,435,"13,064",0
312,64,287,160,650,222,744,"26,399",0
"2,439",149,830,69,800,279,312,951,0
"1,655",119,613,96,380,146,207,499,0
748,53,358,223,310,226,138,"14,086",0
571,"1,041",211,"4,810",277,"4,539",378,"12,976",0
-26,53,650,255,649,166,776,"23,777",0
"4,608",102,626,155,490,229,311,"6,598",0
457,269,819,501,737,429,779,"57,692",0
"1,739",36,400,84,321,122,197,294,0
385,38,"1,060",165,729,-30,505,"7,914",0
148,92,354,188,587,191,309,"19,326",0
131,33,509,"1,834","1,887",357,880,"35,494",0
275,45,440,90,498,535,"1,842","76,303",0
415,159,905,131,679,236,451,"30,764",0
219,39,532,388,857,354,-364,"38,621",0
814,77,441,287,429,192,215,"11,145",0
404,118,581,37,375,188,139,"3,799",0
815,54,388,188,442,242,443,"24,216",0
969,131,293,149,312,213,274,"7,657",0
627,190,130,"3,834","1,940","1,374",661,"29,158",0
856,59,724,332,624,312,21,"20,089",0
644,23,308,48,281,97,205,186,0
585,165,368,174,556,262,486,"31,183",0
66,95,460,256,780,155,578,"26,279",0
364,63,462,36,388,229,99,"1,634",0
634,46,651,127,517,381,127,"8,315",0
"1,125",81,878,103,670,469,483,"21,226",0
"1,749",32,236,262,377,8,771,"24,940",0
"3,440",100,697,79,559,164,151,608,0
"2,023",184,833,237,576,672,806,"26,890",0
334,4,355,109,577,273,671,"26,625",0
319,5,332,166,418,60,230,"3,539",0
"2,542",14,"1,033",149,332,145,156,"5,796",0
"2,013",20,276,218,228,101,143,640,0
"1,114",66,263,141,306,509,482,"9,508",0
"1,061",174,495,174,480,446,130,"11,177",0
-19,84,470,82,638,133,394,"15,307",0
485,9,831,97,567,69,178,"7,920",0
166,12,431,665,"1,263",312,433,"7,921",0
-6,40,503,138,429,50,481,"11,669",0
"1,958",-24,434,404,204,15,149,"7,867",0
92,138,564,260,"1,300",184,318,"3,881",0
546,455,620,476,915,531,966,"38,935",0
106,-11,369,42,530,41,"1,272","42,607",0
411,-32,397,494,698,310,"1,198","38,133",0
"1,932",86,609,218,364,296,144,"2,424",0
"2,069",14,389,154,361,118,152,527,0
718,85,302,141,503,530,634,"17,854",0
124,67,800,229,684,38,173,816,0
"3,269",50,743,84,384,305,172,"1,341",1
342,148,425,313,643,128,634,"20,159",0
136,101,"1,281",712,969,365,436,"8,657",0
371,21,469,199,461,429,216,"17,997",0
32,16,171,163,413,86,468,"6,577",0
"3,569","1,599",853,229,627,"12,007",227,"11,998",0
"1,632",100,421,33,692,845,"1,521","49,955",0
"2,462",63,498,101,354,171,199,"2,298",0
"1,802",73,"1,007",150,526,205,246,"2,554",0
"1,024",21,"1,391",278,253,73,126,"3,275",0
"1,727",87,691,-48,400,184,240,"2,076",0
"1,579",191,920,375,510,773,620,"9,393",0
342,163,229,263,485,640,735,"26,818",0
805,68,528,225,397,426,286,"14,853",0
16,8,231,1,145,-16,133,771,0
105,49,623,7,339,208,94,"6,239",0
493,22,"2,214",830,823,224,664,"23,814",0
438,73,446,432,"1,054",142,575,"19,519",0
"1,990",194,"1,247",308,919,377,437,"17,324",0
89,89,397,808,518,531,911,"24,732",0
545,203,336,425,486,908,289,"12,416",0
653,309,"1,433",464,911,"2,199",826,"22,024",0
"1,930",14,543,115,570,361,139,"5,683",0
476,48,443,320,707,103,678,"23,775",0
152,272,"1,140",283,922,929,-195,"67,978",0
115,82,613,143,809,139,"1,080","39,871",0
157,34,507,143,590,122,711,"24,558",0
712,16,259,202,543,235,292,"9,665",0
"1,819",134,"1,784",224,877,397,400,"1,160",0
74,240,444,40,487,339,299,"18,140",0
"1,442",45,295,36,244,86,98,496,0
"1,357",71,620,219,318,359,4,"4,684",0
500,87,598,108,518,318,477,"21,837",0
682,299,546,562,"1,388",970,119,"11,107",0
"1,620",163,538,3,387,121,70,"1,654",0
626,36,643,66,369,7,107,507,0
813,31,414,106,335,197,140,"1,741",0
454,91,476,64,285,224,394,"8,805",0
"1,097",20,390,402,777,599,498,"12,358",0
285,-2,418,52,500,173,600,"19,100",0
"1,395",7,449,81,395,77,58,562,0
"1,364",102,398,-83,345,77,39,493,0
"5,314",128,647,282,630,247,207,534,0
"1,414",201,"1,249",602,"1,278","1,375",483,"61,760",0
"1,680",95,500,251,414,106,112,"2,656",0
475,217,782,658,"1,191",560,678,"22,486",0
114,56,600,129,908,52,951,"22,698",0
755,218,269,96,161,72,288,378,0
452,7,591,426,721,381,445,"47,939",0
135,129,620,90,"1,126",57,533,"9,800",0
"1,289",76,"1,151",209,"1,157",231,632,"16,553",0
"1,009",-3,702,114,422,285,221,"2,818",0
"1,381",121,885,8,210,189,22,"2,248",0
"1,328",44,569,543,"1,137",492,207,"8,028",0
129,79,"1,048",262,771,176,282,"16,527",0
96,100,603,198,619,197,686,"16,267",0
287,198,"1,047",451,569,538,476,"32,117",0
"1,029",24,99,272,208,189,62,123,0
160,81,639,176,667,476,"1,154","58,647",0
201,22,210,202,334,291,385,"6,295",0
-92,86,"1,104",607,730,177,240,"1,767",0
619,-33,709,540,560,185,"1,792","55,171",0
"3,197",66,858,67,453,196,201,"3,637",1
"1,771",53,401,120,261,72,175,"2,201",1
752,65,551,179,620,276,934,"37,868",0
"1,201",88,772,451,542,472,227,"7,186",0
216,88,484,342,613,41,393,"11,214",0
"1,046",16,428,156,420,140,464,"10,066",0
"1,184",81,493,406,618,75,33,"7,843",0
388,53,808,241,"1,121",273,"1,576","79,233",0
"1,294",178,629,171,249,440,730,"35,494",0
"1,282",241,601,137,651,234,404,"17,116",0
"1,228",154,820,39,538,144,102,"1,429",0
337,109,518,255,555,129,40,"11,210",0
465,79,526,149,421,342,584,"16,324",0
690,108,915,324,"1,300",432,"1,595","52,329",0
-44,-81,360,284,451,303,844,"25,605",0
110,27,801,754,615,61,786,"13,958",0
954,121,311,326,383,607,466,"15,033",0
323,180,554,87,832,90,961,"46,795",0
835,61,403,97,666,177,606,"15,175",0
"1,303",98,899,303,412,209,588,"23,757",0
"1,342",125,700,145,641,121,224,935,0
125,55,743,-5,"1,086",2,472,"6,237",0
196,240,"1,337",686,"2,580",349,"1,431","28,076",0
142,141,655,420,855,596,"1,121","73,049",0
"1,155",88,403,178,354,240,274,"2,170",0
203,34,347,80,448,207,758,"41,506",0
271,58,343,692,947,549,613,"12,096",0
"2,064",44,662,16,271,10,75,"1,102",1
378,-2,354,497,755,220,634,"48,079",0
559,91,403,286,440,147,721,"44,447",0
687,94,907,31,340,595,966,"25,062",0
370,108,83,"6,599",171,639,36,"15,337",0
"1,473",99,553,346,975,144,197,"2,972",1
501,131,608,"1,575","1,929",877,"1,120","36,047",0
"1,527",30,350,167,267,156,135,715,1
"1,262",21,763,115,360,615,134,"1,065",0
552,-2,168,"4,250",444,140,888,"23,834",0
915,96,263,"2,526","1,328","1,122",759,"24,156",0
"2,496",145,573,129,607,165,184,"1,060",1
36,50,474,216,936,173,488,"13,651",0
599,88,372,164,683,134,450,"10,023",0
"1,318",107,390,305,371,291,299,"4,484",0
"3,002",77,830,168,372,145,172,445,0
"1,181",86,676,278,741,474,369,"6,250",0
583,70,637,741,361,"1,083",670,"9,210",0
"1,230",26,569,212,534,177,189,"5,301",0
257,81,232,631,781,343,933,"30,123",0
494,29,673,70,550,253,265,"11,487",0
518,164,580,272,675,557,609,"22,453",0
"2,607",40,386,98,199,-97,106,139,0
290,139,"1,738",435,729,393,794,"32,598",0
"1,493",20,381,91,364,198,133,"1,061",1
250,37,304,227,557,115,-319,"40,880",0
164,123,374,292,529,119,628,"24,368",0
"2,095",59,"1,205",323,385,343,224,"11,868",0
257,133,467,230,692,164,75,"20,989",0
419,110,548,355,742,203,202,"15,075",0
"1,905",110,505,168,508,118,249,936,0
240,207,500,412,556,348,858,"28,645",0
421,283,17,"4,812","2,097","2,511",664,"33,495",0
162,69,405,98,439,123,335,"10,027",0
491,94,618,156,434,184,"1,082","23,829",0
446,210,628,99,"1,084",399,826,"25,048",0
517,101,324,135,428,542,867,"31,743",0
587,93,566,153,499,424,335,"5,072",0
721,37,755,109,351,130,162,"5,469",0
"1,449",265,774,470,937,377,442,"10,739",0
109,95,593,321,783,384,640,"30,543",0
"1,775",4,453,200,284,395,-123,"8,685",0
601,32,456,119,297,95,536,"12,560",0
778,12,261,182,287,39,382,"15,225",0
"1,461",30,453,180,308,42,75,986,0
914,137,417,45,463,358,190,"4,452",0
"2,885",83,367,47,390,193,257,252,0
"1,598",-33,405,62,150,5,107,195,0
415,44,588,78,660,228,606,"13,638",0
220,108,"1,237",515,"1,072",517,233,"8,863",0
410,154,399,73,402,141,491,"15,093",0
"1,760",203,"1,079",34,"1,132",157,505,"1,535",0
290,157,709,43,589,298,63,"6,531",0
938,65,818,80,413,51,262,"2,168",0
270,125,258,182,439,404,806,"23,187",0
"1,698",85,441,239,400,443,214,"6,295",0
"2,216",29,327,81,206,143,128,215,0
"1,501",99,331,174,192,201,74,178,0
622,100,755,235,381,105,253,"10,902",0
"1,370",291,"1,387",52,"1,539",120,760,"3,023",0
85,28,417,609,"1,326",387,246,"4,111",0
739,174,758,-18,759,274,302,691,0
207,106,485,310,519,405,537,"23,370",0
"1,481",82,205,97,208,85,51,357,0
199,25,252,52,323,247,369,"22,341",0
130,1,326,365,432,130,682,"18,065",0
764,108,843,482,455,316,274,"17,070",0
"1,380",14,341,186,311,77,183,997,0
212,146,494,144,535,180,-91,"20,088",0
"3,522",3,975,281,523,620,"1,055","21,016",0
494,102,313,177,494,185,721,"27,301",0
20,170,251,-14,476,402,608,"32,699",0
"1,388",250,849,406,855,766,880,"48,216",0
346,58,415,125,396,242,357,"29,139",0
998,100,497,320,605,240,170,"7,178",0
826,-37,609,353,370,358,-50,"22,427",0
15,72,387,"1,608","2,209",488,637,"15,742",0
506,52,380,294,454,96,239,"13,470",0
625,150,"1,290",530,725,308,736,"23,026",0
827,28,"2,109",85,"1,039",497,"1,006","24,970",0
"1,983",137,836,198,615,292,539,"13,010",0
599,79,664,106,485,304,200,"2,344",0
76,-1,"1,054",734,"1,165",596,"1,303","38,289",0
148,29,254,220,793,189,361,"7,146",0
408,56,"1,329",304,432,224,"1,667","41,888",0
599,48,432,157,472,129,208,827,0
189,18,671,364,773,134,335,"10,348",0
4,81,248,464,238,759,151,"10,423",0
15,85,447,632,"1,093",666,775,"34,584",0
112,86,"1,036",71,692,466,624,"13,974",0
"1,306",55,747,275,618,472,266,"5,890",1
559,82,"1,497","2,053","2,113",476,"2,769","56,971",0
"2,472",112,642,148,371,71,202,738,0
960,223,"1,099",187,894,434,"2,164","37,742",0
"1,892",116,"1,228",507,990,531,176,"26,716",0
"1,311",69,488,68,506,269,151,"2,962",0
394,41,583,190,641,195,469,"20,225",0
312,-10,247,352,510,174,326,"35,779",0
942,104,772,-28,318,304,85,479,0
17,101,530,101,550,210,-165,"30,006",0
"1,512",32,760,100,702,409,285,"2,276",0
509,212,999,"1,044","1,097","1,107",326,"13,243",0
484,120,395,165,422,237,886,"34,706",0
643,104,695,426,420,235,514,"19,159",0
"2,780",91,623,239,405,411,605,"18,239",0
"1,037",221,364,528,183,90,506,904,0
274,87,"1,169",165,583,79,443,"13,572",0
-23,23,446,239,481,250,614,"21,626",0
556,218,"1,992",96,643,417,627,"33,841",0
33,-11,161,289,609,191,439,"24,605",0
405,184,254,"1,093","1,320",828,"1,122","40,482",0
27,-36,880,414,"1,441",69,454,"9,776",0
136,125,418,163,662,119,58,"15,215",0
181,66,420,190,472,33,413,"7,606",0
260,23,230,41,244,85,395,"7,990",0
547,30,260,442,612,273,497,"44,801",0
"1,407",24,484,64,340,119,265,"7,112",0
394,82,"1,083",488,645,329,697,"28,309",0
382,92,385,17,297,107,312,"19,114",0
990,177,309,342,557,674,366,"17,078",0
245,24,505,180,637,126,693,"22,112",0
617,103,433,45,209,57,92,258,0
"2,633","1,241","1,200",128,431,"10,897",240,"16,524",0
349,69,370,137,339,52,686,"22,339",0
932,177,477,77,383,381,246,"12,854",0
673,113,358,"1,218","1,272",853,504,"26,614",0
"1,619",348,779,502,967,"2,006",624,"15,358",0
"1,890",192,716,278,681,538,220,"8,296",1
497,122,308,255,325,257,166,"2,143",0
474,104,488,188,427,356,411,"12,314",0
590,107,245,"1,699","2,019",453,495,"44,128",0
525,96,408,"1,083","1,626",317,769,"33,256",0
372,160,508,260,333,844,735,"23,564",0
"2,263",-2,"1,488",225,249,235,133,266,0
303,85,334,70,563,179,586,"24,273",0
716,79,396,744,615,329,9,"26,114",0
"3,086",109,"1,069",87,705,445,330,606,0
57,60,194,100,246,79,185,"14,287",0
264,12,386,117,659,191,"1,230","41,429",0
"1,201",52,702,266,418,260,417,"19,823",0
343,118,529,161,536,169,591,"18,161",0
472,1,324,36,432,67,389,"15,885",0
926,62,401,58,361,317,82,"2,422",0
"2,850",56,787,801,"1,326",735,249,"3,735",1
"1,631",22,591,264,448,164,166,"4,079",0
"1,914",49,628,118,373,187,137,801,0
728,132,688,329,739,583,"1,339","35,401",0
981,2,601,170,455,321,245,"12,778",0
"1,233",68,364,205,420,131,108,"2,879",0
"1,547",6,632,-12,410,-15,212,432,0
422,74,224,-3,378,146,"1,244","45,004",0
684,58,404,43,502,49,188,"13,870",0
-101,157,441,-24,352,228,798,"38,526",0
"2,172",123,398,215,394,26,118,617,0
"1,251",32,228,85,137,69,89,386,0
"2,429",158,"1,780",382,"1,171",825,150,"15,668",0
"1,741",30,447,46,365,274,188,"4,367",0
"1,061",232,523,425,452,771,323,"30,440",0
253,233,239,"1,087","1,107",822,691,"46,297",0
566,73,460,414,778,421,732,"48,525",0
"1,335",155,839,562,"1,731",895,381,"16,916",0
-18,155,433,193,"1,069",278,805,"30,804",0
29,-1,676,611,887,618,423,"19,130",0
"2,088",14,553,135,478,253,394,"19,687",0
153,94,283,"1,340","1,142",318,304,"12,728",0
"1,141",73,330,162,285,96,146,356,0
526,28,733,443,787,141,814,"26,606",0
535,117,891,173,873,553,84,"9,812",0
591,140,912,383,962,185,809,"19,122",0
"1,314",171,630,203,454,198,315,"2,684",1
"1,827",75,774,181,839,364,253,"1,320",0
113,108,963,102,460,134,310,"13,786",0
"2,112",108,308,150,401,277,176,422,0
411,56,"1,311",197,470,271,94,"4,905",0
151,136,"1,064",405,"1,205",410,969,"32,773",0
"2,155",143,977,329,"1,007",239,523,"13,189",1
356,30,539,395,719,133,626,"17,035",0
184,0,592,172,189,119,183,"3,941",0
41,23,261,188,372,163,347,"14,545",0
140,63,500,275,203,139,177,"4,193",0
"1,038",154,845,86,586,390,251,"15,535",0
"1,524",145,529,93,243,287,129,"2,004",0
"1,072",139,"1,591",215,"1,461",178,695,"1,933",0
"1,566",102,"1,188",118,525,57,187,"1,666",0
88,147,545,75,572,79,541,"3,994",0
131,80,501,542,739,253,321,"6,423",0
104,58,461,70,526,-1,189,629,0
420,6,462,524,"1,217",220,92,"3,816",0
"1,052",154,867,145,582,445,540,"19,900",0
56,12,206,82,190,104,363,"5,289",0
391,161,562,323,542,381,613,"21,199",0
253,-9,734,175,417,245,381,"8,128",0
237,-18,244,871,"1,698",312,"1,361","30,646",0
761,53,483,101,460,243,113,"2,379",0
755,43,347,136,232,99,378,"10,818",0
"1,700",135,227,821,953,829,73,"3,185",0
269,79,453,350,990,250,526,"24,088",0
"1,018",96,493,471,"1,177",550,593,"16,747",0
"1,084",71,328,14,316,256,441,"9,937",0
"1,317",132,365,130,390,195,152,"2,837",0