CD41_APCH7,ANXA1_APC,Zombie_violet,PVR_PECy7,CD51_FITC,VEGFR1_594,CD168_700,Colony
-53,-89,21,626,138,93,"3,061",0
372,212,69,929,197,44,604,0
984,407,164,312,790,253,279,0
"5,036","1,246",153,"1,121",914,266,"3,167",0
"1,380",-32,115,989,370,42,653,0
254,290,97,"1,461",247,88,830,0
"1,905",439,99,774,442,142,"1,547",0
"1,309",843,205,"1,249",526,285,"1,543",0
-26,636,111,"1,107",157,188,"1,255",0
806,530,100,"1,884",288,169,"1,553",0
748,462,151,168,413,459,773,0
"1,643",256,103,"1,098",706,209,"3,618",0
"1,703","1,244",61,"1,090",567,194,"1,723",0
"4,995",663,207,254,768,199,"1,374",0
"3,107","1,210",81,899,816,105,"2,552",0
"2,315",847,140,"1,364",782,348,"1,048",0
"3,637",-58,52,"1,138",407,130,896,0
"2,029",30,83,735,509,162,"1,557",0
"5,146","2,156",139,575,911,305,948,0
538,798,77,890,197,31,544,0
"2,170",830,98,"1,374",487,177,"2,366",0
"2,919",776,-60,908,836,-104,959,0
751,212,65,85,181,144,445,0
750,698,70,771,246,146,987,0
"6,498","2,946",89,"1,001",774,545,"4,268",0
"2,307",535,68,"1,029",267,352,877,0
"1,824",546,82,"1,109",325,110,"1,486",0
662,286,86,343,245,180,"1,180",0
"1,346","1,099",97,753,445,373,"2,017",0
799,136,34,972,129,120,402,0
"5,626","1,341",301,824,914,602,"3,367",0
898,-368,21,886,181,15,272,0
323,729,59,172,207,387,439,0
"8,963","1,162",136,919,701,269,"1,769",0
645,64,116,"1,032",331,111,"2,175",0
"1,538",496,-56,520,315,151,751,0
341,182,47,144,190,253,622,0
"4,169","1,167",144,718,543,404,"1,259",0
"2,315",969,122,398,725,161,"1,136",0
971,"1,248",161,"1,304",503,341,"6,356",0
"3,393","1,491",188,"2,125",494,385,"1,407",0
"5,962",667,132,735,523,280,"2,380",0
"11,399",766,110,191,"1,091",140,"1,075",0
"2,677","2,550",243,62,698,714,"2,396",0
534,-93,79,"1,554",213,123,431,0
607,"1,263",190,953,553,534,"3,212",0
905,162,44,"1,718",204,122,857,0
"8,065","1,611",250,"3,001","1,032",728,"7,078",0
290,128,66,"1,098",199,121,912,0
"3,369",579,172,379,589,395,"1,715",0
"1,273",485,108,"1,845",313,123,"2,111",0
"2,582","1,441",138,826,470,338,"1,786",0
"4,685",-85,28,413,434,95,528,0
"1,234",291,89,427,279,121,897,0
"2,436",282,66,685,495,168,548,0
726,"1,354",146,"1,840",408,358,"1,274",0
"4,895",789,66,"1,919",356,258,"1,258",0
"8,256","1,367",141,"1,016",665,292,"1,987",0
"2,839",155,96,501,645,61,347,0
"3,082","1,505",82,944,624,318,"3,265",0
"2,675",270,125,"1,235",611,149,"1,821",0
"1,338",252,43,-50,167,92,368,0
871,222,79,"1,244",231,208,"3,269",0
"1,661",346,115,395,601,212,871,0
617,628,107,"1,888",426,255,"3,037",0
"1,893",180,62,611,255,112,515,0
"2,650",-31,92,679,555,69,"1,226",0
"1,195",82,141,"1,341",445,187,539,0
"12,700","1,810",183,"2,098","1,148",356,"3,726",0
"2,192",340,128,856,751,201,"1,035",0
135,"1,542",158,"2,274",399,398,"1,695",0
"4,016","2,587",142,611,"1,244",255,"1,628",0
419,28,71,"1,152",241,189,-69,0
868,261,34,338,147,86,106,0
667,646,201,325,231,"1,416","29,003",0
622,120,53,"1,324",343,42,13,0
897,858,108,472,208,212,"1,316",0
"30,649","5,090",215,-17,810,229,"1,007",0
242,235,82,"1,145",251,198,91,0
92,965,-13,645,431,275,240,0
937,-69,55,513,150,48,900,0
"2,177","1,240",190,930,637,395,"2,023",0
729,"1,361",157,"1,558",538,306,"1,763",0
"3,830",430,94,"1,328",855,241,"1,812",0
535,322,114,"1,380",311,316,818,0
"1,678",-111,92,"1,220",596,32,445,0
"1,383",126,76,707,248,97,"1,087",0
338,-75,59,640,128,131,537,0
"1,665","1,840",244,556,474,603,"1,419",0
-98,-42,42,240,111,220,363,0
"1,241",-2,52,806,245,90,843,0
"4,280","1,035",86,662,555,111,"2,014",0
"2,731",597,70,525,551,114,-21,0
722,183,94,"1,262",598,59,454,0
173,864,91,"1,201",206,201,"1,375",0
994,"1,170",74,"1,838",275,242,"1,551",0
"3,612",469,81,398,740,63,"1,250",0
"5,569","1,147",77,321,589,115,608,0
"3,767","2,560",102,164,556,207,649,0
"1,703",329,151,426,592,303,-269,0
"2,940","1,701",152,833,654,505,"1,690",0
"3,656","1,757",93,538,405,615,"1,729",0
474,"1,177",60,"1,248",167,-14,487,0
"1,335",706,105,"1,443",423,192,721,0
970,-2,65,"1,688",526,12,"1,623",0
319,638,89,413,186,317,528,0
"1,374","1,335",233,"2,510",956,475,"3,653",0
"2,201",477,122,543,368,104,"1,184",0
331,879,24,193,269,188,36,0
"4,024",853,115,858,813,277,"3,128",0
241,881,61,"1,149",210,175,"1,361",0
"5,641","1,605",120,"2,425","1,012",341,"4,731",0
"2,255",411,205,247,471,498,-24,0
"4,170","1,936",111,721,725,414,"1,879",0
"4,031",941,82,884,975,330,"2,813",0
828,449,77,"1,378",201,231,463,0
102,670,96,659,202,237,"1,029",0
"1,103",907,218,813,505,547,"1,339",0
"1,049",274,54,954,192,144,"1,538",0
969,-117,64,591,324,154,217,0
"43,520","2,815",341,154,"1,016","1,208","19,056",0
"1,040",494,62,"1,099",316,145,"1,090",0
"1,614",366,101,527,296,337,"1,390",0
371,260,63,"1,497",206,197,"2,276",0
6,339,42,312,95,243,380,0
"5,592",397,183,74,478,390,"1,124",0
"2,735",135,45,"1,391",623,82,630,0
"4,571","1,902",145,"1,655",537,248,"2,704",0
808,"1,250",219,"1,498",481,386,"1,391",0
"1,329",990,114,"1,161",338,265,"2,296",0
"5,664","1,450",221,817,"1,297",444,"1,920",0
524,-26,43,"1,213",154,5,618,0
540,448,47,737,145,96,371,0
992,193,61,654,182,83,-124,0
"3,426",852,103,687,991,190,"2,199",0
"1,013","1,330",128,515,458,318,"2,537",0
988,"1,089",69,"1,931",320,241,"2,292",0
"2,823","1,332",157,747,672,337,"1,596",0
"4,730","2,035",-8,"1,059",607,246,"2,500",0
753,946,146,"1,882",288,299,441,0
"2,549",50,65,699,396,118,"1,340",0
866,121,68,"2,146",208,63,"1,719",0
-20,638,41,68,133,261,675,0
422,"1,667",83,444,258,303,975,0
372,-138,77,335,231,44,238,0
486,378,64,395,309,214,"1,369",0
"3,579",763,229,397,492,452,473,0
"5,141",407,35,563,627,67,"1,055",0
"1,176",239,67,263,246,220,487,0
"4,668",927,157,715,865,739,"1,083",0
"3,181","1,319",106,628,667,481,"1,954",0
"1,510",98,47,897,282,92,355,0
531,180,239,506,554,362,941,0
"1,824",-171,141,839,457,218,"1,772",0
"3,319",800,96,"1,059",620,288,"3,153",0
"9,212","1,281",148,"1,497",977,289,"4,305",0
258,-24,111,"1,927",207,86,828,0
"4,441",813,101,446,785,254,"1,881",0
-69,98,20,"1,232",267,"1,506","9,621",0
978,237,67,508,215,94,-323,0
822,946,126,"1,603",351,358,"1,544",0
"5,777",752,124,234,466,284,"2,804",0
548,401,134,651,282,172,215,0
"5,883","1,782",138,818,677,406,"2,478",0
"1,396",925,152,"1,054",694,342,858,0
"2,908",450,180,"1,922","1,599",246,295,0
"2,029",379,81,613,264,90,421,0
481,900,85,"1,296",214,448,707,0
511,155,68,"1,012",320,195,783,0
"2,865","1,347",150,"1,951",583,375,"2,146",0
866,-120,65,"1,325",188,43,808,0
"5,028",199,106,850,"1,945",185,"2,124",0
519,"1,249",63,"1,965",136,49,997,0
"1,427",215,118,"1,454",323,215,825,0
"2,260",164,34,469,369,28,480,0
"6,126",607,156,106,784,197,980,0
"2,603","1,147",206,"1,230",677,220,"1,389",0
"4,182",440,23,533,326,142,867,0
219,382,70,429,276,313,17,0
955,675,95,"1,698",391,323,"1,477",0
"1,975",862,178,971,620,423,589,0
"4,345",836,142,"2,215",483,218,"2,081",0
567,"1,588",106,"1,862",551,386,922,0
"2,031","1,666",115,593,"1,599",456,"1,462",0
"2,085",-111,72,741,475,-41,-138,0
"2,477",555,233,688,707,257,-134,0
"4,938",734,322,218,709,284,841,0
"2,036",286,90,675,589,197,"1,266",0
958,798,77,811,227,176,883,0
397,"1,015",84,"1,068",249,195,991,0
"6,839","2,139",178,521,862,912,"6,250",0
"1,404",527,239,707,437,220,998,0
"1,718",117,110,814,454,155,"1,265",0
"4,250",697,98,289,644,217,346,0
"16,743","2,352",78,"1,953",685,386,"1,892",0
"2,789",311,52,"1,310",460,94,"1,118",0
"1,035",31,58,898,154,133,306,0
"1,004","1,905",84,690,529,325,"1,700",0
"1,307",46,58,655,226,216,123,0
"1,843",466,78,"1,156",260,181,"1,278",0
276,-61,119,"1,698",278,167,304,0
36,619,38,604,185,185,"1,306",0
"2,817",91,107,649,477,127,289,0
"1,024",282,181,444,386,71,"1,075",0
-62,470,49,381,131,135,"1,019",0
667,114,143,319,248,162,-141,0
"1,701",522,60,"1,048",547,144,771,0
"1,579",889,86,"1,405",264,168,"1,111",0
-12,31,38,993,100,110,471,0
223,991,83,"1,290",795,358,"2,717",0
"4,417","1,610",195,521,805,355,"1,199",0
145,-304,158,943,387,172,278,0
874,128,98,"1,427",361,190,793,0
"2,900",393,56,"1,496",395,187,"1,738",0
661,690,93,809,241,145,"2,047",0
30,295,28,198,69,200,-96,0
445,27,50,"1,465",158,93,"1,578",0
297,-108,36,"1,027",204,40,978,0
"1,597",526,90,821,326,138,977,0
"1,055",207,152,709,366,340,"1,512",0
"1,283",222,248,958,495,421,"1,191",0
397,957,61,881,165,243,"1,266",0
"5,090","1,217",147,"1,153",930,401,"1,634",0
"15,568","1,508",125,"3,113",860,454,"2,500",0
"5,603",233,129,388,534,240,581,0
"1,483",126,54,727,400,-52,226,0
462,"2,126",195,"1,194",585,349,"2,416",0
"7,090",-186,65,389,805,51,"1,461",0
"3,298","1,284",176,451,511,455,981,0
239,256,47,779,161,45,290,0
"2,419",23,56,906,681,105,508,0
486,170,99,638,385,125,-38,0
871,445,91,722,269,139,432,0
"2,708","2,487",127,"1,360","1,417",399,"1,598",0
"1,650","1,459",146,950,502,284,"4,092",0
849,-40,30,"1,125",197,8,264,0
"3,300",127,105,224,602,166,"1,011",0
-233,161,148,"1,816",286,162,"2,350",0
"2,158",742,89,876,384,153,"1,305",0
"3,487",323,172,413,490,273,294,0
"1,296",237,66,432,213,199,389,0
"1,351",284,102,218,265,123,"4,086",0
"2,212","1,312",307,196,611,698,"1,216",0
176,326,53,178,146,229,"1,714",0
999,-192,68,649,251,97,392,0
"3,246","1,440",72,543,991,305,"2,132",0
797,"1,159",89,895,483,319,"1,708",0
632,-52,45,769,309,29,"1,060",0
758,"1,024",79,"2,185",465,260,"1,637",0
"6,125","1,978",93,405,344,389,"1,443",0
720,916,67,532,172,263,"1,258",0
"1,647",36,50,438,431,131,"1,276",0
"1,407",784,65,"1,094",532,240,"2,008",0
"2,517","1,321",128,585,347,326,"1,799",0
"3,230",831,140,601,747,268,"2,135",0
"3,770",100,75,865,328,183,"1,190",0
"6,427","1,985",275,"1,061","1,214",449,"2,967",0
"1,331",686,87,106,276,289,435,0
821,509,81,"1,002",205,215,-5,0
"1,755","1,605",156,"1,206",857,285,"1,836",0
"4,102","1,367",152,537,"1,250",291,"2,204",0
669,606,104,398,573,180,625,0
"1,701",19,262,663,508,255,378,0
369,"1,091",77,957,316,196,"1,281",0
994,461,102,"1,977",358,108,540,0
"3,333",89,71,340,410,176,794,0
"3,418",-18,57,"1,117",239,101,"1,319",0
"7,564",363,120,417,"1,037",99,"1,161",0
"1,824","1,488",123,"1,353",783,292,"1,616",0
896,401,70,"1,340",211,171,"1,447",0
413,598,140,998,322,162,"1,238",0
"1,230",690,86,212,412,256,593,0
-315,26,176,817,63,895,"10,907",0
506,518,16,255,302,133,99,0
"1,192",371,41,44,337,227,978,0
"4,020","1,036",94,681,564,235,"1,538",0
480,989,97,414,226,251,722,0
"1,316","1,124",80,"1,944",309,146,"1,648",0
"1,810",545,82,"1,151",291,150,"1,984",0
529,900,41,588,237,187,838,0
"1,480","1,028",55,"1,382",279,192,472,0
"1,822",658,72,961,574,136,"1,463",0
"8,651","2,331",338,-102,804,538,"9,298",0
"2,941",287,100,"2,192",637,241,938,0
"5,982",648,160,62,552,280,"3,422",0
700,906,71,640,284,91,300,0
"1,059",388,74,656,298,157,"1,181",0
"1,995","1,520",260,"1,803",895,546,"5,595",0
"1,017","1,213",142,572,416,378,"1,978",0
"1,402",556,22,597,179,257,719,0
56,737,66,188,276,315,929,0
400,543,54,"1,716",139,211,976,0
"3,145",688,247,"1,196",638,492,"1,032",0
"1,391",663,168,"1,363",330,300,622,0
898,410,43,571,221,196,240,0
537,-75,29,102,109,47,324,0
"13,495",674,111,753,606,215,99,0
"1,488","1,326",92,"1,249",362,229,"1,240",0
"1,338","1,234",157,"1,735",574,291,"3,515",0
"3,692","1,314",61,512,609,188,"1,568",0
466,677,156,"1,133",327,249,"1,242",0
"3,339",409,74,433,831,159,"1,617",0
"1,205",721,67,118,200,173,147,0
"1,013",511,75,338,219,208,"1,107",0
"1,394","2,144",220,"1,618",727,666,"3,676",0
299,781,98,"1,135",290,251,"1,210",0
140,227,92,978,111,178,214,0
"2,646","1,582",64,903,692,398,"2,455",0
466,286,62,"1,600",222,160,"4,711",0
"3,872",623,176,"1,618",969,367,"1,605",0
988,-28,39,751,185,14,123,0
354,570,74,359,155,100,374,0
"1,274",451,200,962,581,354,"1,071",0
594,175,151,753,314,289,575,0
597,552,126,"1,728",707,217,"1,178",0
"1,187",351,93,"1,701",250,99,812,0
-856,"1,404",249,526,159,"1,005","30,894",0
"3,498",544,115,895,803,120,"1,867",0
990,452,91,"1,690",211,160,"1,214",0
334,474,42,"1,214",174,78,175,0
"6,645","1,436",131,"2,042",787,589,"2,586",0
"2,953",759,69,"1,041",350,209,"1,470",0
"2,616",134,222,692,820,295,613,0
942,"1,093",63,"1,674",239,224,"1,739",0
"1,486",265,71,686,315,89,526,0
"4,265",570,53,529,464,151,792,0
583,473,23,640,208,107,"1,453",0
255,661,69,"1,679",249,60,"1,432",0
379,294,147,"1,190",380,229,"1,091",0
917,225,124,"2,090",342,144,805,0
"7,131","1,111",113,651,566,388,"1,592",0
378,-19,54,957,888,48,"1,062",0
"3,819",280,61,443,603,234,"2,974",0
"3,269","1,052",94,774,758,207,"1,391",0
"5,936",830,353,44,706,660,"1,226",0
246,272,40,376,190,231,315,0
"7,986","1,244",238,-45,"1,022",443,"2,965",0
"1,819",443,62,434,397,103,"1,992",0
"3,770","1,109",191,456,472,354,"1,145",0
"4,555","1,026",106,767,"1,172",231,"1,749",0
642,879,69,925,190,166,"1,000",0
650,655,65,417,303,198,621,0
602,"1,322",183,947,532,491,"3,030",0
"-1,786",594,192,911,358,969,"71,883",0
"2,381",772,205,328,488,377,"1,178",0
"2,525","1,239",144,876,551,211,571,0
555,405,181,775,360,298,764,0
351,165,64,609,178,276,179,0
379,"1,198",124,548,462,275,"1,311",0
688,"1,438",321,"1,015",648,460,"4,757",0
883,"1,202",177,"1,291",376,289,"2,332",0
547,363,52,"1,139",223,60,774,0
304,531,115,"1,305",316,216,422,0
"1,639","1,543",296,"1,397","4,960",526,"1,272",0
309,85,83,728,204,149,681,0
"3,784",906,131,"1,483",802,271,"2,105",0
"2,845","1,292",59,"1,035",439,462,"2,074",0
"1,079",113,52,"1,616",319,14,337,0
"2,204",850,239,5,648,160,"2,731",0
"2,124",326,85,592,470,169,985,0
625,320,76,"1,857",256,187,347,0
995,"1,215",114,"1,604",482,380,"1,973",0
303,240,44,982,177,54,-64,0
"5,486",25,65,61,567,99,"2,072",0
"2,460",710,81,"1,774",837,191,"1,617",0
"4,135",75,40,"1,914",478,147,"1,605",0
"1,314",227,51,365,239,183,"1,784",0
"1,340",488,182,315,544,419,587,0
"3,263",444,212,301,554,148,"1,451",0
"1,538",456,190,913,618,212,"2,564",0
"2,954",132,84,882,328,106,"1,265",0
"5,730","1,517",109,280,584,405,"1,371",0
"4,490",347,139,"1,281",594,214,"1,761",0
"5,649",927,126,535,989,245,"1,067",0
"1,045",492,221,577,563,274,"1,438",0
200,182,71,884,190,97,366,0
"1,903",301,68,584,379,117,"1,196",0
"3,125",529,84,617,422,119,"1,593",0
346,224,72,646,198,127,538,0
"2,707","1,075",206,"1,044",643,425,"1,382",0
163,227,82,"1,143",233,140,477,0
"3,892",412,159,"1,698",798,320,"3,254",0
181,319,63,"1,067",182,135,263,0
"3,395",690,196,"1,350",673,304,"10,552",0
315,213,61,"1,881",244,136,253,0
213,19,128,309,200,168,331,0
890,408,91,"1,049",360,144,"1,577",0
710,56,164,802,311,204,"1,196",0
928,60,181,355,447,388,416,0
"2,257","1,356",224,667,423,283,"5,317",0
"4,953",419,182,10,454,300,634,0
"1,865",20,63,702,439,122,332,0
"2,376",323,262,539,455,456,317,0
681,406,102,"1,688",577,164,"1,293",0
140,81,112,"1,424",330,71,382,0
180,20,52,"1,596",112,79,327,0
"1,152",415,162,"1,566",437,206,"2,220",0
-83,352,81,556,155,122,277,0
"12,446",836,133,"1,899","1,173",323,"1,737",0
576,"1,322",49,"1,162",179,92,"1,012",0
"1,682",413,80,619,374,130,"1,700",0
"3,545",272,80,507,422,68,982,0
"9,377",400,227,708,598,258,741,0
"6,429",94,85,"1,498",491,103,648,0
"2,851",176,98,"1,171",434,236,"1,839",0
"2,902",357,57,"1,304",312,182,"1,520",0
"6,539",271,53,653,355,36,562,0
460,196,35,"1,295",232,83,411,0
956,351,51,"1,254",130,37,719,0
312,111,50,648,87,73,569,0
"2,038",249,88,878,698,55,"1,203",0
"1,881",96,81,242,214,123,"1,405",0
"2,593",212,48,"1,382",351,95,"1,575",0
"5,760",484,196,174,655,266,713,0
488,180,114,"1,236",267,170,"1,753",0
"2,651",193,85,550,177,150,761,0
"2,016",351,180,462,442,301,"1,185",0
"3,692",593,79,553,526,225,"2,282",0
"3,202",496,84,697,805,119,996,0
"2,892",190,90,451,304,178,891,0
"4,476",772,129,119,657,269,"1,263",0
"2,050",137,79,935,330,68,615,0
447,147,18,953,142,20,686,0
"4,231",41,126,487,819,139,813,0
"5,037",320,139,"1,018",677,174,847,0
32,233,57,"1,079",149,81,446,0
"6,788",813,165,50,989,326,"3,675",0
"1,464",247,67,"1,663",251,140,"1,410",0
"6,752",765,237,518,870,278,"1,365",0
"6,301",745,112,519,675,335,"1,205",0
"1,002",67,63,565,279,128,852,0
"5,367",557,96,143,966,272,"2,153",0
"1,406",320,118,748,275,381,487,0
"1,644",351,85,378,245,116,404,0
"7,134","2,559",263,813,959,575,"7,534",0
"4,493",851,195,844,748,237,"2,455",0
"1,667",272,110,"1,581",443,124,"1,137",0
"1,341",514,118,"1,781",712,300,897,0
"3,568",584,173,948,831,832,"6,972",0
"2,125",191,33,383,325,174,520,0
"5,598",325,105,673,722,61,811,0
"4,358",425,111,822,"1,105",207,"1,656",0
"3,358",384,106,741,419,153,916,0
244,100,71,780,104,175,345,0
386,103,52,989,182,106,110,0
"7,151","1,108",156,411,765,267,330,0
426,224,73,763,170,74,447,0
"4,480",455,86,756,"1,021",54,624,0
"5,026","1,009",120,822,805,193,"1,576",0
"3,586",145,90,488,516,97,673,0
731,201,68,"1,790",212,126,779,0
"3,777",671,383,87,914,537,"1,505",0
91,242,126,585,284,269,989,0
"1,768",338,90,735,308,365,"2,468",0
328,49,201,819,186,"1,328","9,138",0
808,401,70,709,141,340,"1,164",0
"4,856",403,85,290,339,334,"7,232",0
142,32,87,"1,565",340,47,443,0
"4,272","1,193",187,"1,484",662,284,"1,919",0
"12,196","1,354",286,79,936,"1,376","2,071",0
603,800,134,"1,227",555,241,"1,191",0
"3,509",464,48,515,630,99,870,0
"1,770",582,132,"1,068",344,285,931,0
"1,757",245,214,545,558,277,901,0
"1,035",153,69,248,191,185,449,0
"5,521",851,162,53,547,350,"2,056",0
947,36,86,"1,422",141,72,152,0
160,480,114,765,190,99,878,0
"3,869",693,123,917,377,119,"1,234",0
"1,435",226,97,519,359,138,"1,104",0
125,519,58,"1,172",121,189,307,0
509,741,92,"2,161",323,222,"5,063",0
354,358,72,"1,269",397,42,632,0
"3,874",982,109,"1,350",747,162,"2,428",0
"1,879",806,99,821,418,137,"1,295",0
"6,374",663,317,49,952,350,"3,038",0
583,413,52,"1,046",314,104,"1,565",0
"4,551",643,266,356,895,264,"2,008",0
"1,299",531,120,367,609,135,457,0
"1,705",272,92,892,315,157,"1,963",0
"2,241",106,65,856,706,20,890,0
"1,982",675,292,"1,335","1,683",312,961,0
160,454,143,"1,442",345,199,"1,797",0
"2,885",200,65,923,448,128,"1,784",0
"3,227",423,98,"1,018",472,159,"1,016",0
"1,673",360,113,"1,180",498,141,"2,097",0
797,454,100,"1,624",477,128,"1,235",0
"3,122",485,54,"1,299",458,159,566,0
233,214,77,718,155,170,829,0
"5,841",327,172,"1,645",488,266,656,0
910,292,83,"1,214",239,229,480,0
"2,457",150,127,"1,089",334,108,474,0
801,667,58,718,217,69,"1,232",0
"4,369",317,230,197,582,113,"1,165",0
"4,052",852,29,357,271,72,"1,432",0
"1,524",304,169,"1,088",510,201,764,0
"4,919",220,82,575,684,131,"1,380",0
"1,142",274,73,"1,193",287,110,564,0
"3,255",676,88,923,429,171,"1,031",0
"1,622",2,27,345,294,74,184,0
"2,801",631,92,"1,541",613,92,"1,440",0
709,211,96,"1,854",485,183,827,0
"2,326",306,106,675,509,160,815,0
"1,625",545,47,248,632,126,"1,008",0
814,134,127,"1,510",348,134,"1,454",0
362,266,116,214,271,243,980,0
"1,373",394,83,832,362,123,969,0
"5,763",592,124,598,829,262,"1,677",0
199,-5,54,635,138,160,140,0
19,378,121,"1,181",238,59,863,0
"4,092",961,231,274,740,410,841,0
989,283,253,-17,206,240,296,0
"4,703",555,128,632,594,174,"1,839",0
"2,883",994,316,"1,250",967,299,"1,856",0
133,223,8,"1,037",546,179,448,0
883,193,102,"1,610",878,159,"1,183",0
298,139,76,"1,174",324,40,399,0
391,641,77,"1,124",207,81,942,0
"4,227",699,167,"2,623",739,392,"7,679",0
250,113,61,"1,166",176,120,909,0
"14,130",494,86,54,762,80,345,0
"4,172",209,135,"1,051",421,227,882,0
"1,379",144,65,"1,242",227,84,208,0
713,-18,113,960,422,80,793,0
"2,929","1,230",215,890,848,376,"1,736",0
"1,713",422,84,"1,315",423,163,"1,131",0
"1,775",654,124,820,295,338,733,0
366,564,122,"1,296",363,219,703,0
"1,664",799,132,458,652,201,"1,553",0
511,107,60,"1,028",152,65,793,0
"5,133",784,110,250,556,131,686,0
"5,244",683,260,301,851,232,"2,644",0
"9,328",653,290,195,948,379,"1,482",0
"2,044",215,139,709,484,228,994,0
"2,221",919,206,260,632,256,"1,659",0
501,526,69,935,238,98,473,0
"2,265","2,782",197,"2,358","1,355",271,"4,243",0
"3,136",137,259,358,"1,179",300,468,0
"1,716",166,33,588,312,70,"1,008",0
"1,784",449,147,"1,194",705,198,"1,289",0
432,829,155,540,322,290,956,0
"1,707",235,83,675,267,38,576,0
"2,714",633,117,983,393,186,"2,529",0
"1,195",162,125,"1,235",536,277,771,0
"1,255",262,110,"1,416",366,122,643,0
266,"2,831",28,709,111,"2,182","2,085",0
"5,086",165,115,320,709,84,"1,122",0
"3,284",426,68,482,503,147,"1,430",0
"7,955","1,739",174,-175,883,330,"2,989",0
72,328,57,240,187,310,138,0
710,512,88,"2,071",880,100,512,0
917,373,69,966,253,200,"1,314",0
"5,218",803,202,"2,397","1,142",216,"1,513",0
"1,997",72,117,944,402,151,693,0
176,145,25,251,279,68,348,0
792,-52,43,894,184,161,537,0
17,818,52,382,265,380,935,0
252,274,92,"1,698",165,113,"1,910",0
326,445,100,"1,018",317,203,541,0
"1,053",82,61,635,162,48,322,0
"7,316","1,014",111,498,809,203,"2,011",0
"2,042",90,61,784,131,113,761,0
904,250,71,657,132,147,"1,063",0
-58,-146,-13,"1,096",41,2,91,0
"4,424",824,134,999,653,250,"1,128",0
"2,312",127,75,769,346,107,573,0
"3,746",770,139,120,647,80,"2,591",0
"3,373",-52,141,537,386,199,"1,600",0
989,-58,16,526,109,5,885,0
"4,479",456,79,559,393,109,"1,045",0
927,159,81,"1,285",271,131,"1,783",0
38,320,152,158,403,484,148,0
"5,679",343,138,"1,125",641,181,"1,168",0
528,240,98,"1,673",216,151,849,0
"1,843","1,010",265,255,846,"3,972","46,807",0
247,165,122,770,205,147,"1,280",0
922,278,53,"1,436",323,226,"1,213",0
"2,331",619,46,"1,056",437,68,"1,275",0
"3,770",474,104,37,723,145,898,0
309,256,232,322,577,657,41,0
"1,717",187,-73,"1,820",113,-87,307,0
"1,573",-25,79,278,232,93,603,0
"6,793",730,69,862,396,92,535,0
"1,215",440,40,641,289,175,"1,665",0
"4,992",666,71,"1,552",280,238,647,0
"12,716",463,112,532,342,118,"2,267",0
"1,791",81,81,"1,157",642,45,"1,064",0
"3,880",461,56,718,177,90,315,0
"1,651",383,77,"2,487",445,123,790,0
"5,433",475,149,911,862,119,"1,095",0
205,259,95,"1,454",201,171,983,0
"4,555",378,108,288,709,127,797,0
"7,214","1,810",222,"1,499","1,307",402,"2,085",0
"3,006",265,214,738,348,232,"1,996",0
"6,381","1,977",190,"1,058",958,346,"3,751",0
"5,466",784,171,444,958,254,"2,990",0
"1,201",482,84,"1,133",282,119,916,0
"6,714",897,271,-45,862,330,"1,187",0
913,400,78,"1,300",167,157,"1,000",0
144,-11,59,"1,298",145,123,282,0
168,260,65,344,154,"1,077","6,017",0
"1,860",385,56,"1,217",248,222,687,0
"2,735",173,74,"1,196",277,85,582,0
"6,602",182,72,159,806,94,"2,170",0
"1,040",139,221,377,"2,232",253,345,0
599,374,113,517,263,172,932,0
108,179,50,858,156,104,600,0
250,"1,015",69,179,373,404,523,0
339,557,103,"1,564",263,171,"1,407",0
132,265,60,742,164,153,711,0
"1,461",413,102,"1,028",351,205,927,0
345,626,217,811,293,"1,240","10,368",0
256,170,80,491,217,138,-58,0
844,682,112,"2,631",464,156,"3,266",0
"2,187",328,118,"1,435",673,91,840,0
"1,873",338,85,"2,081",395,172,"1,791",0
"2,818",457,101,630,735,139,"2,389",0
618,622,102,669,231,116,"1,786",0
"1,900",270,45,715,277,-19,739,0
"1,490","6,225",95,698,307,274,"5,937",0
317,351,52,"1,647",257,144,436,0
336,220,37,234,372,227,230,0
"2,485",297,99,453,226,387,476,0
"1,770",184,36,"1,717",193,78,792,0
932,536,64,531,386,167,334,0
"1,326",841,132,336,580,359,"1,100",0
"1,923",98,137,373,533,358,"1,291",0
205,203,93,"1,114",208,138,550,0
"6,053",573,83,234,629,179,"2,658",0
359,181,44,149,138,267,495,0
"8,717",105,63,306,646,44,"1,288",0
"2,907",139,76,-6,288,149,88,0
"1,007",149,118,"1,642",361,98,"1,551",0
-42,298,94,"1,399",119,174,536,0
"3,971",478,185,671,816,247,"2,540",0
314,148,43,"1,115",155,112,179,0
"7,568",7,89,328,601,61,495,0
"5,128",547,65,"1,436","1,608",179,757,0
"1,129",164,55,507,196,154,0,0
"5,371",607,111,500,556,214,"1,193",0
"1,661",-113,20,543,197,34,798,0
"4,014","1,170",354,122,709,419,"2,175",0
"3,335","1,523",130,531,"1,125",162,"2,502",0
"1,587",549,84,"2,338",344,175,"1,092",0
"2,259",431,80,"2,415",372,90,"3,490",0
"4,753",955,132,375,703,227,"2,970",0
895,375,65,639,194,56,"1,719",0
"1,990","1,358",163,"1,608","1,135",270,"2,265",0
"4,894","1,168",153,662,888,244,"2,456",0
417,223,70,768,210,126,787,0
103,568,71,"1,913",245,190,"3,568",0
"1,933",396,101,700,173,44,646,0
"4,565",845,176,919,606,194,730,0
"5,483",999,214,26,715,386,"1,164",0
"2,327",242,70,"1,490",309,31,"1,588",0
"2,679",172,89,273,644,127,937,0
"3,224",244,101,921,462,212,"1,809",0
"1,515",-45,61,967,163,88,"2,259",0
23,175,116,911,182,129,311,0
"4,624",855,126,"1,029",550,175,"1,919",0
410,217,119,415,373,158,230,0
816,434,176,"1,762",447,337,683,0
645,365,113,911,505,188,"1,082",0
101,334,118,"1,645",198,180,"1,256",0
"1,101",278,79,642,153,101,"1,861",0
"2,756",913,18,"1,629",342,133,725,0
778,253,92,"1,773",288,186,"1,684",0
535,646,80,426,265,114,673,0
180,236,101,"1,533",178,122,210,0
519,559,92,"2,354",253,149,"1,890",0
"1,097",689,114,785,260,458,328,0
"2,600","1,197",165,786,707,241,"1,284",0
"2,526",433,70,"1,027",409,144,311,0
"2,313",254,38,968,147,154,892,0
"1,237",333,31,613,201,81,558,0
"1,422",730,151,611,497,409,"1,237",0
141,71,59,"1,593",153,169,"2,319",0
380,541,66,163,122,81,-203,0
"1,664",296,55,"1,802",166,100,"1,856",0
"1,204",180,87,559,302,203,"1,421",0
110,292,80,"1,161",148,84,137,0
"13,430",754,181,78,761,255,"2,931",0
32,397,78,"1,213",148,140,267,0
938,76,54,628,138,131,234,0
"1,345",476,165,"1,113","1,329",249,782,0
"2,716",399,108,872,412,156,"1,061",0
"1,060",672,166,191,407,438,"1,691",0
"4,489",438,96,290,552,175,576,0
"3,713",458,99,886,395,"1,075","19,025",0
617,180,92,733,227,233,"1,250",0
"3,459",380,97,672,283,36,"4,316",0
375,365,93,703,265,97,"1,099",0
"1,052",280,263,"1,457",562,315,670,0
"13,938",355,106,"1,898",850,280,"3,370",0
"3,637",677,69,597,479,101,727,0
-86,120,49,640,343,70,437,0
730,4,47,785,130,91,156,0
"1,246",145,242,-316,132,"1,122","51,058",0
"6,257","1,539",149,717,"1,131",201,"2,214",0
217,171,73,"1,936",168,83,561,0
874,301,183,"1,156",442,198,785,0
740,"1,210",147,"1,666",458,154,"1,683",0
"1,076",125,63,268,234,148,495,0
704,961,257,"2,510",507,370,"1,116",0
"1,965","1,351",109,924,745,182,"2,230",0
117,98,14,"1,034",108,139,6,0
"1,918",317,125,527,761,169,"2,253",0
"1,172",955,190,802,473,642,396,0
"7,358",846,208,221,"1,172",284,"3,332",0
477,139,54,928,174,66,712,0
"2,126",188,74,"1,035",351,94,"1,640",0
526,102,44,"1,493",110,140,"1,030",0
"1,021",201,64,"1,988",234,76,"1,558",0
618,675,106,"1,041",246,128,"1,623",0
756,370,228,"1,216",614,363,"2,028",0
452,385,84,"1,017",320,167,"1,422",0
915,443,51,676,272,68,852,0
"1,721",124,109,"1,070",320,153,463,0
148,127,38,689,162,46,-47,0
"5,553",630,112,565,718,210,"1,428",0
276,150,57,"1,037",120,85,608,0
"8,220",348,118,732,"1,178",236,"1,123",0
226,315,63,"1,511",228,185,256,0
"-1,141",455,65,"1,274",121,"2,933","37,452",0
"1,286",814,154,466,466,389,762,0
67,95,101,"1,392",217,142,72,0
"1,003",200,111,"1,046",459,142,"2,362",0
"1,830",242,34,"1,284",512,118,103,0
"3,583","1,316",294,176,632,591,"4,036",0
"5,172",691,204,524,"1,135",238,"2,242",0
"4,986",215,62,218,307,76,433,0
267,109,51,866,107,110,227,0
38,64,24,127,693,60,198,0
"3,657","1,460",198,864,658,175,"2,416",0
545,80,148,878,511,182,692,0
"2,209",553,27,854,165,7,810,0
"1,502",434,48,581,281,129,-38,0
"1,788",243,44,924,334,106,"4,340",0
557,224,81,"2,347",344,94,"1,035",0
483,608,85,"2,029",239,177,"2,169",0
"4,420",566,122,588,594,151,"1,034",0
"1,688",41,117,"1,855",306,171,636,0
547,235,117,"1,938",427,213,768,0
"1,821",407,55,805,189,201,"1,149",0
310,713,208,889,329,310,"6,823",0
"5,201",192,115,"1,018",840,110,"1,191",0
147,273,36,"2,237",189,78,718,0
"1,655",429,86,"1,191",373,120,"2,176",0
529,205,38,359,194,171,297,0
"1,141",168,65,"1,013",334,53,623,0
369,309,72,"1,963",161,18,877,0
"4,206","1,448",286,961,718,388,"2,449",0
"3,405",976,236,610,925,373,"1,596",0
"4,369",729,143,517,555,238,"1,333",0
229,134,68,565,100,101,282,0
163,714,71,680,180,238,385,0
301,259,126,368,435,325,371,0
"4,714",516,69,"1,052",508,216,"1,798",0
"4,403",986,82,526,814,142,686,0
"6,992",670,175,652,937,285,"2,246",0
918,477,118,"1,118",387,231,"1,041",0
"3,218","1,273",308,924,776,647,"3,418",0
"2,184",-107,62,660,544,77,642,0
589,138,31,733,424,84,977,0
"1,471",151,40,716,338,-9,406,0
587,305,102,"1,050",199,112,828,0
746,465,167,"2,522",348,233,"1,177",0
"3,874",341,22,"1,132",282,86,"1,010",0
843,464,91,441,312,211,919,0
"2,156",395,99,987,433,201,"1,403",0
"4,087",366,123,518,627,63,"2,888",0
"3,194",500,101,521,398,138,539,0
"4,985",537,144,210,569,156,496,0
827,258,71,"2,617",612,127,337,0
527,112,47,84,159,121,30,0
294,338,72,569,331,144,990,0
425,174,68,780,133,114,416,0
590,287,77,"1,397",253,106,"1,453",0
"3,034","1,685",290,"1,467",811,863,"1,795",0
881,181,89,567,246,191,415,0
"5,366",541,74,293,812,214,"1,510",0
480,408,58,974,224,76,583,0
408,162,103,913,514,157,"2,306",0
"4,678",769,155,"1,565",940,126,"1,817",0
"1,635",564,233,"1,017",427,322,"4,354",0
"2,636",171,117,"1,102",338,128,"1,394",0
9,87,26,117,83,136,82,0
138,191,41,171,199,173,349,0
82,201,43,"1,114",83,112,"3,258",0
"5,469",279,145,464,978,165,794,0
-140,396,115,"1,565",149,116,"1,195",0
"1,243","2,906",162,977,444,406,"6,850",0
"1,753",754,99,601,267,250,"1,237",0
"6,102","1,544",50,216,514,"4,380","77,736",0
949,241,130,476,412,182,490,0
"1,135",406,149,798,396,341,378,0
"2,353",400,122,"1,000",877,185,"2,392",0
"1,385",201,154,881,431,131,996,0
234,319,74,525,271,142,261,0
859,301,80,851,232,97,749,0
"6,324",405,140,"1,531",482,174,"1,768",0
"2,664",127,41,"2,780",467,67,"2,505",0
596,438,103,"1,661",475,81,"1,510",0
404,-54,54,779,163,95,165,0
"1,180",199,60,"1,034",312,6,955,0
"5,396",824,201,626,730,256,"2,899",0
"1,407",162,171,170,981,145,501,0
"5,172",210,117,952,282,131,"1,168",0
625,361,42,736,198,101,294,0
"4,046",193,107,964,263,111,"1,276",0
"5,513",304,203,447,582,213,398,0
293,-55,57,815,155,70,416,0
"2,960",431,84,754,501,166,"1,343",0
63,337,31,188,169,231,355,0
267,397,105,"1,541",294,378,"1,201",0
"1,050",313,104,"1,234",607,219,465,0
678,486,42,289,238,160,720,0
"2,757",643,116,629,511,160,"2,848",0
6,48,61,914,206,85,391,0
776,251,103,844,458,196,"1,743",0
"2,775",722,138,"1,489",368,232,"1,355",0
268,188,81,"1,777",174,125,849,0
"5,528",342,159,582,917,120,"3,420",0
"8,617",181,71,863,764,109,665,0
"1,272",499,89,746,340,139,"1,325",0
"2,136","1,278",178,"1,319",858,292,"3,113",0
949,-226,-10,50,81,114,235,0
147,587,77,934,156,112,40,0
"6,854",615,168,978,"1,176",248,"2,229",0
"4,376",348,166,771,"1,018",200,"1,793",0
"13,960",291,166,566,533,171,"1,424",0
593,73,69,"1,104",103,102,296,0
291,132,68,812,257,67,549,0
"1,640",860,257,516,619,472,"1,048",0
"3,309",485,89,82,316,295,498,0
85,0,54,"1,148",98,88,351,0
654,640,128,"1,951",407,185,"1,244",0
"1,438","1,397",124,527,695,429,"2,583",0
"3,144",161,96,941,720,131,608,0
"1,663",217,69,876,326,56,"3,267",0
"2,566",552,66,"1,291",478,103,"1,366",0
235,193,41,"1,040",119,131,83,0
"2,774",-4,37,837,412,44,788,0
378,-83,85,818,282,138,"5,853",0
"1,153",68,58,996,322,134,307,0
658,262,55,938,159,103,524,0
-689,540,205,321,250,"1,608","19,888",0
562,354,78,579,198,121,354,0
274,451,59,"1,264",110,60,519,0
"1,262",443,121,478,391,391,940,0
451,193,49,"1,035",169,69,777,0
"1,372",270,79,"1,325",182,56,927,0
"1,277",173,104,698,508,180,"3,882",0
816,206,185,"1,506",441,224,"1,364",0
192,40,61,"1,090",136,89,242,0
960,449,64,"1,266",480,109,"2,121",0
"1,085",263,110,400,404,301,340,0
"13,865",274,89,268,624,148,871,0
"1,193",131,83,"1,392",196,80,545,0
967,364,137,"1,110",668,170,900,0
"1,625",192,121,"1,022",402,142,"2,620",0
"1,057",619,208,92,455,393,"1,231",0
420,494,186,172,376,445,496,0
352,136,46,997,160,199,484,0
"1,159",803,92,939,413,207,532,0
"8,941",230,65,-180,264,109,"2,034",0
"1,497",540,125,"2,287",402,186,"1,227",0
"3,644",560,182,877,"1,025",270,"3,522",0
747,31,151,"1,743",505,140,688,0
710,197,69,"1,217",355,28,410,0
-61,-55,47,"1,121",87,18,784,0
"2,947",91,127,"2,133",713,272,"2,224",0
568,78,82,790,302,79,953,0
"2,263",319,50,"1,273",525,48,736,0
655,304,57,"1,177",172,63,437,0
"2,735","1,210",26,-31,"1,071",139,"1,477",0
"1,050",-42,49,944,315,103,264,0
"1,565",191,119,"1,688",447,148,864,0
538,160,91,"1,178",196,179,553,0
"1,253","1,102",126,989,264,973,"2,852",0
856,263,191,"1,034",399,259,"2,132",0
"11,712",383,137,541,957,224,"1,194",0
876,"1,710",168,814,452,327,"2,874",0
"1,776",150,75,958,285,126,"1,137",0
318,128,95,"2,085",185,120,458,0
"4,012","1,307",196,902,555,266,"8,431",0
640,159,41,427,222,45,319,0
937,451,135,"2,369",491,258,"2,866",0
"4,501",622,142,310,629,175,"2,153",0
645,31,70,"1,056",159,65,219,0
"4,739",538,64,835,531,101,"1,392",0
495,111,44,"1,135",295,114,616,0
"6,719",463,100,"1,068",866,129,"1,458",0
"5,597","1,499",363,"1,407","1,555",519,"10,408",0
"1,586",95,57,"1,371",300,59,"1,162",0
670,255,74,"1,078",241,103,921,0
82,271,51,457,135,130,391,0
"4,049",-29,63,602,564,150,320,0
"1,671",330,102,559,311,51,751,0
"1,817",168,80,649,226,90,326,0
938,592,198,"1,193",941,255,591,0
889,144,50,"1,165",229,38,665,0
52,335,37,253,71,159,95,0
245,369,139,"1,737",267,174,728,0
"8,569",584,331,-79,619,375,"1,062",0
723,198,51,988,290,70,335,0
"5,086",265,87,322,651,198,625,0
"2,042",974,212,167,419,525,"3,177",0
195,39,89,660,149,105,188,0
"2,225",225,105,773,394,57,"1,306",0
339,329,87,343,297,510,454,0
519,494,119,"1,952",295,106,"2,703",0
821,30,47,688,247,167,72,0
83,940,135,"1,950",259,218,"1,413",0
426,427,125,"1,122",252,148,"1,173",0
336,83,39,932,109,54,115,0
"2,722",412,83,785,631,103,709,0
"1,902","1,126",87,425,356,141,"1,073",0
499,337,38,777,259,423,363,0
"3,770",742,128,695,"1,362",178,"1,411",0
"4,595",720,85,518,377,113,"3,526",0
"1,585",470,107,"1,388",905,147,959,0
"5,745","1,191",199,"1,123",722,328,"1,692",0
539,181,65,992,206,27,112,0
94,118,56,183,157,279,329,0
"2,233",839,172,567,826,357,"1,795",0
19,13,53,"1,355",168,86,387,0
878,205,99,"1,582",221,102,351,0
"2,814",656,171,395,370,152,"2,809",0
"1,928",52,60,219,207,142,284,0
312,189,69,"1,397",184,122,902,0
494,59,117,844,243,177,335,0
74,948,41,171,219,180,"1,125",0
266,183,90,867,469,208,482,0
252,117,38,608,121,119,"1,063",0
753,383,85,309,365,45,124,0
"2,117",240,89,508,416,73,674,0
"1,172",212,123,175,372,318,119,0
512,234,42,"1,221",202,106,"1,942",0
"2,630",184,59,"1,205",814,117,934,0
111,137,48,"1,225",104,127,842,0
"6,655",606,181,"1,424","1,040",210,"1,543",0
"5,783",502,48,539,517,83,605,0
"3,500",550,54,912,543,95,"2,349",0
"2,195",958,122,577,385,364,"1,108",0
39,274,210,968,292,554,"23,242",0
"15,817",412,83,272,494,41,564,0
525,35,115,305,228,188,505,0
"2,439",308,125,566,823,121,148,0
302,752,106,820,199,202,199,0
614,302,305,543,514,242,"1,050",0
359,682,113,"2,099",286,137,"1,048",0
"2,218",768,122,"2,942",827,206,"3,118",0
"1,231",57,124,"1,115",417,189,710,0
"1,027",-127,75,374,166,169,379,0
"3,916","1,256",161,426,534,262,"1,683",0
937,498,63,"1,582",246,163,268,0
656,391,91,506,343,150,796,0
"1,282",590,160,"1,358",480,98,"2,021",0
270,"1,203",94,"1,077",256,142,608,0
597,279,83,897,306,171,834,0
67,139,103,"2,950",365,125,633,0
"1,782",735,108,334,193,192,824,0
-342,49,219,631,157,485,"21,018",0
174,385,44,"1,258",245,111,358,0
"4,479",887,119,402,589,109,"1,258",0
"2,675",753,78,"1,676",510,278,"2,641",0
"6,572",475,91,409,597,154,"1,235",0
"3,136","1,924",160,707,912,99,"1,192",0
"1,608",968,78,"1,197",258,94,796,0
"1,593",254,75,"1,742",227,113,"1,103",0
508,124,57,"1,700",244,74,457,0
"1,574",777,94,"1,419",372,174,"4,042",0
486,191,63,"1,097",266,135,636,0
"3,274",63,109,522,442,106,910,0
"3,327",593,136,892,496,182,"1,671",0
"1,597",479,256,649,556,297,"5,636",0
693,-112,96,"1,993",269,57,843,0
"2,332",179,51,228,314,171,288,0
305,133,50,969,147,67,778,0
"5,779",850,156,895,"1,307",180,"1,484",0
859,-177,73,"1,532",329,52,687,0
"1,182",245,61,"1,977",223,125,826,0
"3,108",822,286,444,990,602,"1,147",0
274,184,98,"1,145",215,105,308,0
609,153,82,"1,058",207,103,371,0
567,235,50,915,151,52,567,0
"2,391",537,90,852,707,62,607,0
904,156,68,"1,857",182,62,581,0
549,-71,36,947,259,97,689,0
"3,024",646,159,581,"1,381",127,"1,052",0
387,398,101,"1,192",402,85,544,0
"1,585",267,94,689,562,102,"1,043",0
201,42,28,"1,001",118,51,"1,290",0
"3,710",411,110,434,714,165,"1,890",0
"2,506",249,100,926,299,275,"1,098",0
"1,601",214,64,855,155,109,174,0
"1,241",696,255,"1,394",586,451,"2,598",0
"9,804","1,532",293,0,836,837,"9,363",0
"1,493",277,82,562,294,107,320,0
695,289,125,"1,340",336,231,92,0
267,88,86,"1,188",130,125,693,0
767,261,48,451,117,116,660,0
293,8,63,565,86,77,585,0
-16,283,104,"1,272",417,216,871,0
327,-40,43,949,159,108,"1,641",0
545,308,77,"1,271",275,203,"1,120",0
"7,716",278,49,579,507,96,"2,103",0
"1,632",503,96,"1,946",677,128,557,0
871,368,75,507,124,165,501,0
986,113,120,"1,969",349,96,395,0
"2,751",387,230,231,825,687,"3,828",0
"4,393",472,57,233,706,70,"1,338",0
"2,225",564,94,672,450,143,"2,313",0
"2,097",361,107,"1,091",457,122,"1,598",0
521,338,53,"1,790",230,111,"2,185",0
"2,009",323,48,901,429,12,434,0
"1,834",439,182,455,445,427,249,0
896,309,118,"1,004",312,157,934,0
293,479,116,"1,936",233,298,"2,741",0
"1,211",938,299,"1,706",611,316,"1,265",0
"2,740",574,129,472,558,224,"1,268",0
944,156,59,976,210,69,314,0
"2,010",325,129,995,482,216,820,0
"1,960",499,76,"2,352",485,299,"1,306",0
"1,108",710,139,"1,049",402,309,"2,405",0
521,198,61,"1,040",153,54,271,0
782,721,217,"1,852",582,331,"1,213",0
"1,017",734,115,788,423,177,"1,220",0
959,39,85,"1,387",248,36,551,0
868,403,152,"1,247",280,241,988,0
"1,418",61,24,"1,026",138,56,"1,778",0
471,165,64,840,314,147,835,0
"3,204",418,215,280,511,440,"6,180",0
"1,278",133,45,373,201,97,631,0
"1,552",18,79,645,307,110,831,0
903,406,100,"1,327",670,88,801,0
"1,250",251,95,713,314,248,-54,0
913,-85,60,711,154,123,437,0
238,152,71,968,162,136,"1,642",0
202,-150,76,"1,058",182,156,278,0
818,171,46,"1,324",201,111,"1,129",0
232,52,51,"2,047",72,81,962,0
"4,341",357,75,819,787,105,"1,190",0
"1,358",500,100,978,438,170,"2,317",0
407,48,101,"1,508",347,157,"1,095",0
"4,385",447,25,315,300,115,"1,065",0
"2,521",-131,95,115,63,52,"1,409",0
410,654,149,"1,949",333,299,"1,033",0
"4,951","1,054",164,727,"1,254",158,"1,129",0
831,337,209,"1,318",494,248,"1,040",0
"1,856",46,54,879,136,66,276,0
"2,479",791,207,"1,792",835,248,653,0
"1,543",622,110,"1,320",495,168,"1,810",0
"1,264",592,96,475,257,124,369,0
"1,946",700,259,-24,535,253,336,0
"4,037",680,145,355,700,106,472,0
153,473,59,722,204,195,"1,580",0
"9,727",538,115,"1,288",586,177,685,0
"1,033",-26,132,719,318,252,"1,013",0
"1,686",578,94,"1,169",274,176,"2,358",0
"10,894",344,67,409,607,194,637,0
"3,090",274,105,"1,071",591,116,"1,763",0
"3,690",562,169,476,636,651,"1,433",0
187,231,158,832,359,255,236,0
"1,571",438,150,"1,017",397,188,"2,876",0
"1,994",500,362,312,813,397,727,0
386,477,136,"1,058",515,266,800,0
420,245,27,386,161,237,471,0
"1,532",553,110,"1,113",975,246,"1,227",0
"2,181",553,107,"1,835",493,122,"2,352",0
689,315,65,"1,235",245,84,"1,832",0
705,78,63,"1,007",222,30,521,0
-37,501,169,944,235,233,"1,126",0
343,418,52,894,172,91,593,0
986,572,66,954,236,109,"1,162",0
111,69,70,"1,148",184,54,937,0
"1,281",177,91,620,241,113,"1,079",0
914,557,213,233,535,384,207,0
227,502,98,622,186,176,"4,014",0
"5,179",603,251,798,849,510,"1,307",0
268,555,166,"1,136",361,310,189,0
"3,618",575,185,485,549,221,"1,860",0
"2,609",180,67,879,655,76,765,0
417,225,12,591,70,99,226,0
"1,247",355,52,443,164,72,657,0
"2,732",740,164,385,424,475,"1,295",0
50,144,38,309,144,145,287,0
509,354,98,951,257,163,283,0
"4,197",723,133,886,358,116,"1,910",0
"2,932",567,108,759,766,118,"4,076",0
226,135,58,"1,664",241,108,751,0
612,393,100,"1,584",411,140,"1,494",0
"1,354",271,47,488,227,79,"1,222",0
"1,302",467,9,614,326,152,-39,0
"1,188",119,65,"1,079",259,142,"1,197",0
"7,225",784,98,552,831,120,"1,333",0
"1,223",942,186,620,511,256,"3,665",0
693,55,35,784,216,101,23,0
"2,415",290,175,122,574,278,"1,306",0
669,480,85,812,275,165,633,0
"6,234",579,53,706,492,91,592,0
"3,994",131,167,96,494,350,659,0
449,244,132,"1,390",296,215,"1,194",0
"3,048","1,307",214,580,790,311,"1,659",0
"11,358",343,72,"1,484",833,117,"1,223",0
"3,412",295,164,699,728,216,550,0
275,670,134,"1,137",380,159,759,0
699,204,84,"1,790",302,108,"1,389",0
"1,372",518,98,729,216,120,"1,117",0
"1,081",458,64,"1,407",314,100,872,0
"3,573",226,73,525,733,114,794,0
222,98,31,"1,323",299,85,877,0
"3,305",477,60,611,645,164,"1,029",0
"2,236","1,136",94,"2,068",629,117,"2,380",0
254,167,55,774,200,55,94,0
"14,196","2,206",314,284,"1,097",677,"3,108",0
"5,918",546,177,467,811,177,"3,534",0
"7,311",261,47,374,312,194,174,0
"2,754",281,98,"1,631",283,204,499,0
"3,915",413,87,336,528,104,965,0
"4,493",616,150,402,510,140,"1,166",0
"5,103",553,169,744,"1,755",204,"1,647",0
210,260,64,"1,138",184,68,"1,069",0
"12,977","2,618",146,-173,640,198,480,0
848,188,108,968,323,158,"1,446",0
770,56,123,263,363,177,243,0
287,487,119,619,258,284,"3,004",0
"2,529",618,95,"1,591",522,204,"1,568",0
188,537,75,"2,367",267,118,"1,394",0
"3,744",379,259,298,556,500,"2,572",0
"3,474","1,036",270,462,645,480,"1,873",0
"2,636",683,125,"1,521",430,296,"1,478",0
"2,692",571,98,"1,282",320,178,299,0
987,440,88,"2,003",343,124,921,0
"1,052",502,78,"1,033",217,134,922,0
809,299,143,"1,600",272,146,"1,240",0
460,419,139,"1,248",283,143,928,0
"1,277",818,299,"1,254",641,413,"2,463",0
481,748,42,867,217,35,461,0
609,59,33,218,240,205,400,0
447,-26,46,991,172,72,"1,183",0
"5,935",402,100,826,999,258,"1,304",0
335,766,111,"1,376",283,166,"1,545",0
"2,053","3,252",179,855,347,479,"6,474",0
537,387,68,346,139,100,245,0
440,56,100,"1,061",289,117,"1,103",0
"3,351",321,111,709,716,227,"2,462",0
"1,094",405,42,879,139,37,650,0
"7,745",623,113,"1,795",495,197,"2,336",0
"7,144",584,54,501,304,144,"1,758",0
433,40,67,870,167,120,459,0
479,57,215,743,412,313,571,0
"1,389",719,142,607,532,228,722,0
"1,059",183,65,"1,347",356,104,"1,759",0
"1,940",187,40,853,215,112,838,0
"3,830",348,88,610,335,275,678,0
765,372,89,316,284,194,10,0
355,143,33,93,173,252,220,0
"1,106",274,77,591,236,188,396,0
"3,825",435,254,46,757,209,633,0
"2,826",824,81,228,848,197,"1,490",0
"2,293",210,124,"1,662",661,242,"1,000",0
"3,329",878,113,-40,383,205,"1,233",0
"6,466",280,70,550,575,223,"1,175",0
198,59,92,"1,138",259,196,776,0
"3,794",393,151,119,812,128,352,0
584,58,129,"1,065",391,100,402,0
48,-69,14,835,222,57,182,0
"1,230",119,97,"1,039",259,106,665,0
"3,772",661,205,404,673,236,"1,545",0
934,225,34,"1,361",306,88,"1,909",0
"1,343",533,139,"1,188",862,137,756,0
"2,243",677,61,"1,073",243,171,813,0
409,268,105,"2,090",383,86,950,0
890,345,-1,79,19,516,501,0
469,227,80,"1,777",201,146,475,0
950,517,124,944,290,211,"1,810",0
"1,995",246,109,825,746,209,"2,081",0
"2,747",500,240,551,469,454,"3,737",0
497,71,17,"1,606",200,95,"1,031",0
639,181,41,102,242,240,235,0
"2,727",247,47,233,757,82,"1,477",0
892,449,79,"1,508",541,219,"3,145",0
"3,702",585,81,666,382,255,867,0
"3,477",932,121,215,827,225,"8,403",0
539,433,205,"1,191",545,243,"2,602",0
"1,131",205,76,"1,239",425,127,-13,0
696,495,74,759,386,100,"1,274",0
707,152,99,"1,213",283,187,"1,179",0
439,13,76,860,166,55,922,0
933,325,38,"1,043",327,41,699,0
"5,391","1,196",194,"3,156","1,917",316,"4,439",0
"1,552",466,134,"1,269",485,192,"1,034",0
"2,009",305,81,"1,327",671,350,"2,898",0
383,420,120,"2,990",371,311,883,0
959,211,81,873,283,57,568,0
570,238,88,"1,501",290,150,404,0
"1,175",464,104,958,375,129,571,0
147,145,50,"1,207",155,68,308,0
296,291,120,960,223,201,-106,0
"1,137",626,98,994,212,326,901,0
"4,213",629,112,811,743,109,"1,468",0
"-1,410",593,234,326,156,583,"50,246",0
"4,216",430,124,346,685,227,"1,617",0
"1,577",521,100,"1,258",242,144,"1,965",0
"6,038",771,109,-6,702,661,532,0
612,301,84,902,426,172,490,0
"1,281",305,181,"1,318",497,243,"1,275",0
"1,244",403,104,"1,104",716,87,383,0
"4,078",565,61,463,380,63,382,0
"1,733",583,72,"1,231",256,145,835,0
337,248,91,978,177,90,483,0
"6,458","1,222",164,349,689,203,"1,319",0
"2,247",599,76,667,272,105,"1,167",0
225,201,52,651,142,90,498,0
150,975,94,753,218,260,678,0
157,315,78,"1,264",167,151,"1,956",0
"3,994",378,116,174,535,140,606,0
"5,161","1,732",189,"1,697",833,357,"3,539",0
"3,734",604,176,556,576,232,703,0
484,52,80,706,270,152,908,0
"2,246",597,142,948,440,352,"1,527",0
"1,929",328,114,286,346,298,"1,033",0
"1,247",628,240,"1,999",640,270,"1,988",0
34,182,86,931,160,142,593,0
210,75,86,"1,303",180,120,"1,385",0
"1,016",157,142,"1,077",387,225,862,0
"6,075","1,020",344,18,975,356,"1,228",0
"3,613",486,151,458,494,176,"1,387",0
"1,687",426,85,214,244,160,163,0
"2,602",414,109,469,228,235,"1,566",0
"3,546",390,82,186,353,155,826,0
138,430,76,"1,212",175,122,"2,260",0
472,428,75,937,349,142,436,0
"1,051","1,522",19,"1,195",246,"1,597","1,653",0
"4,366",515,88,40,542,99,"1,142",0
528,154,47,945,221,115,388,0
622,-120,57,666,183,96,279,0
"3,263",101,61,294,383,128,927,0
306,273,40,"1,949",116,60,805,0
"3,017",294,44,605,396,64,"1,231",0
"1,637",175,63,499,235,77,258,0
-12,282,66,967,84,80,520,0
"1,674",152,148,346,436,190,161,0
706,276,119,"1,103",383,107,895,0
655,42,76,865,131,83,546,0
"1,526",42,69,"1,563",332,154,437,0
102,89,49,862,128,141,108,0
"2,046",219,50,773,203,174,724,0
"1,512",540,180,894,464,327,623,0
447,236,160,198,500,725,540,0
978,568,103,"1,091",233,192,929,0
"1,759","1,759",101,"1,479",342,370,"7,907",0
"2,300",849,247,804,404,291,915,0
-116,170,66,"1,637",98,79,644,0
828,162,59,859,224,192,"1,493",0
247,127,66,"1,458",190,130,761,0
"1,572",178,31,815,188,63,34,0
"1,171",471,146,692,301,287,964,0
627,173,211,500,581,180,396,0
784,804,99,"1,072",264,269,"1,151",0
"2,364",644,81,"1,291",459,180,"1,434",0
462,206,175,508,337,204,764,0
"1,194","1,113",93,"1,156",363,202,"1,214",0
"2,338",274,74,747,344,122,"1,896",0
"3,176",371,138,"1,418","1,283",108,"1,257",0
"2,468",907,142,652,421,255,"1,650",0
"1,744",421,94,931,288,202,"1,010",0
810,418,194,"1,525",426,222,"1,785",0
363,94,116,918,273,182,260,0
791,360,91,731,171,191,228,0
"3,741",665,165,722,565,245,"1,685",0
"5,931","1,268",164,168,539,151,"2,357",0
"4,340",406,173,664,502,273,"1,956",0
"1,053",376,81,699,179,124,682,0
"1,592",219,62,866,276,182,412,0
784,2,177,"1,533",480,198,834,0
"4,393",281,112,784,619,178,"1,392",0
"3,901",876,78,571,406,69,737,0
843,111,44,602,182,145,377,0
556,247,91,"1,423",199,212,"1,245",0
"1,124",259,112,"1,007",325,203,"2,124",0
"9,598","1,516",290,-161,513,443,"3,041",0
"1,586",166,72,"1,162",239,134,595,0
728,97,87,962,229,106,495,0
46,494,59,155,165,301,343,0
415,104,89,"1,267",236,146,604,0
"1,107",671,147,737,365,179,"1,624",0
189,308,65,"1,047",147,118,777,0
738,173,63,889,258,139,"1,408",0
"3,478",245,79,"1,043",662,121,640,0
412,123,48,613,114,71,34,0
"1,808",396,131,997,487,237,"2,114",0
"2,355",178,141,470,433,237,"1,606",0
"1,231",463,264,"1,099","3,820",339,"1,409",0
663,282,91,"1,047",296,178,693,0
411,668,102,"1,995",294,225,"1,686",0
509,680,142,"1,618",419,326,593,0
"4,557",383,67,790,523,96,"1,590",0
658,429,99,"1,472",325,148,863,0
"7,615","11,322",283,857,971,403,"10,987",0
337,64,62,856,271,97,"1,303",0
"1,191",492,67,532,741,128,"1,075",0
220,225,142,734,351,180,625,0
842,410,74,593,355,164,338,0
"1,331",246,68,"1,233",245,128,401,0
"1,588",374,158,"1,388",719,190,"3,548",0
"5,502",850,131,336,887,259,"2,950",0
170,70,70,914,130,71,552,0
"1,006",508,68,666,333,83,411,0
275,446,176,"1,381",391,254,985,0
"5,416",240,174,473,"1,133",177,"3,014",0
"4,597",808,101,535,"1,049",171,"1,653",0
296,309,37,"1,072",116,33,182,0
455,358,52,"1,135",282,134,930,0
418,120,79,645,236,118,446,0
"4,630",344,208,57,715,292,437,0
"2,050",299,68,"1,200",805,113,"1,565",0
426,277,35,754,165,106,444,0
810,166,98,"1,343",238,177,"1,025",0
"1,167",86,74,"1,431",185,163,"1,149",0
"2,738",490,66,"1,149",227,196,751,0
"5,262",517,74,148,580,160,384,0
393,190,75,"1,511",128,69,422,0
136,384,97,"1,116",165,124,58,0
"2,725",231,148,585,335,242,935,0
"1,251",108,64,"1,087",312,118,"3,540",0
"1,137",173,93,"1,375",608,110,137,0
"1,165",309,80,672,206,141,-19,0
"1,152",247,56,793,345,101,686,0
"1,664",221,27,993,216,96,988,0
"2,213",691,143,287,627,242,"1,489",0
180,260,99,"1,353",569,140,"1,011",0
403,202,71,992,254,118,750,0
"2,439",883,113,617,457,135,814,0
"9,443",212,95,510,392,116,"1,121",0
695,168,101,"1,452",305,172,"1,139",0
"4,066",447,159,814,759,263,"1,706",0
"1,785",165,186,496,393,238,717,0
"1,571",976,109,314,348,840,763,0
"3,984",587,84,"1,190",722,230,"3,021",0
"5,052",809,164,"1,031","1,079",189,"2,078",0
"3,195",320,95,995,880,215,788,0
856,332,99,350,327,181,486,0
914,202,113,"1,460",274,111,"1,677",0
"1,323",261,63,546,133,144,796,0
"1,656",276,51,"2,123",633,102,"1,903",0
"3,128",494,319,"1,279",888,342,"1,462",0
142,211,69,525,210,221,220,0
"4,443",221,145,172,901,227,"1,348",0
"19,104",717,42,-97,637,69,956,0
"3,766",150,56,841,457,171,753,0
"1,498",719,86,563,206,271,"1,445",0
"1,339",231,93,"1,840",257,167,"1,140",0
"3,308",629,146,230,492,241,583,0
953,249,36,875,236,36,162,0
43,-23,31,516,135,92,230,0
"3,661",408,104,826,576,93,"1,673",0
"3,320",496,77,849,537,114,"1,138",0
199,219,78,"1,599",172,138,696,0
"1,123",201,41,403,179,157,"1,370",0
"1,724",240,73,538,389,17,528,0
"2,323",547,129,"1,468",427,171,"1,476",0
"3,963",674,62,941,650,50,"1,525",0
"4,888",796,54,824,607,78,"2,671",0
"1,766",668,97,"1,687",535,137,"2,678",0
"1,879",301,94,"1,472",205,161,"1,073",0
950,326,90,"1,335",342,266,367,0
374,47,40,799,197,48,"1,067",0
"2,454",411,86,404,317,165,240,0
621,780,118,"2,327",530,280,"1,055",0
969,916,348,695,688,607,"2,213",0
51,272,118,"1,385",149,100,625,0
318,-444,-102,537,-169,-18,276,0
524,239,59,923,156,101,266,0
"1,709",127,205,617,559,314,"3,428",0
"1,879",433,92,"1,251",478,247,647,0
"3,550",975,116,989,329,225,"1,037",0
389,195,58,"1,187",185,102,732,0
"1,025","5,882",-10,"1,405",164,"4,464","3,877",0
"1,294",146,53,638,397,52,670,0
839,234,80,996,297,107,901,0
"5,196",922,152,416,466,255,"1,262",0
455,318,101,"1,491",279,200,842,0
868,617,90,925,289,459,493,0
"3,334",370,169,"1,455",783,128,"2,094",0
"2,749",456,65,363,544,97,"1,112",0
171,232,111,"1,171",227,82,291,0
"14,859",774,50,-648,552,330,"1,537",0
296,398,80,"2,150",593,207,389,0
"5,546",553,366,107,777,489,"1,581",0
"2,642",162,48,"1,799",308,134,"1,841",0
"2,036",323,117,"1,528",306,175,"1,013",0
652,205,81,"1,030",307,107,"1,322",0
"1,228",423,76,"1,240",703,98,905,0
"6,397","1,143",196,"1,016",780,438,"6,442",0
"1,887",323,173,872,595,176,"2,183",0
828,263,177,"1,958",521,214,"1,204",0
"1,664",449,54,495,164,229,279,0
184,244,91,"1,288",205,127,551,0
"1,253",134,172,"1,425",450,186,"1,054",0
"1,527",303,120,393,889,184,917,0
"1,102",756,138,625,"1,447",260,"1,755",0
211,238,62,"1,165",160,68,801,0
218,-16,61,684,95,49,193,0
"1,300",405,101,195,325,278,533,0
96,321,57,"1,544",349,137,"1,423",0
19,245,97,"1,228",169,230,351,0
419,338,66,330,192,179,225,0
562,223,54,261,231,240,348,0
"7,668",505,75,"1,476",784,138,"1,410",0
863,271,45,"1,703",189,227,445,0
480,29,-29,585,130,56,990,0
"3,526","1,221",137,682,488,222,"2,657",0
"1,158",71,109,947,186,129,511,0
"1,692",177,103,984,397,91,492,0
"1,334",164,111,551,344,227,786,0
"1,890",382,52,385,328,248,533,0
912,-56,142,"1,308",421,282,300,0
"3,603",646,128,"1,980",614,171,"2,357",0
344,158,80,"1,277",200,136,825,0
"3,422",448,98,"1,788",745,203,"5,283",0
"1,195",462,41,551,300,41,545,0
"6,561","2,544",213,760,"1,546",400,"5,007",0
350,225,97,962,271,186,894,0
84,186,134,938,306,213,485,0
"11,294",133,101,703,484,137,"1,101",0
216,122,63,960,88,51,-72,0
"4,044",181,66,"1,017",462,91,"2,075",0
"1,310",88,48,380,290,79,499,0
554,228,127,"1,249",308,126,524,0
322,118,72,327,367,264,261,0
459,77,57,666,129,56,287,0
646,109,84,"2,756",190,146,"1,042",0
"2,974",609,163,658,869,169,"1,661",0
"2,120",314,194,"1,197",557,316,"2,053",0
335,350,113,972,304,165,294,0
877,288,124,"1,395",355,259,"1,512",0
"1,566",515,158,232,594,192,"1,079",0
390,"1,027",215,"1,087",336,247,"2,571",0
"6,093",400,68,"1,103",365,96,"1,137",0
"1,297",502,75,"1,723",200,61,"2,315",1
"1,483",612,116,"1,261",634,138,"1,134",1
740,943,89,"2,714",312,237,"2,535",1
"3,404",858,161,"1,407",489,319,"2,048",1
"1,280","1,073",128,"2,361",406,442,"3,221",1
697,225,44,"1,020",271,37,834,1
"1,040",404,46,943,419,31,"1,153",1
"1,105","1,999",106,"1,774",583,238,"5,563",1
"4,673",655,114,684,583,251,"2,532",1
658,898,135,"1,880",315,260,174,1
-124,"3,999",-2,541,110,599,"4,646",1
"1,889",536,59,"1,026",365,151,"2,636",1
191,739,95,829,235,167,"1,096",1
"5,661",638,105,788,401,257,"1,354",1
401,586,114,843,244,364,753,1
"1,609",722,100,"1,575",661,105,771,1
234,206,55,"1,332",158,168,392,1
896,536,52,"1,490",268,165,925,1
"1,368",563,86,"1,646",375,127,"1,495",1
650,666,83,"1,549",333,169,"1,595",1
"3,380","1,433",150,"1,668",846,513,"2,246",1
"1,246",245,49,"1,068",261,141,"1,441",1
"1,275",170,154,736,390,116,"2,494",1
"1,457",604,37,"1,637",304,123,566,1
916,513,150,"1,194",515,191,830,1
"1,265",414,166,"1,454",856,186,"1,295",1
"1,139",301,73,"2,102",330,84,684,1
"1,176",700,153,"1,700",951,300,"2,159",1
"1,574",468,97,"1,350",471,136,"1,973",1
"1,475",516,138,"1,560",858,177,"1,111",1
"6,064",664,72,"1,768",629,151,"2,836",1
"2,923",98,83,927,625,73,164,1
"1,419",405,79,"1,739",435,67,"1,489",1
"2,664",511,62,"1,573",698,32,"2,618",1
111,40,124,"2,194",851,109,851,1
160,205,13,733,107,8,813,1
702,264,34,948,78,119,780,1
"3,993",171,85,"1,195",734,73,"3,349",1
"2,535",734,194,754,682,307,"1,348",1
"1,654",99,51,"1,564",425,44,669,1
"1,927",117,86,"1,586",389,177,"1,118",1
"2,754",322,68,"1,196",352,66,"1,326",1
345,310,85,994,664,163,399,1
360,461,78,826,288,137,"2,380",1
448,318,88,"1,790",268,175,"1,009",1
"7,705",939,118,"1,325",719,210,862,1
"2,525",296,146,"1,870",853,118,675,1
"2,516",582,119,"1,087",910,89,788,1
"1,871",73,123,"1,172",463,68,"1,046",1
"1,057",144,60,673,506,93,"1,945",1
"2,489",275,65,797,499,98,"1,637",1
"1,858",262,30,769,761,-10,816,1
280,54,105,"2,449",792,130,654,1
"2,149","1,191",219,"1,814",421,248,"5,464",1
414,75,82,"1,336",245,87,758,1
"1,638",339,108,"2,035","1,436",81,"1,015",1
"3,534",122,59,"1,785",940,91,"2,010",1
"2,205",257,112,461,527,189,728,1
391,-100,61,"1,392",245,89,931,1
"2,916",967,106,"2,180",559,164,"1,144",1
"1,247",696,99,"1,740",381,155,"1,390",1
"3,733",464,108,"1,526",699,194,"5,600",1
944,79,45,"1,385",272,128,534,1
"5,357",414,112,920,551,132,745,1
"1,335",65,-18,"2,276",304,2,"1,522",1
"2,260",225,73,"2,138",535,102,"2,529",1
"2,771",692,173,"2,812",710,345,"1,950",1
"1,332",96,77,833,234,98,831,1
"1,735",207,89,"1,266",421,167,687,1
"3,751",408,108,"1,438",593,141,"2,300",1
"1,363",636,62,"1,488",406,93,"1,445",1
"5,398",473,70,"1,063",523,196,"1,434",1
"1,155",99,44,878,210,33,"1,687",1
"2,044",176,109,680,624,171,688,1
"1,408",296,131,"1,167",404,228,"1,434",1